code_module;code_presentation;id_student;gender;region;highest_education;num_of_prev_attempts;studied_credits;disability;imd_band_numeric;age_0-35;age_35-55;age_55<=;weighted_grade;pass_rate;exam_taken;exam_score_filled;date;sum_click;withdrawn
GGG;2014B;626317;F;South West Region;Lower Than A Level;0;30;Y;45.0;False;True;False;0.0;0.3333333333333333;0.0;0.0;68.55700229312284;2.4163881110400633;0
BBB;2013J;105527;F;Scotland;HE Qualification;0;120;N;45.0;False;True;False;0.0;1.0;0.0;0.0;135.83946908238687;1.6081780370341756;0
FFF;2014J;648190;M;North Region;Lower Than A Level;0;120;N;15.0;True;False;False;0.0;0.08333333333333333;0.0;0.0;-2.0496031746031744;1.7921957671957673;0
FFF;2014J;590381;M;East Anglian Region;Lower Than A Level;0;120;N;25.0;True;False;False;0.0;0.0;0.0;0.0;0.0;0.0;1
DDD;2014B;626979;M;East Anglian Region;Lower Than A Level;0;60;N;95.0;True;False;False;0.0;0.6666666666666666;1.0;47.0;126.18753135114653;2.2632874992581637;0
BBB;2013J;593694;F;Ireland;Lower Than A Level;0;60;N;55.0;False;True;False;0.0;1.0;0.0;0.0;128.14705934404068;1.78876247762741;0
FFF;2014J;696662;F;South West Region;A Level or Equivalent;0;120;N;65.0;True;False;False;0.0;1.0;0.0;0.0;113.91400524705107;2.924620162398122;0
DDD;2013B;533731;M;South West Region;Lower Than A Level;0;60;N;25.0;True;False;False;0.0;0.6377753701697364;0.5652582159624413;31.854460093896712;янв.75;1.4583333333333333;0
BBB;2013J;531384;F;Scotland;Lower Than A Level;0;60;N;55.0;True;False;False;0.0;0.9090909090909091;0.0;0.0;133.0141305122761;1.8578073469374794;0
BBB;2013J;535269;F;London Region;A Level or Equivalent;1;60;N;25.0;True;False;False;0.0;0.2727272727272727;0.0;0.0;1.3131313131313131;1.6464646464646464;0
DDD;2014J;303341;F;North Western Region;Lower Than A Level;0;120;N;5.0;False;True;False;0.0;0.0;0.0;0.0;0.0;0.0;1
FFF;2013B;497897;F;West Midlands Region;No Formal quals;1;120;N;15.0;True;False;False;0.0;0.5;0.0;0.0;66.83702273421024;5.030433386058386;0
FFF;2013J;606496;M;Scotland;Post Graduate Qualification;0;90;N;75.0;False;True;False;0.0;0.08333333333333333;0.0;0.0;5.56937587535014;3.972852474323062;0
DDD;2014J;586946;F;West Midlands Region;A Level or Equivalent;1;60;N;85.0;True;False;False;0.0;1.0;1.0;69.0;162.6058793139434;1.6319038862474455;0
CCC;2014J;152626;M;North Western Region;Lower Than A Level;0;120;N;5.0;False;True;False;0.0;0.0;0.0;0.0;0.0;0.0;1
BBB;2014B;620092;F;East Midlands Region;A Level or Equivalent;0;60;N;85.0;True;False;False;0.0;1.0;0.0;0.0;92.14470102001351;1.990126395063895;0
DDD;2013J;562287;F;North Western Region;A Level or Equivalent;0;60;Y;5.0;True;False;False;0.0;0.0;0.0;0.0;0.0;0.0;1
DDD;2014B;1033968;F;Wales;No Formal quals;1;60;N;5.0;False;True;False;0.0;0.0;0.0;0.0;0.0;0.0;1
GGG;2014J;642949;M;London Region;Lower Than A Level;0;30;N;35.0;True;False;False;0.0;1.0;0.0;0.0;104.7015873015873;3.1402777777777775;0
FFF;2014B;131538;M;West Midlands Region;A Level or Equivalent;0;60;N;75.0;True;False;False;0.0;1.0;0.0;0.0;83.35524118738404;3.3878949594466836;0
EEE;2014J;691078;M;Wales;Lower Than A Level;0;30;N;75.0;False;True;False;0.0;1.0;0.0;0.0;78.67602303523036;4.042427409988386;0
DDD;2014J;678605;M;South Region;Lower Than A Level;0;150;N;45.0;False;True;False;0.0;1.0;1.0;47.0;92.31425126616303;1.754304176215941;0
FFF;2013B;533458;M;North Western Region;A Level or Equivalent;0;120;N;5.0;True;False;False;0.0;0.0;0.0;0.0;0.0;0.0;1
BBB;2013J;243851;F;East Midlands Region;A Level or Equivalent;0;60;Y;5.0;True;False;False;0.0;1.0;0.0;0.0;106.05792895613855;1.8892392354557934;0
FFF;2013J;558284;M;Ireland;Lower Than A Level;0;150;Y;65.0;True;False;False;0.0;0.0;0.0;0.0;0.0;0.0;1
FFF;2014J;345271;M;North Region;A Level or Equivalent;1;60;N;35.0;False;True;False;0.0;1.0;0.0;0.0;74.21991506333224;4.4892006179730295;0
FFF;2013J;574283;M;South Region;A Level or Equivalent;0;120;N;25.0;False;True;False;0.0;1.0;0.0;0.0;72.9729912344486;3.976566430108671;0
CCC;2014B;281261;M;Ireland;HE Qualification;0;30;N;85.0;True;False;False;0.0;0.0;0.0;0.0;0.0;0.0;1
FFF;2013J;521255;M;London Region;Lower Than A Level;0;120;N;75.0;True;False;False;0.0;0.0;0.0;0.0;0.0;0.0;1
BBB;2013B;2301111;F;Scotland;HE Qualification;1;60;N;15.0;True;False;False;0.0;0.0;0.0;0.0;0.0;0.0;1
EEE;2014B;623562;M;West Midlands Region;A Level or Equivalent;0;60;Y;75.0;True;False;False;0.0;1.0;0.0;0.0;75.05638422980527;3.4177297410192145;0
DDD;2014J;2570274;M;North Western Region;A Level or Equivalent;0;60;N;65.0;False;True;False;0.0;1.0;1.0;78.0;101.34908084322461;1.7009375825352124;0
DDD;2013B;532491;M;West Midlands Region;A Level or Equivalent;0;60;N;47.11;True;False;False;0.0;1.0;1.0;49.0;67.34770121746395;1.502552100034739;0
FFF;2013B;485544;M;West Midlands Region;HE Qualification;0;150;N;5.0;True;False;False;0.0;0.9166666666666666;0.0;0.0;110.81051564733545;4.1619896590012555;0
CCC;2014B;620376;M;South Region;Lower Than A Level;0;60;N;45.0;True;False;False;0.0;0.0;0.0;0.0;0.0;0.0;1
GGG;2014B;508924;F;East Anglian Region;HE Qualification;0;30;N;85.0;False;True;False;0.0;1.0;0.0;0.0;123.58632782312029;1.7181061077287492;0
FFF;2013J;587594;M;Scotland;A Level or Equivalent;0;60;N;75.0;True;False;False;0.0;1.0;0.0;0.0;102.72341480209772;3.8799963342662003;0
BBB;2014J;579201;F;Yorkshire Region;A Level or Equivalent;0;60;N;15.0;False;True;False;0.0;0.0;0.0;0.0;0.0;0.0;1
BBB;2014B;468529;F;South Region;Lower Than A Level;0;120;N;75.0;True;False;False;0.0;0.0;0.0;0.0;0.0;0.0;1
BBB;2013B;360489;F;West Midlands Region;A Level or Equivalent;0;240;Y;5.0;True;False;False;0.0;0.0;0.0;0.0;0.0;0.0;1
EEE;2014B;511199;M;South Region;A Level or Equivalent;0;30;N;45.0;False;True;False;0.0;1.0;0.0;0.0;71.61318343532581;4.206350451019568;0
DDD;2013B;552030;F;South West Region;Lower Than A Level;0;60;N;85.0;True;False;False;0.0;0.0;0.0;0.0;0.0;0.0;1
BBB;2013J;507387;F;East Anglian Region;A Level or Equivalent;0;60;N;55.0;True;False;False;0.0;0.2727272727272727;0.0;0.0;35.972486772486775;1.391358024691358;0
FFF;2013J;561068;M;South East Region;Lower Than A Level;0;60;N;55.0;True;False;False;0.0;0.4166666666666667;0.0;0.0;71.72374433078657;2.08853478290098;0
BBB;2013B;482710;M;West Midlands Region;A Level or Equivalent;0;60;N;75.0;False;True;False;0.0;0.9090909090909091;0.0;0.0;96.39567173023055;2.913619550384256;0
FFF;2014J;615328;F;Wales;A Level or Equivalent;0;60;N;15.0;True;False;False;0.0;0.0;0.0;0.0;0.0;0.0;1
BBB;2014B;559090;F;South East Region;No Formal quals;0;60;N;65.0;True;False;False;0.0;0.0;0.0;0.0;0.0;0.0;1
BBB;2013B;536452;F;Wales;A Level or Equivalent;0;60;N;95.0;True;False;False;0.0;1.0;0.0;0.0;126.68638888888889;1.263779761904762;0
CCC;2014J;615242;M;East Anglian Region;Lower Than A Level;0;30;N;5.0;True;False;False;0.0;0.0;0.0;0.0;-5.866253471516629;1.7352164194269457;0
BBB;2013B;557938;F;London Region;No Formal quals;0;60;N;25.0;True;False;False;0.0;0.0;0.0;0.0;0.0;0.0;1
FFF;2013B;483743;M;South West Region;Lower Than A Level;1;150;N;75.0;True;False;False;0.0;0.7267809384877219;0.0;0.0;2.8205128205128207;1.6923076923076923;0
CCC;2014J;688776;M;East Midlands Region;A Level or Equivalent;0;120;Y;85.0;True;False;False;0.0;0.0;0.0;0.0;0.0;0.0;1
CCC;2014J;1744800;M;Scotland;HE Qualification;1;150;N;15.0;False;True;False;0.0;0.0;0.0;0.0;0.0;0.0;1
BBB;2014J;696799;F;London Region;HE Qualification;0;60;N;25.0;True;False;False;0.0;0.2;0.0;0.0;52.42857142857143;1.4285714285714286;0
DDD;2014J;572722;F;South Region;A Level or Equivalent;0;60;N;25.0;True;False;False;0.0;0.0;0.0;0.0;0.0;0.0;1
BBB;2014B;632847;F;East Anglian Region;Lower Than A Level;0;60;N;45.0;False;True;False;0.0;0.0;0.0;0.0;0.0;0.0;1
FFF;2013J;518544;M;South Region;Lower Than A Level;1;120;N;85.0;True;False;False;0.0;1.0;0.0;0.0;139.23869382571803;3.598693255277948;0
FFF;2013J;607794;M;South Region;A Level or Equivalent;0;150;N;95.0;False;True;False;0.0;1.0;0.0;0.0;99.02638748770032;3.1921819221252385;0
BBB;2013J;612757;M;North Region;HE Qualification;0;120;N;85.0;False;True;False;0.0;0.9090909090909091;0.0;0.0;108.19760692258733;1.7013776639374307;0
EEE;2013J;66713;M;South Region;A Level or Equivalent;0;60;N;95.0;True;False;False;0.0;1.0;0.0;0.0;81.03921156623703;4.8226885913174184;0
CCC;2014B;537606;F;London Region;A Level or Equivalent;0;60;N;65.0;True;False;False;0.0;0.25;0.0;0.0;22.024052284390628;1.895565482971498;0
GGG;2014B;631756;M;Yorkshire Region;Lower Than A Level;0;30;Y;5.0;True;False;False;0.0;0.0;0.0;0.0;70.30303030303031;1.3383838383838382;0
BBB;2014J;600387;F;North Region;A Level or Equivalent;0;60;N;47.115494568324756;True;False;False;0.0;0.8;0.0;0.0;107.74256480932263;2.5295312716797094;0
BBB;2013B;341235;M;South Region;Lower Than A Level;0;60;N;55.0;True;False;False;0.0;0.0;0.0;0.0;0.0;0.0;1
DDD;2013J;468927;M;Scotland;A Level or Equivalent;0;90;N;95.0;True;False;False;0.0;1.0;1.0;62.0;102.5451421176985;1.423499099063009;0
BBB;2013B;477734;F;East Anglian Region;No Formal quals;0;120;N;45.0;True;False;False;0.0;1.0;0.0;0.0;80.52824595815231;1.4224968907193971;0
FFF;2014J;607533;F;South West Region;Lower Than A Level;1;90;N;15.0;True;False;False;0.0;0.0;0.0;0.0;0.0;0.0;1
FFF;2014J;652788;M;South Region;Lower Than A Level;0;60;N;35.0;True;False;False;0.0;1.0;0.0;0.0;95.68956652463693;2.8269483039375585;0
DDD;2014B;2611371;M;West Midlands Region;Lower Than A Level;1;150;Y;25.0;True;False;False;0.0;0.6666666666666666;1.0;38.0;85.90809206560705;1.8717786403924217;0
FFF;2014J;2702660;F;London Region;Lower Than A Level;0;240;N;55.0;True;False;False;0.0;0.0;0.0;0.0;0.0;0.0;1
DDD;2013J;573646;M;North Western Region;A Level or Equivalent;0;120;N;25.0;True;False;False;0.0;0.0;0.0;0.0;0.0;0.0;1
BBB;2014B;478317;F;Scotland;Lower Than A Level;2;90;N;5.0;True;False;False;0.0;0.7272727272727273;0.0;0.0;117.90308183879613;2.4297464440321583;0
CCC;2014J;563321;M;South Region;HE Qualification;0;60;N;75.0;True;False;False;0.0;0.875;1.0;62.0;129.2558201058201;2.664021164021164;0
EEE;2013J;585433;M;Scotland;HE Qualification;0;60;N;85.0;True;False;False;0.0;1.0;0.0;0.0;91.82126867283272;3.001650790025914;0
DDD;2014J;601488;M;North Western Region;Lower Than A Level;1;60;N;25.0;True;False;False;0.0;1.0;1.0;64.0;70.77003157099007;2.167640936899286;0
FFF;2013B;541349;M;Ireland;Lower Than A Level;0;120;N;47.115494568324756;False;True;False;0.0;1.0;0.0;0.0;102.24687010908913;2.982291077624856;0
GGG;2013J;609535;F;West Midlands Region;A Level or Equivalent;0;30;N;5.0;False;True;False;0.0;0.1111111111111111;0.0;0.0;64.37083333333334;янв.75;0
GGG;2013J;606435;M;South West Region;Lower Than A Level;0;30;N;15.0;True;False;False;0.0;1.0;0.0;0.0;184.1971153846154;3.487980769230769;0
FFF;2014J;2256134;F;Scotland;HE Qualification;0;60;Y;25.0;True;False;False;0.0;0.0;0.0;0.0;0.0;0.0;1
AAA;2013J;155550;M;London Region;A Level or Equivalent;0;420;N;5.0;False;True;False;май.25;1.0;0.0;0.0;123.1598054183915;3.3840182532049914;0
BBB;2013B;379402;F;Ireland;A Level or Equivalent;1;105;N;85.0;True;False;False;0.0;0.2727272727272727;0.0;0.0;41.366547619047616;2.970595238095238;0
BBB;2014J;613135;M;South West Region;A Level or Equivalent;0;60;N;95.0;False;True;False;0.0;0.6;0.0;0.0;53.0623076923077;1.9184249084249083;0
GGG;2014B;604482;M;North Region;Lower Than A Level;1;60;N;15.0;False;True;False;0.0;0.0;0.0;0.0;0.0;0.0;0
FFF;2014J;651972;F;Ireland;Lower Than A Level;0;60;N;65.0;False;True;False;0.0;0.08333333333333333;0.0;0.0;54.00481502669718;1.8978778467908903;0
BBB;2014B;621937;F;London Region;A Level or Equivalent;0;60;N;15.0;False;True;False;0.0;0.09090909090909091;0.0;0.0;9.225;янв.15;0
FFF;2014J;623765;F;North Western Region;A Level or Equivalent;0;60;N;55.0;True;False;False;0.0;1.0;0.0;0.0;110.99212899898151;2.8821154662816033;0
BBB;2014B;2002415;F;London Region;A Level or Equivalent;0;120;N;75.0;False;True;False;0.0;0.9090909090909091;0.0;0.0;129.1026722682146;2.2496965022611;0
BBB;2013J;588642;F;London Region;A Level or Equivalent;0;120;N;5.0;True;False;False;0.0;1.0;0.0;0.0;69.81449735449736;2.3792460317460313;0
FFF;2014B;599398;M;South Region;Lower Than A Level;0;120;N;95.0;True;False;False;0.0;1.0;0.0;0.0;99.99847418671726;2.862383111198105;0
DDD;2013B;307291;F;Ireland;A Level or Equivalent;0;60;N;95.0;True;False;False;0.0;0.0;0.0;0.0;0.0;0.0;1
CCC;2014J;586261;M;London Region;Lower Than A Level;0;60;N;75.0;False;True;False;0.0;0.625;1.0;54.0;133.21516267761075;2.703541666191302;0
BBB;2014J;586502;F;West Midlands Region;Lower Than A Level;0;60;N;5.0;False;True;False;0.0;0.8;0.0;0.0;86.8484757715752;2.6427356377648774;0
DDD;2013B;556030;M;East Midlands Region;HE Qualification;0;60;N;35.0;True;False;False;0.0;0.3076923076923077;0.0;0.0;17.6396606538116;1.370794457115212;0
FFF;2013J;533523;M;East Midlands Region;A Level or Equivalent;0;90;N;65.0;True;False;False;0.0;0.9166666666666666;0.0;0.0;93.33640483911358;3.615035936698258;0
FFF;2014J;678628;M;London Region;A Level or Equivalent;0;120;N;15.0;True;False;False;0.0;1.0;0.0;0.0;115.69474914586264;3.614092238912641;0
BBB;2013J;607804;M;Scotland;A Level or Equivalent;0;60;N;95.0;False;True;False;0.0;1.0;0.0;0.0;79.15858792740512;2.1356389031120213;0
FFF;2013B;555144;M;South West Region;Lower Than A Level;0;120;N;55.0;False;True;False;0.0;1.0;0.0;0.0;75.13378997140602;3.7146526454684072;0
BBB;2014J;433939;F;Yorkshire Region;Lower Than A Level;1;60;N;55.0;False;True;False;0.0;0.4;0.0;0.0;53.41858363858364;1.7892521367521368;0
FFF;2013B;290252;M;Yorkshire Region;HE Qualification;0;60;N;55.0;True;False;False;0.0;0.0;0.0;0.0;0.0;0.0;1
BBB;2013J;582243;F;South West Region;Lower Than A Level;0;60;N;75.0;False;True;False;0.0;0.0;0.0;0.0;0.0;0.0;1
CCC;2014J;165733;M;Scotland;A Level or Equivalent;1;30;Y;25.0;True;False;False;0.0;0.0;0.0;0.0;0.0;0.0;1
GGG;2013J;593858;F;London Region;Lower Than A Level;0;30;N;75.0;False;True;False;0.0;0.8888888888888888;0.0;0.0;138.71160178474008;3.3725547502143245;0
FFF;2013J;598294;M;London Region;HE Qualification;0;60;N;15.0;True;False;False;0.0;1.0;0.0;0.0;61.64117385308035;4.3452189681123885;0
EEE;2014B;623780;M;Scotland;Lower Than A Level;0;60;N;75.0;True;False;False;0.0;1.0;0.0;0.0;84.0134991859992;3.571082576843446;0
FFF;2013J;601074;M;East Anglian Region;A Level or Equivalent;0;90;N;85.0;True;False;False;0.0;0.0;0.0;0.0;0.0;0.0;1
BBB;2014B;360190;F;South West Region;Lower Than A Level;1;180;N;55.0;True;False;False;0.0;0.45454545454545453;0.0;0.0;69.4675925925926;1.7361111111111112;0
DDD;2014B;2527077;F;Scotland;HE Qualification;0;60;N;65.0;False;True;False;0.0;0.16666666666666666;0.0;0.0;9.210696693657221;2.272153549172706;0
FFF;2013B;383558;M;East Anglian Region;A Level or Equivalent;0;60;N;85.0;False;True;False;0.0;0.3333333333333333;0.0;0.0;53.13331304617713;2.7092233817961975;0
DDD;2014J;1811098;M;West Midlands Region;A Level or Equivalent;0;120;N;65.0;False;False;True;0.0;0.0;0.0;0.0;0.0;0.0;1
BBB;2013J;606355;F;Yorkshire Region;A Level or Equivalent;0;120;N;55.0;False;True;False;0.0;0.0;0.0;0.0;0.0;0.0;1
BBB;2014B;394067;F;West Midlands Region;Lower Than A Level;0;90;N;75.0;True;False;False;0.0;1.0;0.0;0.0;107.04434523809523;1.7223958333333333;0
DDD;2013B;556165;M;Wales;Lower Than A Level;0;60;N;45.0;True;False;False;0.0;0.9230769230769231;1.0;33.0;65.10802572830296;1.7639949395558499;0
BBB;2013J;2271743;F;Wales;A Level or Equivalent;1;180;Y;5.0;True;False;False;0.0;0.0;0.0;0.0;0.0;0.0;1
BBB;2014B;625713;F;South East Region;Lower Than A Level;0;120;N;25.0;False;True;False;0.0;0.8181818181818182;0.0;0.0;119.5354377104377;1.7831649831649832;0
AAA;2014J;527100;M;West Midlands Region;HE Qualification;0;120;N;75.0;True;False;False;0.0;1.0;0.0;0.0;111.86951272933416;2.9363432367896656;0
DDD;2014J;2423655;F;Scotland;A Level or Equivalent;1;60;Y;15.0;True;False;False;0.0;0.6666666666666666;0.0;0.0;76.33256102212053;2.510453216374269;0
FFF;2013J;599776;M;South Region;Lower Than A Level;0;90;N;75.0;True;False;False;0.0;0.0;0.0;0.0;0.0;0.0;1
CCC;2014J;627290;M;South East Region;Lower Than A Level;0;30;N;85.0;True;False;False;0.0;0.5929054054054054;0.5845845845845846;39.888888888888886;84.7875;1.4083333333333332;0
DDD;2014B;631131;M;East Midlands Region;A Level or Equivalent;0;120;N;85.0;True;False;False;0.0;1.0;1.0;71.0;121.98235912241377;2.003570070564081;0
GGG;2014B;350473;F;West Midlands Region;A Level or Equivalent;0;30;Y;15.0;True;False;False;0.0;0.0;0.0;0.0;0.0;0.0;0
FFF;2014J;647525;M;South West Region;Lower Than A Level;0;60;N;95.0;True;False;False;0.0;0.0;0.0;0.0;0.0;0.0;1
DDD;2014J;685964;M;North Region;Lower Than A Level;0;120;N;47.115494568324756;True;False;False;0.0;1.0;1.0;91.0;83.12151439006976;1.2938929785684674;0
BBB;2014J;554599;F;Wales;A Level or Equivalent;1;60;Y;5.0;True;False;False;0.0;1.0;0.0;0.0;87.25946067821067;1.8106511544011543;0
CCC;2014J;609891;M;West Midlands Region;A Level or Equivalent;0;60;N;55.0;True;False;False;0.0;0.625;1.0;30.0;127.58727668180622;3.4361677749327835;0
BBB;2014J;305909;F;South Region;A Level or Equivalent;0;60;N;65.0;False;True;False;0.0;1.0;0.0;0.0;89.81183225401318;2.9538485339677485;0
EEE;2014B;485920;M;East Anglian Region;Lower Than A Level;0;30;N;65.0;True;False;False;0.0;1.0;0.0;0.0;104.0072480531787;4.7603500772463745;0
FFF;2013J;88781;M;South East Region;A Level or Equivalent;1;60;N;65.0;True;False;False;0.0;0.3333333333333333;0.0;0.0;78.92568116489086;3.0457339090815356;0
BBB;2014B;630999;F;South West Region;A Level or Equivalent;0;120;N;95.0;True;False;False;0.0;0.0;0.0;0.0;0.0;0.0;1
CCC;2014J;694807;M;South Region;HE Qualification;0;60;N;95.0;True;False;False;0.0;0.0;0.0;0.0;0.0;0.0;1
FFF;2014J;649523;M;North Western Region;Lower Than A Level;0;120;N;5.0;True;False;False;0.0;0.0;0.0;0.0;0.0;0.0;1
FFF;2014J;686558;M;East Midlands Region;A Level or Equivalent;0;120;N;55.0;True;False;False;0.0;1.0;0.0;0.0;124.94809178369232;2.7776536131919505;0
BBB;2014J;645052;F;West Midlands Region;Lower Than A Level;0;120;N;45.0;False;True;False;0.0;0.0;0.0;0.0;0.0;0.0;1
EEE;2013J;559645;M;North Region;HE Qualification;0;60;N;55.0;True;False;False;0.0;0.8558041112454655;0.0;0.0;2.2002136752136754;3.5164440883190884;0
BBB;2014J;646636;F;London Region;Lower Than A Level;0;60;N;15.0;False;True;False;0.0;0.0;0.0;0.0;0.0;0.0;1
FFF;2014B;1892879;M;London Region;Lower Than A Level;0;120;N;35.0;False;True;False;0.0;0.6897457158651188;0.0;0.0;-8.0;2.0;0
DDD;2014J;253579;M;North Region;A Level or Equivalent;1;120;N;15.0;True;False;False;0.0;0.16666666666666666;0.0;0.0;13.115638528138529;1.3056547619047618;0
EEE;2014J;677711;M;Scotland;A Level or Equivalent;0;30;Y;45.0;True;False;False;0.0;0.8505347593582888;0.0;0.0;18.064978354978358;8.775454545454545;0
DDD;2013J;2569051;F;South Region;HE Qualification;0;60;N;55.0;False;True;False;0.0;0.8333333333333334;1.0;24.0;89.79629966327401;2.149235552935228;0
DDD;2014J;634305;F;Wales;Lower Than A Level;0;120;N;25.0;False;True;False;0.0;1.0;1.0;51.0;85.59212779228832;1.3895611522720734;0
BBB;2013B;311042;F;East Anglian Region;Lower Than A Level;3;180;N;25.0;True;False;False;0.0;0.0;0.0;0.0;0.0;0.0;1
BBB;2013J;579256;F;London Region;A Level or Equivalent;0;60;N;15.0;True;False;False;0.0;0.0;0.0;0.0;0.0;0.0;1
FFF;2013J;580771;M;South West Region;Lower Than A Level;0;120;N;75.0;True;False;False;0.0;0.0;0.0;0.0;0.0;0.0;1
CCC;2014B;629887;M;North Western Region;HE Qualification;0;60;N;25.0;True;False;False;0.0;0.0;0.0;0.0;0.0;0.0;1
DDD;2014B;613370;M;South East Region;A Level or Equivalent;0;60;N;85.0;True;False;False;0.0;0.8333333333333334;1.0;82.0;100.89400471226178;1.631918770617074;0
EEE;2014J;603108;M;East Anglian Region;A Level or Equivalent;0;120;N;85.0;True;False;False;0.0;1.0;0.0;0.0;87.55821065852302;4.285261579763868;0
BBB;2014J;602865;F;London Region;A Level or Equivalent;0;60;N;15.0;True;False;False;0.0;0.8;0.0;0.0;97.91156026080002;2.6274347753844194;0
DDD;2014J;356561;F;Scotland;A Level or Equivalent;0;90;N;85.0;True;False;False;0.0;0.8333333333333334;1.0;36.0;113.33176741022393;2.287349794973501;0
BBB;2013J;443108;F;East Midlands Region;A Level or Equivalent;1;60;N;25.0;True;False;False;0.0;0.5454545454545454;0.0;0.0;80.53880620446105;1.9133741384040397;0
EEE;2014J;650849;F;Scotland;HE Qualification;0;60;N;75.0;True;False;False;0.0;0.0;0.0;0.0;0.0;0.0;1
FFF;2013J;586925;M;West Midlands Region;Lower Than A Level;0;60;Y;15.0;True;False;False;0.0;0.3333333333333333;0.0;0.0;21.15097402597403;3.0334776334776334;0
EEE;2013J;141301;M;West Midlands Region;Lower Than A Level;0;150;N;15.0;True;False;False;0.0;0.0;0.0;0.0;0.0;0.0;1
BBB;2014B;633650;F;South West Region;A Level or Equivalent;0;60;Y;85.0;True;False;False;0.0;0.9090909090909091;0.0;0.0;123.20191022427865;1.7416939785360837;0
DDD;2013J;180651;M;Yorkshire Region;Lower Than A Level;0;60;N;75.0;True;False;False;0.0;1.0;1.0;76.0;110.27831513679;1.5030173233256598;0
BBB;2013B;541985;F;South Region;A Level or Equivalent;0;60;N;65.0;True;False;False;0.0;0.0;0.0;0.0;0.0;0.0;1
CCC;2014B;529434;M;East Anglian Region;Lower Than A Level;0;30;N;85.0;True;False;False;0.0;0.75;1.0;48.0;76.87703595539274;2.1239332043040484;0
FFF;2014B;594909;M;North Western Region;A Level or Equivalent;0;60;N;45.0;True;False;False;0.0;0.8333333333333334;0.0;0.0;126.61609952826159;3.9871484478959047;0
DDD;2014J;475908;F;West Midlands Region;Lower Than A Level;0;60;N;45.0;True;False;False;0.0;1.0;1.0;27.0;110.73928742127757;1.5530271376172187;0
FFF;2014J;677111;F;West Midlands Region;Lower Than A Level;0;120;N;25.0;True;False;False;0.0;1.0;0.0;0.0;94.73885056848827;2.9954595393620487;0
EEE;2013J;600335;M;Yorkshire Region;A Level or Equivalent;0;60;N;25.0;True;False;False;0.0;1.0;0.0;0.0;98.45146108371914;3.590424834495043;0
FFF;2014J;688225;M;Scotland;Lower Than A Level;0;60;N;45.0;True;False;False;0.0;0.3333333333333333;0.0;0.0;40.81188952134364;4.672557742890022;0
BBB;2014B;97006;F;East Anglian Region;A Level or Equivalent;1;60;N;65.0;False;True;False;0.0;0.8181818181818182;0.0;0.0;98.6615515771526;2.370843989769821;0
GGG;2014B;2577437;F;East Midlands Region;Lower Than A Level;0;30;N;45.0;True;False;False;0.0;0.0;0.0;0.0;0.0;0.0;1
EEE;2013J;593924;M;London Region;A Level or Equivalent;0;60;N;95.0;True;False;False;0.0;1.0;0.0;0.0;95.35886373524427;4.219049690761822;0
CCC;2014B;487494;M;South Region;No Formal quals;0;60;N;55.0;True;False;False;0.0;0.0;0.0;0.0;0.0;0.0;1
CCC;2014B;589108;M;South East Region;Lower Than A Level;0;90;Y;25.0;True;False;False;0.0;0.0;0.0;0.0;0.0;0.0;1
DDD;2014B;46753;F;East Anglian Region;A Level or Equivalent;0;60;N;65.0;False;True;False;0.0;0.6666666666666666;1.0;36.0;69.45311423011465;2.392596004651468;0
FFF;2014J;489493;F;North Western Region;A Level or Equivalent;0;60;N;5.0;True;False;False;0.0;0.0;0.0;0.0;0.0;0.0;1
FFF;2014J;2550534;M;South East Region;A Level or Equivalent;0;60;N;65.0;True;False;False;0.0;0.0;0.0;0.0;0.0;0.0;1
FFF;2013J;2411773;M;Wales;A Level or Equivalent;0;60;N;55.0;True;False;False;0.0;1.0;0.0;0.0;94.45598066082181;5.183345824106171;0
FFF;2013J;578492;M;East Anglian Region;Lower Than A Level;0;90;N;35.0;True;False;False;0.0;0.75;0.0;0.0;89.54474579839643;3.6983632646795086;0
GGG;2013J;581485;F;North Western Region;A Level or Equivalent;0;30;N;15.0;False;True;False;0.0;0.8888888888888888;0.0;0.0;140.36803890563488;2.565970334865181;0
FFF;2014J;648037;M;South Region;A Level or Equivalent;0;60;N;45.0;True;False;False;0.0;1.0;0.0;0.0;114.6771388340173;5.849191839099582;0
BBB;2014B;596602;F;Scotland;A Level or Equivalent;0;60;N;75.0;True;False;False;0.0;0.0;0.0;0.0;0.0;0.0;1
BBB;2014J;82611;F;Wales;Lower Than A Level;0;60;N;15.0;True;False;False;0.0;0.0;0.0;0.0;0.0;0.0;1
FFF;2013B;254325;M;East Anglian Region;HE Qualification;0;60;N;85.0;False;True;False;0.0;1.0;0.0;0.0;95.63240168655487;3.194020930981678;0
CCC;2014J;589523;M;East Anglian Region;Lower Than A Level;0;60;Y;85.0;True;False;False;0.0;0.5;1.0;34.0;154.3107911568401;2.970855709539894;0
DDD;2014J;614930;M;London Region;A Level or Equivalent;1;60;N;15.0;True;False;False;0.0;0.0;0.0;0.0;0.0;0.0;1
BBB;2013J;521341;F;South Region;HE Qualification;0;120;Y;95.0;False;True;False;0.0;1.0;0.0;0.0;117.07573750075942;1.7382473261821663;0
FFF;2013B;504741;M;Scotland;HE Qualification;0;75;Y;95.0;False;True;False;0.0;0.0;0.0;0.0;0.0;0.0;1
BBB;2013J;536992;F;South Region;A Level or Equivalent;0;60;N;55.0;True;False;False;0.0;0.9090909090909091;0.0;0.0;106.29772925972435;1.8379487301763924;0
FFF;2013B;249570;F;East Midlands Region;Lower Than A Level;1;150;N;15.0;True;False;False;0.0;0.08333333333333333;0.0;0.0;-0.3055555555555556;1.6925925925925924;0
DDD;2014J;650711;M;Ireland;Lower Than A Level;0;60;N;47.115494568324756;False;True;False;0.0;0.3333333333333333;1.0;33.0;81.4097386505107;1.43610316399287;0
DDD;2014J;147715;F;West Midlands Region;A Level or Equivalent;0;60;N;55.0;True;False;False;0.0;1.0;1.0;29.0;117.87654564622116;1.621217135897109;0
BBB;2014J;675047;F;North Region;HE Qualification;0;60;N;35.0;True;False;False;0.0;0.0;0.0;0.0;0.0;0.0;1
BBB;2013B;542010;M;Wales;A Level or Equivalent;0;120;N;5.0;False;True;False;0.0;0.0;0.0;0.0;0.0;0.0;1
BBB;2013B;555995;F;London Region;Lower Than A Level;0;60;N;5.0;True;False;False;0.0;0.0;0.0;0.0;0.0;0.0;1
FFF;2013J;535529;M;Wales;Lower Than A Level;1;60;N;5.0;True;False;False;0.0;0.0;0.0;0.0;39.07384820913433;2.9298057381150944;0
EEE;2014J;699142;M;North Region;HE Qualification;0;30;N;47.115494568324756;False;True;False;0.0;0.5;0.0;0.0;53.37401179729064;2.573625802841233;0
EEE;2014J;696464;M;South East Region;Lower Than A Level;0;30;N;25.0;True;False;False;0.0;0.0;0.0;0.0;0.0;0.0;1
BBB;2013B;555338;F;South West Region;A Level or Equivalent;0;60;Y;55.0;True;False;False;0.0;0.0;0.0;0.0;0.0;0.0;1
DDD;2013J;344474;M;South West Region;A Level or Equivalent;1;60;N;55.0;True;False;False;0.0;0.5;0.0;0.0;53.22355735397608;2.0964578935022287;0
FFF;2014J;2504129;F;South West Region;Lower Than A Level;0;120;N;5.0;True;False;False;0.0;0.16666666666666666;0.0;0.0;28.31471692558649;1.7051050398876486;0
GGG;2013J;611138;F;London Region;Lower Than A Level;0;30;N;55.0;False;True;False;0.0;0.7931081264414598;0.0;0.0;26.0;2.0;0
FFF;2014J;695964;M;East Anglian Region;Lower Than A Level;0;120;N;45.0;True;False;False;0.0;0.0;0.0;0.0;0.0;0.0;1
DDD;2013J;479848;M;London Region;A Level or Equivalent;0;120;N;25.0;True;False;False;0.0;1.0;1.0;100.0;121.04208149877668;1.3901974626969573;0
DDD;2014J;397894;M;West Midlands Region;A Level or Equivalent;0;60;N;45.0;False;True;False;0.0;0.0;0.0;0.0;0.0;0.0;1
FFF;2014B;2298316;F;South East Region;Lower Than A Level;0;120;N;25.0;True;False;False;0.0;0.0;0.0;0.0;0.0;0.0;1
DDD;2014B;624156;M;West Midlands Region;A Level or Equivalent;0;60;N;5.0;True;False;False;0.0;0.8333333333333334;1.0;73.0;98.30880747730238;1.8279741658568187;0
BBB;2014B;549190;F;West Midlands Region;A Level or Equivalent;0;60;N;5.0;True;False;False;0.0;1.0;0.0;0.0;114.03689492325856;1.809917355371901;0
BBB;2014J;228235;F;Yorkshire Region;A Level or Equivalent;2;60;N;35.0;False;True;False;0.0;0.0;0.0;0.0;0.0;0.0;1
GGG;2013J;268391;F;West Midlands Region;No Formal quals;0;30;N;5.0;True;False;False;0.0;0.8888888888888888;0.0;0.0;144.4462756379423;3.8141420308086973;0
GGG;2013J;567009;M;East Anglian Region;Lower Than A Level;0;45;Y;75.0;False;True;False;0.0;0.8888888888888888;0.0;0.0;109.07800796162346;1.6680168776371307;0
DDD;2013J;599737;F;Scotland;HE Qualification;0;60;N;65.0;True;False;False;0.0;0.6666666666666666;1.0;56.0;79.76081807342523;1.3090514285330277;0
FFF;2013J;592781;M;North Western Region;Lower Than A Level;0;60;N;95.0;True;False;False;0.0;1.0;0.0;0.0;89.01331880735586;2.7816514822897815;0
BBB;2013B;563878;F;East Midlands Region;HE Qualification;0;120;N;55.0;False;True;False;0.0;1.0;0.0;0.0;73.1092159069055;1.9252521304977475;0
CCC;2014J;2595526;M;South West Region;A Level or Equivalent;0;150;N;85.0;False;True;False;0.0;0.0;0.0;0.0;0.0;0.0;1
FFF;2013J;515859;M;East Midlands Region;Lower Than A Level;0;60;N;25.0;True;False;False;0.0;0.16666666666666666;0.0;0.0;46.48736710603974;2.8507948241017296;0
CCC;2014B;2569912;M;Ireland;A Level or Equivalent;0;60;N;47.115494568324756;True;False;False;0.0;0.0;0.0;0.0;0.0;0.0;1
BBB;2014J;675673;F;North Region;A Level or Equivalent;0;60;N;85.0;True;False;False;0.0;0.0;0.0;0.0;0.0;0.0;1
DDD;2014B;576041;M;South West Region;A Level or Equivalent;1;120;N;35.0;True;False;False;0.0;0.8333333333333334;1.0;87.0;90.36147222342873;1.9465952184266375;0
BBB;2013J;310125;F;East Anglian Region;Lower Than A Level;0;60;N;45.0;False;True;False;0.0;0.0;0.0;0.0;0.0;0.0;1
GGG;2014B;613407;F;South East Region;Lower Than A Level;0;30;N;35.0;False;True;False;0.0;0.7735849056603774;0.0;0.0;11.803030303030305;1.946969696969697;0
DDD;2013J;502057;F;London Region;Lower Than A Level;0;120;N;45.0;False;True;False;0.0;0.0;0.0;0.0;0.0;0.0;1
GGG;2014B;109772;F;South Region;A Level or Equivalent;0;30;N;35.0;True;False;False;0.0;1.0;0.0;0.0;146.24503566608828;4.375747059957586;0
DDD;2014B;590410;F;South West Region;A Level or Equivalent;0;120;Y;35.0;True;False;False;0.0;0.0;0.0;0.0;0.0;0.0;1
BBB;2013B;502441;F;South West Region;A Level or Equivalent;0;60;N;85.0;False;True;False;0.0;1.0;0.0;0.0;41.97327026924965;1.5461383633548582;0
DDD;2014J;688284;M;West Midlands Region;Lower Than A Level;0;120;N;95.0;True;False;False;0.0;0.0;0.0;0.0;0.0;0.0;1
BBB;2014J;694616;F;South Region;Lower Than A Level;0;120;N;45.0;True;False;False;0.0;0.0;0.0;0.0;0.0;0.0;1
DDD;2014J;654880;M;North Region;No Formal quals;0;90;N;47.115494568324756;True;False;False;0.0;0.0;0.0;0.0;0.0;0.0;1
FFF;2013J;589295;M;North Region;A Level or Equivalent;0;90;N;15.0;True;False;False;0.0;1.0;0.0;0.0;114.3122681718083;2.952726900877565;0
FFF;2013J;508232;M;South West Region;Lower Than A Level;1;60;N;15.0;True;False;False;0.0;0.0;0.0;0.0;0.0;0.0;1
DDD;2013J;558765;F;Yorkshire Region;Lower Than A Level;0;60;N;25.0;True;False;False;0.0;0.6666666666666666;0.0;0.0;107.97609572591843;1.7230063354472338;0
BBB;2014J;696634;F;South Region;A Level or Equivalent;0;60;Y;75.0;True;False;False;0.0;0.0;0.0;0.0;0.0;0.0;1
CCC;2014J;610033;M;South Region;A Level or Equivalent;0;60;N;55.0;True;False;False;0.0;1.0;1.0;94.0;116.40685241440792;2.0834736166911254;0
GGG;2013J;609912;F;London Region;A Level or Equivalent;0;30;N;35.0;False;True;False;0.0;1.0;0.0;0.0;163.6669633194187;2.7962469078540506;0
DDD;2013J;586317;M;East Midlands Region;Lower Than A Level;0;60;N;35.0;True;False;False;0.0;0.0;0.0;0.0;0.0;0.0;1
GGG;2014B;625544;F;North Region;Lower Than A Level;0;30;N;45.0;True;False;False;0.0;0.8888888888888888;0.0;0.0;73.66628873771731;2.268745275888133;0
BBB;2013J;434585;F;East Anglian Region;A Level or Equivalent;0;90;N;75.0;True;False;False;0.0;1.0;0.0;0.0;127.62293014956059;1.6958878983335504;0
EEE;2014J;575411;M;South West Region;A Level or Equivalent;0;60;N;15.0;False;True;False;0.0;1.0;0.0;0.0;119.37744744290798;5.301197500001328;0
FFF;2013J;470461;M;Scotland;Lower Than A Level;0;60;N;45.0;True;False;False;0.0;0.6666666666666666;0.0;0.0;60.19475681650628;3.870870674908721;0
FFF;2013B;550797;F;North Western Region;A Level or Equivalent;0;60;N;5.0;True;False;False;0.0;0.9166666666666666;0.0;0.0;68.68493105219325;3.381069494664086;0
EEE;2014J;654325;M;Wales;A Level or Equivalent;0;60;N;25.0;True;False;False;0.0;0.0;0.0;0.0;0.0;0.0;1
EEE;2014J;653688;M;North Western Region;A Level or Equivalent;0;60;N;55.0;True;False;False;0.0;1.0;0.0;0.0;105.9757455455742;3.67399942698855;0
FFF;2014B;465421;M;West Midlands Region;HE Qualification;0;60;N;55.0;True;False;False;0.0;1.0;0.0;0.0;122.47240511455611;4.000646650406622;0
DDD;2014J;373280;M;South West Region;A Level or Equivalent;1;120;N;35.0;True;False;False;0.0;0.5;0.0;0.0;90.33333333333333;апр.75;0
BBB;2013J;571779;F;East Midlands Region;A Level or Equivalent;0;60;N;65.0;False;True;False;0.0;1.0;0.0;0.0;111.69832212907752;2.220433263855915;0
GGG;2014B;617700;F;South West Region;A Level or Equivalent;0;30;N;35.0;False;True;False;0.0;1.0;0.0;0.0;115.81141999736182;2.654560743965176;0
FFF;2014J;677206;F;West Midlands Region;A Level or Equivalent;0;60;N;45.0;True;False;False;0.0;1.0;0.0;0.0;119.79167540894679;3.3072470394450706;0
BBB;2013B;421205;F;Wales;Lower Than A Level;0;180;N;75.0;True;False;False;0.0;0.45454545454545453;0.0;0.0;43.791198105853276;1.8952994642649816;0
BBB;2013J;592480;F;Scotland;HE Qualification;0;60;N;15.0;True;False;False;0.0;1.0;0.0;0.0;106.88318777217486;1.7512717901099233;0
FFF;2014B;604293;M;North Western Region;A Level or Equivalent;0;60;N;5.0;False;True;False;0.0;0.9166666666666666;0.0;0.0;113.81800621568894;3.9878218568857604;0
DDD;2013J;574529;F;South West Region;A Level or Equivalent;0;120;N;15.0;True;False;False;0.0;0.3333333333333333;0.0;0.0;33.753653914622326;1.7172745370680116;0
EEE;2014B;622609;M;Yorkshire Region;A Level or Equivalent;0;30;N;15.0;True;False;False;0.0;1.0;0.0;0.0;83.44738279808047;3.221418168394912;0
EEE;2013J;609192;M;Scotland;Lower Than A Level;0;60;N;85.0;True;False;False;0.0;1.0;0.0;0.0;119.46374080298787;2.570056107291401;0
GGG;2013J;590353;F;South Region;A Level or Equivalent;0;30;N;95.0;True;False;False;0.0;0.7777777777777778;0.0;0.0;107.35810047611794;2.914770864594986;0
DDD;2014B;623997;M;North Region;Lower Than A Level;0;60;N;35.0;True;False;False;0.0;0.0;0.0;0.0;0.0;0.0;1
BBB;2013J;502452;F;South West Region;A Level or Equivalent;0;120;N;95.0;False;True;False;0.0;0.0;0.0;0.0;0.0;0.0;1
EEE;2013J;227192;M;London Region;Lower Than A Level;0;60;N;65.0;True;False;False;0.0;1.0;0.0;0.0;94.47567149716103;3.6816525037896755;0
DDD;2013B;548069;M;South East Region;A Level or Equivalent;0;60;N;65.0;True;False;False;0.0;1.0;1.0;78.0;104.28915259730141;1.5698161042353627;0
BBB;2014J;678795;F;Yorkshire Region;A Level or Equivalent;0;120;N;5.0;False;True;False;0.0;0.0;0.0;0.0;0.0;0.0;1
CCC;2014B;511473;F;Scotland;A Level or Equivalent;0;60;N;65.0;True;False;False;0.0;0.5;1.0;84.0;111.54139394444478;3.7032810305235557;0
CCC;2014J;676650;M;North Region;Post Graduate Qualification;0;60;N;47.115494568324756;False;True;False;0.0;1.0;1.0;98.0;95.59907931467711;2.08599242108754;0
FFF;2014J;654671;F;South Region;A Level or Equivalent;0;150;Y;25.0;True;False;False;0.0;0.0;0.0;0.0;0.0;0.0;1
DDD;2014B;631514;M;East Anglian Region;Lower Than A Level;0;60;N;35.0;True;False;False;0.0;1.0;1.0;64.0;102.15797401077421;1.3296975143387124;0
BBB;2014J;698208;F;Wales;A Level or Equivalent;0;60;N;55.0;False;True;False;0.0;0.6;0.0;0.0;35.06024659863946;2.3663265306122447;0
CCC;2014B;2341839;F;North Western Region;Lower Than A Level;0;30;N;25.0;True;False;False;0.0;0.0;0.0;0.0;0.0;0.0;1
DDD;2014B;618295;M;South Region;HE Qualification;0;60;N;85.0;True;False;False;0.0;1.0;1.0;64.0;92.4841373095244;1.3061751904009968;0
DDD;2013J;114558;M;North Region;Lower Than A Level;0;60;N;47.115494568324756;True;False;False;0.0;0.8333333333333334;1.0;56.0;91.84645949003311;1.3215815798435178;0
EEE;2013J;374739;M;Scotland;A Level or Equivalent;0;30;N;15.0;True;False;False;0.0;0.75;0.0;0.0;97.39625852337453;3.5059102362919377;0
BBB;2014B;584566;F;London Region;No Formal quals;0;60;N;15.0;True;False;False;0.0;0.0;0.0;0.0;0.0;0.0;1
EEE;2014J;617888;M;East Midlands Region;A Level or Equivalent;0;60;N;85.0;True;False;False;0.0;1.0;0.0;0.0;109.38091840504835;3.3918418337576943;0
BBB;2013B;468021;F;East Midlands Region;A Level or Equivalent;2;120;N;55.0;True;False;False;0.0;0.36363636363636365;0.0;0.0;29.50128205128205;2.0403846153846152;0
GGG;2013J;2002057;M;South East Region;Lower Than A Level;0;30;N;5.0;True;False;False;0.0;0.0;0.0;0.0;0.0;0.0;0
BBB;2013B;547192;F;South Region;A Level or Equivalent;0;60;N;45.0;True;False;False;0.0;0.9090909090909091;0.0;0.0;110.98937862950058;2.189208768873403;0
GGG;2014J;323940;F;South East Region;Lower Than A Level;0;30;N;55.0;False;True;False;0.0;0.7777777777777778;0.0;0.0;113.65849780701754;3.268887061403509;0
EEE;2014J;676482;M;Scotland;HE Qualification;0;60;N;85.0;True;False;False;0.0;1.0;0.0;0.0;84.51111830967244;3.3012280720823237;0
EEE;2014B;632312;M;Ireland;A Level or Equivalent;0;60;N;25.0;True;False;False;0.0;0.0;0.0;0.0;0.0;0.0;1
BBB;2013J;589302;F;Wales;A Level or Equivalent;0;60;N;15.0;False;True;False;0.0;1.0;0.0;0.0;147.63484651886583;2.221995508878117;0
BBB;2013J;607382;F;London Region;A Level or Equivalent;0;120;N;15.0;True;False;False;0.0;0.09090909090909091;0.0;0.0;-7.5;1.0;0
BBB;2013B;186780;F;North Western Region;A Level or Equivalent;2;120;Y;15.0;False;True;False;0.0;0.0;0.0;0.0;0.0;0.0;1
BBB;2014B;607646;F;London Region;Lower Than A Level;0;60;N;15.0;True;False;False;0.0;0.0;0.0;0.0;0.0;0.0;1
GGG;2013J;570801;F;East Anglian Region;A Level or Equivalent;0;45;N;55.0;True;False;False;0.0;1.0;0.0;0.0;129.55513348452294;2.4991884925371437;0
BBB;2014J;656681;F;Wales;A Level or Equivalent;0;60;N;25.0;True;False;False;0.0;1.0;0.0;0.0;78.50036664795921;2.621613552871894;0
FFF;2014J;383445;M;North Western Region;A Level or Equivalent;0;60;Y;5.0;True;False;False;0.0;0.16666666666666666;0.0;0.0;68.57236594969295;1.320027672538389;0
EEE;2013J;608744;M;North Region;A Level or Equivalent;0;30;Y;47.115494568324756;True;False;False;0.0;1.0;0.0;0.0;85.94797509232258;3.5290133042059857;0
EEE;2014B;602721;M;South Region;HE Qualification;0;30;N;85.0;True;False;False;0.0;1.0;0.0;0.0;81.59051333999481;3.144430189065847;0
FFF;2014B;613775;M;East Anglian Region;Lower Than A Level;0;60;N;45.0;True;False;False;0.0;0.0;0.0;0.0;0.0;0.0;1
DDD;2014J;185024;F;West Midlands Region;Lower Than A Level;1;60;Y;5.0;True;False;False;0.0;0.0;0.0;0.0;0.0;0.0;1
BBB;2014B;630823;F;Scotland;A Level or Equivalent;0;60;N;65.0;True;False;False;0.0;0.8181818181818182;0.0;0.0;92.80264045865437;2.311435317177477;0
BBB;2014B;626549;F;North Western Region;Lower Than A Level;0;60;N;15.0;True;False;False;0.0;0.0;0.0;0.0;0.0;0.0;1
CCC;2014J;648314;M;North Western Region;Lower Than A Level;0;120;N;45.0;True;False;False;0.0;0.0;0.0;0.0;0.0;0.0;1
FFF;2013J;602152;M;London Region;A Level or Equivalent;0;120;N;25.0;True;False;False;0.0;0.0;0.0;0.0;0.0;0.0;1
DDD;2014J;697705;M;Scotland;A Level or Equivalent;0;60;N;75.0;True;False;False;0.0;0.8333333333333334;0.0;0.0;22.24605999786245;1.305758287923032;0
CCC;2014B;2659556;M;East Anglian Region;Lower Than A Level;0;30;N;45.0;False;True;False;0.0;0.0;0.0;0.0;72.1297226582941;2.582312925170068;0
EEE;2013J;504404;M;North Western Region;Lower Than A Level;0;30;N;95.0;True;False;False;0.0;1.0;0.0;0.0;102.5220734342363;4.346532877116263;0
EEE;2014J;443200;M;Wales;HE Qualification;0;60;N;85.0;False;True;False;0.0;1.0;0.0;0.0;145.64627762902774;2.51566674602107;0
FFF;2014J;692740;M;West Midlands Region;Lower Than A Level;0;60;N;25.0;True;False;False;0.0;0.0;0.0;0.0;0.0;0.0;1
FFF;2014J;416426;M;East Anglian Region;HE Qualification;1;90;N;15.0;True;False;False;0.0;0.0;0.0;0.0;0.0;0.0;1
FFF;2013J;571862;M;North Region;A Level or Equivalent;0;60;N;75.0;True;False;False;0.0;1.0;0.0;0.0;105.77526822607078;2.727423677939687;0
FFF;2013J;551354;F;North Region;A Level or Equivalent;0;120;N;47.115494568324756;True;False;False;0.0;0.75;0.0;0.0;96.30331187440413;2.8360918269325253;0
GGG;2014J;586861;F;Scotland;Lower Than A Level;0;90;N;25.0;True;False;False;0.0;0.0;0.0;0.0;0.0;0.0;1
DDD;2013J;305535;M;West Midlands Region;A Level or Equivalent;2;180;N;5.0;True;False;False;0.0;1.0;1.0;62.0;154.27566137566137;1.7256613756613757;0
BBB;2013B;2288607;F;South East Region;Lower Than A Level;2;120;N;55.0;False;True;False;0.0;1.0;0.0;0.0;66.79093416282151;1.726603687448549;0
CCC;2014J;650414;M;South East Region;A Level or Equivalent;0;120;N;15.0;True;False;False;0.0;0.0;0.0;0.0;0.0;0.0;1
DDD;2014B;619939;F;Scotland;Lower Than A Level;0;75;N;85.0;True;False;False;0.0;0.6337579617834395;0.554140127388535;38.28768577494692;0.875;03.май;0
DDD;2014J;643199;M;East Midlands Region;HE Qualification;0;120;N;75.0;False;True;False;0.0;1.0;1.0;33.0;43.0791221894163;1.872050215029342;0
BBB;2013B;444784;F;Wales;A Level or Equivalent;0;120;N;35.0;True;False;False;0.0;0.09090909090909091;0.0;0.0;55.41070501730104;1.4189714120942494;0
EEE;2013J;2408307;M;South West Region;A Level or Equivalent;0;90;N;95.0;True;False;False;0.0;1.0;0.0;0.0;96.28502599319499;3.832554504705767;0
CCC;2014B;608504;M;North Western Region;A Level or Equivalent;0;60;N;35.0;True;False;False;0.0;0.0;0.0;0.0;0.0;0.0;1
FFF;2013J;302566;M;South West Region;Lower Than A Level;0;120;Y;45.0;False;True;False;0.0;0.25;0.0;0.0;27.989469358401397;2.7310230133045668;0
CCC;2014B;595324;F;Scotland;A Level or Equivalent;0;120;N;65.0;True;False;False;0.0;0.0;0.0;0.0;0.0;0.0;0
CCC;2014B;574830;F;Scotland;Lower Than A Level;0;90;N;95.0;True;False;False;0.0;0.0;0.0;0.0;0.0;0.0;1
BBB;2014B;630920;F;Scotland;Lower Than A Level;0;60;N;75.0;True;False;False;0.0;0.0;0.0;0.0;0.0;0.0;1
DDD;2013J;486777;F;London Region;Lower Than A Level;0;180;N;15.0;True;False;False;0.0;0.0;0.0;0.0;0.0;0.0;1
EEE;2014J;596855;M;South West Region;Lower Than A Level;0;60;N;65.0;True;False;False;0.0;0.0;0.0;0.0;0.0;0.0;1
DDD;2013J;518709;M;East Midlands Region;Lower Than A Level;0;60;N;25.0;True;False;False;0.0;0.0;0.0;0.0;0.0;0.0;1
DDD;2013J;602902;F;Yorkshire Region;Lower Than A Level;0;90;N;85.0;True;False;False;0.0;1.0;1.0;80.0;97.12928293416486;1.9641523491116761;0
EEE;2013J;76579;F;Yorkshire Region;HE Qualification;0;60;N;15.0;True;False;False;0.0;0.0;0.0;0.0;0.0;0.0;1
FFF;2013B;542062;M;London Region;Lower Than A Level;0;60;N;15.0;True;False;False;0.0;0.0;0.0;0.0;0.0;0.0;1
FFF;2013J;581490;F;Yorkshire Region;Lower Than A Level;0;120;N;15.0;True;False;False;0.0;1.0;0.0;0.0;66.94144123900789;4.234370092613431;0
BBB;2014B;417263;F;East Anglian Region;A Level or Equivalent;0;60;N;55.0;False;True;False;0.0;0.9090909090909091;0.0;0.0;101.12355340483383;2.4532405574518523;0
DDD;2013J;582302;M;South Region;Lower Than A Level;0;60;N;85.0;True;False;False;0.0;0.6666666666666666;0.0;0.0;64.8523293029872;2.2222644295012715;0
FFF;2013B;557908;F;West Midlands Region;A Level or Equivalent;0;60;Y;15.0;True;False;False;0.0;0.0;0.0;0.0;0.0;0.0;1
CCC;2014J;314555;F;South Region;A Level or Equivalent;1;120;Y;35.0;True;False;False;0.0;0.0;0.0;0.0;0.0;0.0;1
BBB;2014J;553196;F;Scotland;Lower Than A Level;2;120;Y;15.0;True;False;False;0.0;0.0;0.0;0.0;0.0;0.0;1
EEE;2014B;585397;M;East Anglian Region;A Level or Equivalent;0;60;N;95.0;True;False;False;0.0;1.0;0.0;0.0;90.94788830551458;3.0913509473404894;0
GGG;2014B;633956;F;East Anglian Region;A Level or Equivalent;0;30;N;95.0;False;True;False;0.0;0.7777777777777778;0.0;0.0;123.32441188441189;3.1504782254782255;0
EEE;2014B;633270;M;South West Region;No Formal quals;0;60;N;25.0;True;False;False;0.0;1.0;0.0;0.0;109.16006296383675;4.013152242877589;0
BBB;2013J;572765;F;North Region;Lower Than A Level;0;60;N;25.0;True;False;False;0.0;0.8181818181818182;0.0;0.0;102.99676199868507;1.8552925706771861;0
BBB;2013J;521456;F;North Western Region;A Level or Equivalent;0;60;N;5.0;True;False;False;0.0;0.0;0.0;0.0;0.0;0.0;1
FFF;2013B;423601;M;North Western Region;A Level or Equivalent;1;120;N;5.0;True;False;False;0.0;0.9166666666666666;0.0;0.0;90.93125109500109;3.469455443205443;0
FFF;2013J;581838;M;South Region;A Level or Equivalent;0;90;N;75.0;True;False;False;0.0;1.0;0.0;0.0;103.5041022147595;3.7767665542348503;0
DDD;2014B;617771;F;Scotland;A Level or Equivalent;0;60;N;15.0;True;False;False;0.0;0.0;0.0;0.0;0.0;0.0;1
CCC;2014B;584940;M;East Anglian Region;A Level or Equivalent;0;60;N;75.0;True;False;False;0.0;0.75;1.0;66.0;107.77443591021093;2.2996617475089898;0
GGG;2014B;553640;F;East Anglian Region;A Level or Equivalent;0;30;N;35.0;True;False;False;0.0;0.0;0.0;0.0;0.0;0.0;1
EEE;2013J;339640;M;South Region;A Level or Equivalent;0;60;N;95.0;True;False;False;0.0;1.0;0.0;0.0;102.17354782395543;3.0172018038322386;0
FFF;2013J;605538;M;South Region;Lower Than A Level;0;120;N;85.0;True;False;False;0.0;1.0;0.0;0.0;72.78346408395713;2.94735845918543;0
FFF;2013J;33600;F;London Region;A Level or Equivalent;0;150;N;45.0;False;True;False;0.0;0.0;0.0;0.0;0.0;0.0;1
DDD;2014J;608746;F;West Midlands Region;Lower Than A Level;1;120;N;15.0;True;False;False;0.0;1.0;1.0;56.0;88.58339464109832;1.3054391378051151;0
DDD;2013J;51163;M;London Region;HE Qualification;0;60;N;25.0;False;True;False;0.0;1.0;1.0;84.0;152.3042390003787;1.958444170208876;0
BBB;2013J;433864;M;Scotland;HE Qualification;0;60;N;65.0;True;False;False;0.0;0.9090909090909091;0.0;0.0;100.77390807024953;1.5606610530391019;0
CCC;2014J;416284;M;Scotland;HE Qualification;0;90;N;75.0;True;False;False;0.0;0.5;0.0;0.0;61.653517316017314;2.2462121212121215;0
FFF;2014B;630870;M;North Region;Lower Than A Level;0;120;N;47.115494568324756;True;False;False;0.0;0.0;0.0;0.0;0.0;0.0;1
CCC;2014B;441606;M;East Midlands Region;Lower Than A Level;0;180;N;15.0;True;False;False;0.0;0.0;0.0;0.0;0.0;0.0;1
EEE;2014B;605130;M;Scotland;HE Qualification;0;75;N;15.0;True;False;False;0.0;0.0;0.0;0.0;0.0;0.0;1
BBB;2014J;573554;F;South East Region;Lower Than A Level;0;120;N;25.0;True;False;False;0.0;0.0;0.0;0.0;0.0;0.0;1
DDD;2013J;576949;F;London Region;HE Qualification;0;90;N;55.0;True;False;False;0.0;1.0;1.0;80.0;95.10547873520993;1.4182782675911896;0
CCC;2014B;591655;M;North Region;Lower Than A Level;0;90;N;75.0;True;False;False;0.0;0.0;0.0;0.0;0.0;0.0;1
GGG;2014J;691577;M;East Anglian Region;Lower Than A Level;0;30;Y;65.0;False;True;False;0.0;0.0;0.0;0.0;0.0;0.0;1
BBB;2013B;551080;F;East Anglian Region;A Level or Equivalent;0;60;N;25.0;True;False;False;0.0;1.0;0.0;0.0;104.79773044759364;1.8583221143754658;0
CCC;2014B;230340;M;London Region;A Level or Equivalent;0;60;N;25.0;True;False;False;0.0;0.0;0.0;0.0;0.0;0.0;1
DDD;2014J;678231;M;South Region;A Level or Equivalent;0;60;N;65.0;True;False;False;0.0;0.0;0.0;0.0;0.0;0.0;1
CCC;2014J;571921;F;Scotland;HE Qualification;0;60;N;55.0;False;True;False;0.0;1.0;1.0;72.0;89.83011975282618;1.4587062733393008;0
GGG;2014J;642879;F;London Region;Lower Than A Level;0;30;Y;25.0;True;False;False;0.0;0.7777777777777778;0.0;0.0;126.87659917768276;2.3125604042786705;0
CCC;2014J;556476;F;London Region;Lower Than A Level;0;120;Y;15.0;True;False;False;0.0;0.125;1.0;12.0;107.41260721247563;4.411956627680312;0
EEE;2014J;547153;M;Wales;A Level or Equivalent;0;60;N;85.0;True;False;False;0.0;1.0;0.0;0.0;67.43695297463381;2.95036382097702;0
FFF;2014J;656734;F;South West Region;Lower Than A Level;0;120;N;75.0;True;False;False;0.0;1.0;0.0;0.0;101.43489419830357;2.9070856756709382;0
CCC;2014J;685750;F;Scotland;A Level or Equivalent;0;180;Y;55.0;False;True;False;0.0;0.0;0.0;0.0;0.0;0.0;1
FFF;2014B;618843;M;East Anglian Region;Lower Than A Level;0;60;N;55.0;True;False;False;0.0;0.0;0.0;0.0;0.0;0.0;1
DDD;2013J;477348;F;South West Region;A Level or Equivalent;0;60;N;55.0;True;False;False;0.0;1.0;1.0;89.0;137.02665284062343;1.394947209653092;0
AAA;2013J;2694424;M;East Anglian Region;A Level or Equivalent;0;120;N;75.0;False;True;False;0.0;1.0;0.0;0.0;117.5511412004713;2.6542695946680994;0
DDD;2013J;588197;M;Scotland;A Level or Equivalent;0;60;N;25.0;True;False;False;0.0;0.0;0.0;0.0;0.0;0.0;1
BBB;2013J;595854;F;Scotland;Lower Than A Level;0;60;Y;15.0;True;False;False;0.0;1.0;0.0;0.0;91.26698187549252;1.6142237982663514;0
GGG;2014B;634933;F;South Region;Lower Than A Level;0;30;N;35.0;False;True;False;0.0;0.7735849056603774;0.0;0.0;16.875;янв.25;0
DDD;2014B;551427;F;East Anglian Region;A Level or Equivalent;0;60;N;45.0;True;False;False;0.0;0.16666666666666666;0.0;0.0;26.114317042606515;1.6532307330827067;0
DDD;2014J;422343;M;South West Region;HE Qualification;0;90;N;65.0;True;False;False;0.0;1.0;1.0;100.0;55.37408496301747;1.3006650402096323;0
GGG;2014B;631978;F;London Region;Lower Than A Level;0;30;N;5.0;True;False;False;0.0;0.1111111111111111;0.0;0.0;58.05902777777778;1.9236111111111112;0
DDD;2013B;545770;M;Yorkshire Region;Lower Than A Level;0;60;N;45.0;True;False;False;0.0;0.0;0.0;0.0;0.0;0.0;1
BBB;2013J;282038;F;North Western Region;Lower Than A Level;0;120;N;75.0;True;False;False;0.0;0.0;0.0;0.0;0.0;0.0;1
DDD;2013B;2400764;F;Scotland;HE Qualification;0;60;N;85.0;True;False;False;0.0;0.6923076923076923;0.0;0.0;68.89076070579748;1.5110356187929717;0
DDD;2013J;383978;M;Scotland;A Level or Equivalent;0;60;N;35.0;True;False;False;0.0;0.6666666666666666;1.0;33.0;136.06853395360858;1.9869537593418192;0
BBB;2014J;652818;F;South East Region;A Level or Equivalent;0;60;N;75.0;True;False;False;0.0;1.0;0.0;0.0;50.09943064182194;2.0439958592132506;0
DDD;2014J;680087;M;East Anglian Region;A Level or Equivalent;0;60;N;85.0;True;False;False;0.0;1.0;1.0;87.0;80.48773566858674;1.6675223941009802;0
FFF;2014J;2343785;M;East Anglian Region;Lower Than A Level;0;120;N;75.0;True;False;False;0.0;1.0;0.0;0.0;96.37797896770292;2.976333911165681;0
CCC;2014B;604997;F;Scotland;HE Qualification;0;60;N;75.0;True;False;False;0.0;0.75;1.0;68.0;98.31829189329189;1.512984977984978;0
DDD;2014B;384372;F;South West Region;Lower Than A Level;2;60;Y;5.0;False;True;False;0.0;0.0;0.0;0.0;14.426950549450549;2.662164987789988;0
FFF;2014B;626875;F;South West Region;Lower Than A Level;0;60;N;47.115494568324756;True;False;False;0.0;0.0;0.0;0.0;0.0;0.0;1
BBB;2013B;556876;F;South Region;A Level or Equivalent;0;60;N;47.115494568324756;False;True;False;0.0;1.0;0.0;0.0;55.9088868144766;2.330964418992588;0
DDD;2013J;604055;M;North Western Region;A Level or Equivalent;0;120;N;85.0;True;False;False;0.0;1.0;1.0;71.0;96.22858539430449;1.4817139263452512;0
FFF;2014J;687686;M;South Region;A Level or Equivalent;0;120;N;65.0;True;False;False;0.0;0.75;0.0;0.0;97.94015706874565;3.436924602465809;0
BBB;2014J;693871;F;Scotland;Lower Than A Level;0;120;N;75.0;True;False;False;0.0;0.4;0.0;0.0;32.547031399972575;1.9278646190410897;0
DDD;2013B;2517826;F;Yorkshire Region;HE Qualification;0;120;N;55.0;False;True;False;0.0;0.0;0.0;0.0;0.0;0.0;1
BBB;2014J;2609768;F;London Region;HE Qualification;0;60;N;45.0;True;False;False;0.0;0.0;0.0;0.0;0.0;0.0;1
AAA;2014J;603861;M;North Region;HE Qualification;1;60;N;47.115494568324756;False;False;True;0.0;0.0;0.0;0.0;0.0;0.0;1
BBB;2014B;630260;M;South East Region;Lower Than A Level;0;60;N;75.0;True;False;False;0.0;1.0;0.0;0.0;108.66671486408327;1.9682860998650473;0
DDD;2014B;625613;M;Yorkshire Region;Lower Than A Level;0;60;N;45.0;True;False;False;0.0;0.0;0.0;0.0;0.0;0.0;1
DDD;2014B;634313;M;North Western Region;HE Qualification;0;60;N;5.0;True;False;False;0.0;0.0;0.0;0.0;0.0;0.0;1
BBB;2014J;692908;F;East Anglian Region;A Level or Equivalent;0;120;N;15.0;False;True;False;0.0;0.8;0.0;0.0;84.27079725829725;2.4674993987493985;0
DDD;2014B;626114;F;Scotland;Lower Than A Level;0;60;Y;25.0;True;False;False;0.0;1.0;1.0;84.0;105.46724849235719;1.418545354112772;0
DDD;2013J;513007;M;East Midlands Region;A Level or Equivalent;1;90;N;45.0;True;False;False;0.0;0.16666666666666666;0.0;0.0;51.76507936507936;2.1761904761904765;0
FFF;2013B;419228;M;East Anglian Region;Lower Than A Level;1;300;N;55.0;True;False;False;0.0;0.0;0.0;0.0;0.0;0.0;1
BBB;2013J;610804;F;Wales;A Level or Equivalent;0;60;N;85.0;True;False;False;0.0;0.36363636363636365;0.0;0.0;39.66931216931217;2.3505291005291005;0
CCC;2014J;576568;M;South West Region;A Level or Equivalent;0;60;N;65.0;True;False;False;0.0;1.0;1.0;90.0;116.64327913279133;1.7904742547425474;0
DDD;2013J;601289;F;North Region;HE Qualification;0;60;N;47.115494568324756;False;True;False;0.0;0.0;0.0;0.0;0.0;0.0;1
FFF;2014B;631023;M;East Anglian Region;A Level or Equivalent;0;90;N;75.0;True;False;False;0.0;1.0;0.0;0.0;111.13272571085156;3.476996037854848;0
CCC;2014J;533689;F;Wales;A Level or Equivalent;0;30;N;25.0;True;False;False;0.0;0.375;0.0;0.0;73.71054652213189;2.3348012646793133;0
BBB;2013B;515105;F;London Region;Lower Than A Level;0;60;N;15.0;False;True;False;0.0;1.0;0.0;0.0;60.27291674226157;1.616578086409121;0
CCC;2014B;554951;F;East Midlands Region;A Level or Equivalent;0;60;Y;15.0;True;False;False;0.0;1.0;1.0;96.0;114.76188278521285;2.290453470277;0
CCC;2014B;560951;M;South East Region;A Level or Equivalent;0;60;N;85.0;False;True;False;0.0;0.125;0.0;0.0;-2.2465433720868506;1.8233667449700057;0
FFF;2014B;1528232;F;South West Region;A Level or Equivalent;2;120;N;5.0;False;True;False;0.0;0.0;0.0;0.0;0.0;0.0;1
DDD;2014J;548851;M;Yorkshire Region;Lower Than A Level;1;60;N;5.0;True;False;False;0.0;0.0;0.0;0.0;0.0;0.0;1
CCC;2014B;338604;M;Scotland;A Level or Equivalent;0;210;N;85.0;True;False;False;0.0;0.875;1.0;56.0;74.88236842105263;2.5340570175438595;0
GGG;2014J;682302;M;Wales;Lower Than A Level;0;60;N;25.0;True;False;False;0.0;0.0;0.0;0.0;0.0;0.0;1
BBB;2014B;563487;F;East Anglian Region;A Level or Equivalent;0;75;N;85.0;False;True;False;0.0;1.0;0.0;0.0;81.45225412480697;2.8806084974053725;0
FFF;2014J;522082;F;North Western Region;A Level or Equivalent;1;60;N;5.0;False;True;False;0.0;1.0;0.0;0.0;115.84375671877143;2.631977461264226;0
DDD;2013B;444713;F;North Western Region;A Level or Equivalent;0;90;Y;5.0;True;False;False;0.0;0.0;0.0;0.0;0.0;0.0;1
FFF;2014J;652335;M;South Region;Lower Than A Level;0;60;N;95.0;False;True;False;0.0;1.0;0.0;0.0;87.34453407271495;2.34521413057046;0
CCC;2014J;585422;M;London Region;A Level or Equivalent;0;60;N;35.0;True;False;False;0.0;0.0;0.0;0.0;0.0;0.0;1
EEE;2014B;2026585;M;Ireland;HE Qualification;0;30;N;47.115494568324756;False;True;False;0.0;1.0;0.0;0.0;95.69374015577363;4.272157730054985;0
BBB;2013J;496764;F;Yorkshire Region;No Formal quals;0;120;N;35.0;True;False;False;0.0;0.9090909090909091;0.0;0.0;136.56719494747492;1.5749249735859596;0
BBB;2013B;96291;F;South Region;Lower Than A Level;0;60;N;75.0;True;False;False;0.0;0.0;0.0;0.0;0.0;0.0;1
GGG;2013J;604721;F;East Anglian Region;Lower Than A Level;0;30;N;25.0;True;False;False;0.0;1.0;0.0;0.0;95.86454904744379;4.964872992504572;0
DDD;2014J;303141;F;East Anglian Region;Lower Than A Level;0;60;N;55.0;False;True;False;0.0;1.0;1.0;80.0;97.1906666949343;1.7012182399901836;0
DDD;2014B;1777223;F;East Anglian Region;Lower Than A Level;0;60;N;65.0;False;True;False;0.0;0.0;0.0;0.0;0.0;0.0;1
EEE;2014J;1953275;M;West Midlands Region;Lower Than A Level;0;60;N;5.0;False;True;False;0.0;0.0;0.0;0.0;0.0;0.0;1
BBB;2014B;614693;F;Wales;Lower Than A Level;0;60;N;65.0;False;True;False;0.0;0.8181818181818182;0.0;0.0;98.55282183769067;1.9844725836117834;0
BBB;2013J;301987;F;South Region;A Level or Equivalent;0;60;N;25.0;True;False;False;0.0;0.9090909090909091;0.0;0.0;97.44169247034863;1.7571864021455037;0
FFF;2014J;688667;M;North Western Region;HE Qualification;0;120;N;25.0;True;False;False;0.0;1.0;0.0;0.0;77.21541499133221;2.7709994118214984;0
DDD;2014B;634278;M;North Region;Lower Than A Level;0;60;N;35.0;True;False;False;0.0;0.5;0.0;0.0;29.669742990654203;2.0616462976276058;0
DDD;2014J;75309;F;East Midlands Region;A Level or Equivalent;1;180;N;55.0;False;True;False;0.0;0.0;0.0;0.0;0.0;0.0;1
DDD;2013J;594011;F;London Region;A Level or Equivalent;0;90;N;55.0;True;False;False;0.0;1.0;1.0;82.0;120.60460476614887;1.7187639260249554;0
BBB;2014J;638554;F;East Anglian Region;HE Qualification;0;60;N;45.0;True;False;False;0.0;0.0;0.0;0.0;0.0;0.0;1
CCC;2014B;592151;M;South Region;Lower Than A Level;0;60;N;65.0;True;False;False;0.0;1.0;1.0;72.0;117.82278330135473;1.824670038955753;0
CCC;2014B;559157;M;South East Region;Lower Than A Level;0;60;N;65.0;True;False;False;0.0;0.0;0.0;0.0;0.0;0.0;1
EEE;2013J;543474;M;West Midlands Region;A Level or Equivalent;0;90;N;35.0;True;False;False;0.0;1.0;0.0;0.0;95.3719362745098;3.1783088235294117;0
CCC;2014B;512475;M;Scotland;Post Graduate Qualification;0;30;N;95.0;False;True;False;0.0;0.5;1.0;100.0;90.1757663154461;2.4029528618407405;0
DDD;2014B;485306;F;West Midlands Region;Lower Than A Level;0;60;N;5.0;True;False;False;0.0;0.0;0.0;0.0;0.0;0.0;1
BBB;2014J;613380;F;North Region;Lower Than A Level;0;60;N;55.0;True;False;False;0.0;0.0;0.0;0.0;0.0;0.0;0
FFF;2014B;2697885;M;South East Region;Lower Than A Level;1;180;N;35.0;True;False;False;0.0;1.0;0.0;0.0;97.1996093015057;2.1122970643134575;0
BBB;2014J;608448;F;South East Region;A Level or Equivalent;0;60;N;85.0;True;False;False;0.0;1.0;0.0;0.0;106.97295238625645;2.711261356232767;0
FFF;2014B;407500;M;East Anglian Region;A Level or Equivalent;1;60;N;85.0;True;False;False;0.0;1.0;0.0;0.0;107.2334074984911;3.3303263907519813;0
FFF;2014J;253763;M;Wales;A Level or Equivalent;0;90;N;25.0;False;True;False;0.0;1.0;0.0;0.0;102.81105987676953;3.382019145725925;0
DDD;2013J;553832;F;East Anglian Region;Lower Than A Level;0;60;N;95.0;True;False;False;0.0;0.3333333333333333;0.0;0.0;22.1455525606469;2.1303683737646;0
DDD;2013J;534093;M;Yorkshire Region;A Level or Equivalent;0;60;N;65.0;False;True;False;0.0;1.0;1.0;71.0;99.50870876583132;1.4716762620816646;0
CCC;2014B;615229;M;Yorkshire Region;A Level or Equivalent;0;60;Y;5.0;True;False;False;0.0;0.75;1.0;48.0;99.31175350192622;5.27371651427499;0
FFF;2013J;603819;M;Scotland;A Level or Equivalent;0;60;N;85.0;True;False;False;0.0;1.0;0.0;0.0;106.60106499889672;3.6607479266061675;0
FFF;2013J;2112291;M;South East Region;A Level or Equivalent;0;120;Y;65.0;False;True;False;0.0;0.6666666666666666;0.0;0.0;63.65396416510603;3.7802267097215188;0
FFF;2014J;354698;M;North Region;Lower Than A Level;2;90;N;47.115494568324756;False;True;False;0.0;1.0;0.0;0.0;144.5788310827104;6.344901219470185;0
DDD;2014B;2638464;M;London Region;HE Qualification;0;60;N;25.0;True;False;False;0.0;0.0;0.0;0.0;0.0;0.0;1
DDD;2013J;104772;M;South West Region;A Level or Equivalent;0;60;N;75.0;False;True;False;0.0;0.0;0.0;0.0;0.0;0.0;1
BBB;2013J;585461;F;West Midlands Region;A Level or Equivalent;0;60;N;45.0;True;False;False;0.0;0.0;0.0;0.0;0.0;0.0;1
DDD;2013B;443055;F;West Midlands Region;Lower Than A Level;2;180;N;5.0;True;False;False;0.0;0.6377753701697364;0.5652582159624413;31.854460093896712;9.88764880952381;1.7257440476190475;0
BBB;2014J;630597;F;West Midlands Region;Lower Than A Level;0;60;N;5.0;True;False;False;0.0;1.0;0.0;0.0;135.78571428571428;1.6428571428571428;0
AAA;2014J;292525;M;South Region;A Level or Equivalent;0;60;N;75.0;True;False;False;0.0;1.0;0.0;0.0;118.98136553369112;2.5932915921288013;0
FFF;2014B;629022;M;North Region;Lower Than A Level;0;60;N;47.115494568324756;True;False;False;0.0;0.8333333333333334;0.0;0.0;126.09575791855204;3.7151960784313727;0
FFF;2014J;648470;F;South East Region;A Level or Equivalent;0;90;N;35.0;True;False;False;0.0;1.0;0.0;0.0;105.5654197991325;3.8305713570874533;0
DDD;2013J;504368;M;East Anglian Region;Lower Than A Level;1;60;N;45.0;True;False;False;0.0;0.3333333333333333;0.0;0.0;29.883666666666667;2.168095238095238;0
FFF;2014B;351181;F;East Anglian Region;HE Qualification;0;60;N;45.0;False;True;False;0.0;1.0;0.0;0.0;104.56005213166168;2.9620791843913308;0
BBB;2013B;155735;F;West Midlands Region;Lower Than A Level;1;60;N;5.0;True;False;False;0.0;0.0;0.0;0.0;0.0;0.0;1
BBB;2014B;563945;M;Scotland;Lower Than A Level;0;90;N;75.0;False;True;False;0.0;0.0;0.0;0.0;0.0;0.0;1
FFF;2014J;678877;F;Scotland;HE Qualification;0;120;N;65.0;True;False;False;0.0;0.0;0.0;0.0;0.0;0.0;1
GGG;2013J;602401;M;North Region;Lower Than A Level;0;30;N;25.0;True;False;False;0.0;1.0;0.0;0.0;135.07721133750272;3.080224138249115;0
DDD;2013J;138709;M;North Region;Lower Than A Level;1;60;Y;15.0;True;False;False;0.0;0.0;0.0;0.0;0.0;0.0;1
GGG;2013J;588963;F;North Region;A Level or Equivalent;0;30;N;85.0;True;False;False;0.0;0.1111111111111111;0.0;0.0;23.0;1.0;0
BBB;2014J;687566;M;South West Region;HE Qualification;0;120;N;35.0;False;True;False;0.0;1.0;0.0;0.0;91.36578057536053;3.5029513046399643;0
EEE;2013J;595362;M;North Western Region;A Level or Equivalent;0;60;N;25.0;True;False;False;0.0;0.0;0.0;0.0;0.0;0.0;1
BBB;2013B;553320;F;Wales;Lower Than A Level;0;60;N;5.0;False;True;False;0.0;0.09090909090909091;0.0;0.0;10.495111111111111;3.4035555555555557;0
FFF;2013J;588539;M;North Region;Lower Than A Level;0;60;N;85.0;True;False;False;0.0;0.0;0.0;0.0;0.0;0.0;1
CCC;2014B;2698535;M;Wales;Lower Than A Level;0;60;N;55.0;True;False;False;0.0;0.0;0.0;0.0;0.0;0.0;1
DDD;2013J;1644568;F;East Anglian Region;Lower Than A Level;0;60;Y;55.0;False;True;False;0.0;0.6982071713147411;0.6420982735723771;41.732403718459494;20.0;2.0;0
CCC;2014J;638243;M;West Midlands Region;A Level or Equivalent;0;120;Y;5.0;True;False;False;0.0;0.0;0.0;0.0;0.0;0.0;1
EEE;2014J;676724;M;Scotland;A Level or Equivalent;0;30;N;55.0;True;False;False;0.0;1.0;0.0;0.0;96.73803466708206;3.7721906931768294;0
AAA;2013J;2578995;F;West Midlands Region;A Level or Equivalent;0;60;Y;15.0;True;False;False;0.0;1.0;0.0;0.0;97.4093291899806;3.392559881433121;0
BBB;2014B;625493;F;South East Region;A Level or Equivalent;0;60;Y;55.0;True;False;False;0.0;0.0;0.0;0.0;0.0;0.0;1
CCC;2014B;527826;F;Wales;HE Qualification;0;90;N;35.0;True;False;False;0.0;1.0;1.0;98.0;103.0508718473738;2.751382143708397;0
CCC;2014B;555604;M;Yorkshire Region;A Level or Equivalent;0;90;N;35.0;True;False;False;0.0;0.75;1.0;50.0;151.19443232421173;3.747479350714645;0
FFF;2013J;581770;M;East Anglian Region;A Level or Equivalent;0;60;N;35.0;True;False;False;0.0;1.0;0.0;0.0;71.14187573162168;4.142485755251853;0
FFF;2014J;692220;M;North Western Region;Lower Than A Level;0;60;N;55.0;True;False;False;0.0;1.0;0.0;0.0;90.55827690446036;2.955062360044722;0
FFF;2013B;467506;M;South West Region;A Level or Equivalent;0;180;N;75.0;False;True;False;0.0;1.0;0.0;0.0;92.75933514502402;3.534887738652456;0
FFF;2013J;1980822;F;Scotland;Lower Than A Level;1;60;N;85.0;True;False;False;0.0;1.0;0.0;0.0;134.84134105058018;3.7072431958301526;0
DDD;2013J;444541;F;North Region;A Level or Equivalent;0;60;N;5.0;True;False;False;0.0;0.0;0.0;0.0;0.0;0.0;1
FFF;2014J;650952;M;South Region;Lower Than A Level;0;60;N;75.0;False;True;False;0.0;0.0;0.0;0.0;0.0;0.0;1
BBB;2014B;629424;F;Wales;Lower Than A Level;0;60;N;45.0;True;False;False;0.0;0.0;0.0;0.0;0.0;0.0;1
BBB;2013B;511527;F;South Region;A Level or Equivalent;0;60;Y;65.0;True;False;False;0.0;0.5454545454545454;0.0;0.0;27.342261904761905;1.9910714285714286;0
EEE;2014J;520750;M;Wales;HE Qualification;0;90;N;45.0;True;False;False;0.0;0.8505347593582888;0.0;0.0;-10.132142857142856;2.3273809523809526;0
BBB;2014J;499819;F;Yorkshire Region;A Level or Equivalent;0;60;N;15.0;True;False;False;0.0;1.0;0.0;0.0;98.3712140619548;3.311570158792381;0
DDD;2014J;654502;F;South East Region;A Level or Equivalent;0;90;N;5.0;True;False;False;0.0;0.0;0.0;0.0;0.0;0.0;1
BBB;2013J;265170;F;Wales;A Level or Equivalent;0;60;N;45.0;True;False;False;0.0;0.36363636363636365;0.0;0.0;15.939404174573056;1.8416997680792746;0
BBB;2014J;480988;F;South Region;HE Qualification;2;60;N;55.0;True;False;False;0.0;0.0;0.0;0.0;0.0;0.0;1
FFF;2013B;531866;M;Yorkshire Region;A Level or Equivalent;0;60;N;75.0;False;True;False;0.0;0.0;0.0;0.0;0.0;0.0;1
GGG;2013J;2386281;F;South East Region;Lower Than A Level;0;30;Y;95.0;False;True;False;0.0;0.7777777777777778;0.0;0.0;112.8208423458075;3.661616513567733;0
BBB;2013B;389369;M;Wales;A Level or Equivalent;0;120;N;15.0;True;False;False;0.0;1.0;0.0;0.0;103.28235802148845;1.5989821696343434;0
BBB;2014B;630561;F;South West Region;A Level or Equivalent;0;60;N;95.0;True;False;False;0.0;0.8181818181818182;0.0;0.0;46.327494051433845;2.848652037909158;0
BBB;2013B;109938;F;Wales;HE Qualification;0;120;N;65.0;True;False;False;0.0;1.0;0.0;0.0;111.59797206761493;1.330875936233079;0
BBB;2014J;678283;F;Wales;Lower Than A Level;0;120;N;55.0;True;False;False;0.0;0.2;0.0;0.0;26.26904761904762;2.6089285714285713;0
BBB;2014J;2216682;M;Ireland;A Level or Equivalent;0;60;N;95.0;True;False;False;0.0;1.0;0.0;0.0;149.3436122357175;1.9677987704303495;0
FFF;2013J;393827;F;London Region;A Level or Equivalent;1;150;N;35.0;True;False;False;0.0;0.9166666666666666;0.0;0.0;175.2823775475461;4.534309791332263;0
DDD;2014J;595215;M;Wales;A Level or Equivalent;0;60;N;85.0;True;False;False;0.0;1.0;1.0;82.0;144.95636223696394;2.293798707931924;0
DDD;2014B;484305;M;East Anglian Region;Lower Than A Level;2;150;N;15.0;True;False;False;0.0;0.0;0.0;0.0;0.0;0.0;1
DDD;2014J;593556;M;Scotland;HE Qualification;0;60;N;35.0;True;False;False;0.0;0.5;0.0;0.0;40.76171023965142;2.2265795206971677;0
CCC;2014B;497047;F;South East Region;Lower Than A Level;0;60;N;85.0;True;False;False;0.0;0.0;0.0;0.0;0.0;0.0;1
FFF;2013J;573481;M;South West Region;A Level or Equivalent;0;120;N;15.0;True;False;False;0.0;0.0;0.0;0.0;0.0;0.0;1
CCC;2014J;687345;M;South Region;A Level or Equivalent;0;90;N;65.0;True;False;False;0.0;0.0;0.0;0.0;0.0;0.0;1
FFF;2014J;539913;M;London Region;Lower Than A Level;0;210;N;25.0;True;False;False;0.0;0.0;0.0;0.0;0.0;0.0;1
FFF;2014J;524827;M;North Western Region;Lower Than A Level;0;60;N;15.0;False;True;False;0.0;0.0;0.0;0.0;0.0;0.0;1
BBB;2014B;629040;F;South Region;A Level or Equivalent;0;60;N;85.0;True;False;False;0.0;0.0;0.0;0.0;0.0;0.0;1
FFF;2014B;67986;F;Scotland;Lower Than A Level;0;60;N;85.0;True;False;False;0.0;0.0;0.0;0.0;0.0;0.0;1
FFF;2013B;555148;M;West Midlands Region;Lower Than A Level;0;60;N;5.0;True;False;False;0.0;0.0;0.0;0.0;0.0;0.0;1
DDD;2014J;561848;M;London Region;A Level or Equivalent;1;120;N;45.0;True;False;False;0.0;0.3333333333333333;1.0;60.0;26.956709956709958;1.6666666666666665;0
AAA;2013J;498857;M;North Western Region;HE Qualification;0;60;N;85.0;False;True;False;0.0;1.0;0.0;0.0;98.28771940949676;2.7516138158716283;0
CCC;2014J;621605;F;East Midlands Region;Lower Than A Level;0;60;N;85.0;False;True;False;0.0;0.5;1.0;56.0;103.91086592537617;3.1621998594599674;0
DDD;2014J;650376;M;Ireland;HE Qualification;0;60;N;47.115494568324756;True;False;False;0.0;1.0;1.0;73.0;51.97002796264254;1.195211669715344;0
FFF;2014J;499404;F;North Western Region;A Level or Equivalent;2;60;N;35.0;True;False;False;0.0;1.0;0.0;0.0;138.72875514632608;3.1209954722636137;0
BBB;2014B;623857;F;Wales;A Level or Equivalent;0;60;N;65.0;True;False;False;0.0;1.0;0.0;0.0;98.02031265871462;1.5498253880151163;0
FFF;2013B;327797;F;South West Region;Lower Than A Level;0;60;N;45.0;True;False;False;0.0;0.0;0.0;0.0;0.0;0.0;1
EEE;2014J;563321;M;South Region;HE Qualification;0;60;N;75.0;True;False;False;0.0;1.0;0.0;0.0;123.36674884778711;2.9543909495514287;0
BBB;2013J;2573570;F;North Western Region;A Level or Equivalent;0;60;N;65.0;True;False;False;0.0;0.0;0.0;0.0;0.0;0.0;1
DDD;2014J;690168;F;Scotland;HE Qualification;0;60;N;45.0;True;False;False;0.0;0.8333333333333334;1.0;64.0;114.45954160113286;1.6125292277496954;0
FFF;2014J;656510;M;East Anglian Region;Lower Than A Level;0;90;N;45.0;True;False;False;0.0;0.08333333333333333;0.0;0.0;15.765412186379928;2.0905913978494626;0
BBB;2014J;652556;F;East Midlands Region;A Level or Equivalent;0;60;N;15.0;False;True;False;0.0;0.8;0.0;0.0;78.12706535010884;2.220515474863301;0
BBB;2013B;513210;F;London Region;Lower Than A Level;1;120;Y;35.0;False;True;False;0.0;0.0;0.0;0.0;0.0;0.0;1
EEE;2014B;171334;M;South West Region;A Level or Equivalent;0;60;N;35.0;False;True;False;0.0;0.0;0.0;0.0;0.0;0.0;1
DDD;2013J;595723;M;West Midlands Region;Lower Than A Level;0;60;N;5.0;True;False;False;0.0;0.6982071713147411;0.6420982735723771;41.732403718459494;20.993589743589745;1.6153846153846154;0
DDD;2014B;622215;F;South Region;A Level or Equivalent;0;90;N;85.0;True;False;False;0.0;0.6666666666666666;1.0;42.0;99.13024691358025;4.41661918328585;0
DDD;2014J;632314;F;East Anglian Region;A Level or Equivalent;1;120;Y;35.0;True;False;False;0.0;1.0;1.0;33.0;79.12424242424242;1.580981691919192;0
DDD;2013J;576767;M;East Anglian Region;Lower Than A Level;0;120;N;85.0;False;True;False;0.0;0.6666666666666666;1.0;56.0;59.89391813741814;1.7256925851925853;0
EEE;2014B;604172;M;South Region;HE Qualification;0;30;N;65.0;False;True;False;0.0;1.0;0.0;0.0;91.79577673776164;3.122282220750376;0
BBB;2014J;689478;F;East Midlands Region;Lower Than A Level;0;120;N;25.0;False;True;False;0.0;0.0;0.0;0.0;0.0;0.0;1
DDD;2013B;347210;M;North Region;HE Qualification;0;90;N;47.115494568324756;False;False;True;0.0;0.0;0.0;0.0;0.0;0.0;1
CCC;2014J;549888;F;Scotland;A Level or Equivalent;0;150;N;35.0;False;True;False;0.0;0.0;0.0;0.0;0.0;0.0;1
CCC;2014B;521051;M;North Western Region;A Level or Equivalent;0;60;N;15.0;True;False;False;0.0;0.875;1.0;52.0;76.75079894852622;1.7875136647863918;0
BBB;2014J;647940;F;East Midlands Region;Lower Than A Level;0;60;N;5.0;True;False;False;0.0;0.0;0.0;0.0;0.0;0.0;1
FFF;2013J;571926;M;North Western Region;A Level or Equivalent;0;90;N;35.0;True;False;False;0.0;1.0;0.0;0.0;96.29634873000116;3.9767357536781405;0
CCC;2014J;587641;M;South West Region;A Level or Equivalent;0;30;N;75.0;True;False;False;0.0;0.25;0.0;0.0;20.09816919191919;2.8969381313131315;0
BBB;2013J;583012;F;South Region;Lower Than A Level;0;60;Y;65.0;True;False;False;0.0;0.9090909090909091;0.0;0.0;138.96536434579914;2.199503395155569;0
FFF;2014J;2535160;F;Scotland;A Level or Equivalent;0;60;N;55.0;False;True;False;0.0;0.7190721649484536;0.0;0.0;17.09375;2.15625;0
EEE;2014J;644905;M;South East Region;HE Qualification;0;120;N;45.0;True;False;False;0.0;0.0;0.0;0.0;0.0;0.0;1
DDD;2013J;2540195;M;South Region;HE Qualification;1;90;N;95.0;True;False;False;0.0;0.5;0.0;0.0;67.72271226324668;2.165948978222529;0
FFF;2014B;630868;M;South West Region;A Level or Equivalent;0;60;N;25.0;True;False;False;0.0;0.0;0.0;0.0;0.0;0.0;1
CCC;2014J;1674799;M;South Region;HE Qualification;0;60;N;75.0;False;False;True;0.0;0.875;1.0;48.0;126.57019414248171;2.2837676698575313;0
CCC;2014J;635573;M;Scotland;A Level or Equivalent;0;30;N;55.0;True;False;False;0.0;1.0;1.0;96.0;110.02637137402225;2.3458909735480846;0
GGG;2014B;112441;F;West Midlands Region;A Level or Equivalent;0;30;N;5.0;True;False;False;0.0;1.0;0.0;0.0;137.10641170879072;3.3623318619216893;0
CCC;2014J;508637;M;Scotland;HE Qualification;0;60;N;25.0;True;False;False;0.0;1.0;1.0;96.0;95.82974454974843;2.0413899080741986;0
FFF;2013J;537028;M;Scotland;Lower Than A Level;1;75;N;15.0;True;False;False;0.0;0.08333333333333333;0.0;0.0;16.088541666666668;1.8541666666666665;0
BBB;2013B;441181;F;East Anglian Region;HE Qualification;0;120;N;25.0;True;False;False;0.0;1.0;0.0;0.0;154.47367801048634;1.5638121390326685;0
GGG;2014J;684456;F;North Western Region;A Level or Equivalent;0;30;Y;5.0;True;False;False;0.0;1.0;0.0;0.0;105.01397401909318;2.2614316449336513;0
GGG;2013J;578666;F;West Midlands Region;A Level or Equivalent;0;30;N;25.0;False;True;False;0.0;0.6666666666666666;0.0;0.0;129.9530162064826;2.971186295030833;0
DDD;2014B;546040;M;East Midlands Region;HE Qualification;0;120;N;85.0;True;False;False;0.0;1.0;1.0;42.0;102.86879432624113;2.2778622087132727;0
BBB;2014J;596128;F;East Anglian Region;Lower Than A Level;0;60;N;55.0;False;True;False;0.0;1.0;0.0;0.0;68.22562276208164;3.5148005914113822;0
CCC;2014J;624354;F;South West Region;A Level or Equivalent;1;60;N;55.0;True;False;False;0.0;0.25;1.0;18.0;64.7360003544214;1.603956228956229;0
BBB;2013J;529597;F;East Midlands Region;Lower Than A Level;0;120;Y;5.0;True;False;False;0.0;0.36363636363636365;0.0;0.0;109.52272727272727;2.0303030303030303;0
FFF;2013J;577688;M;West Midlands Region;Lower Than A Level;0;90;N;35.0;True;False;False;0.0;0.0;0.0;0.0;0.0;0.0;1
CCC;2014B;1470291;F;South West Region;HE Qualification;0;90;N;75.0;False;True;False;0.0;0.5;1.0;92.0;124.67208513708513;1.750021645021645;0
FFF;2013J;2364905;M;North Western Region;Lower Than A Level;1;60;N;65.0;True;False;False;0.0;0.9166666666666666;0.0;0.0;118.40179245618626;4.306710256639768;0
DDD;2013J;415187;F;West Midlands Region;A Level or Equivalent;0;120;N;65.0;True;False;False;0.0;0.0;0.0;0.0;0.0;0.0;1
DDD;2013J;589875;M;South Region;Lower Than A Level;0;60;N;85.0;True;False;False;0.0;1.0;1.0;47.0;129.00054726546722;1.5545635599060768;0
DDD;2014J;2355701;M;East Anglian Region;HE Qualification;0;60;N;75.0;False;True;False;0.0;0.0;0.0;0.0;0.0;0.0;1
BBB;2014B;620047;F;South West Region;Lower Than A Level;0;60;N;15.0;True;False;False;0.0;0.0;0.0;0.0;0.0;0.0;1
BBB;2013B;511067;F;South Region;A Level or Equivalent;0;60;N;5.0;True;False;False;0.0;0.8181818181818182;0.0;0.0;96.0966214324031;1.8718775160149823;0
AAA;2013J;2586560;F;East Anglian Region;Lower Than A Level;0;60;N;85.0;False;True;False;0.0;1.0;0.0;0.0;98.79407260571578;4.411787254418803;0
FFF;2013J;596480;M;East Midlands Region;A Level or Equivalent;0;60;N;25.0;True;False;False;0.0;0.0;0.0;0.0;0.0;0.0;1
DDD;2014J;445474;M;South Region;A Level or Equivalent;0;60;N;45.0;True;False;False;0.0;0.0;0.0;0.0;0.0;0.0;1
CCC;2014J;2339333;M;South West Region;HE Qualification;0;30;N;95.0;False;True;False;0.0;0.375;1.0;86.0;123.65945302445303;1.8785714285714286;0
FFF;2013B;552740;F;London Region;A Level or Equivalent;0;90;N;45.0;True;False;False;0.0;0.0;0.0;0.0;0.0;0.0;1
CCC;2014B;592775;M;Yorkshire Region;HE Qualification;0;30;N;85.0;True;False;False;0.0;1.0;1.0;46.0;113.68502617881414;2.5955624882261414;0
BBB;2014J;653097;F;West Midlands Region;Lower Than A Level;0;60;N;25.0;True;False;False;0.0;0.0;0.0;0.0;0.0;0.0;1
FFF;2014B;438796;M;South Region;Post Graduate Qualification;0;120;N;95.0;False;True;False;0.0;1.0;0.0;0.0;88.40909356524344;3.607832936800874;0
CCC;2014B;370336;M;East Midlands Region;Lower Than A Level;0;150;N;35.0;True;False;False;0.0;0.125;0.0;0.0;11.306022408963585;3.0014005602240896;0
DDD;2014J;475839;M;South East Region;Lower Than A Level;0;120;Y;25.0;True;False;False;0.0;0.3333333333333333;0.0;0.0;48.32203398453399;2.834691697191697;0
CCC;2014B;610287;M;East Anglian Region;HE Qualification;0;60;N;85.0;True;False;False;0.0;0.0;0.0;0.0;0.0;0.0;1
DDD;2013J;442547;M;Yorkshire Region;A Level or Equivalent;0;90;N;35.0;True;False;False;0.0;0.8333333333333334;1.0;36.0;105.7859358884437;1.3590656911617516;0
DDD;2013J;552192;M;East Midlands Region;Lower Than A Level;1;90;N;25.0;True;False;False;0.0;0.0;0.0;0.0;0.0;0.0;1
FFF;2014J;1879321;M;Ireland;HE Qualification;0;90;N;75.0;False;True;False;0.0;1.0;0.0;0.0;99.74533315163892;2.9471146231079444;0
GGG;2013J;591849;M;London Region;Lower Than A Level;0;30;Y;35.0;False;True;False;0.0;1.0;0.0;0.0;87.29606575963719;1.7571541950113378;0
FFF;2014B;631135;F;South West Region;A Level or Equivalent;0;60;N;65.0;True;False;False;0.0;0.6897457158651188;0.0;0.0;6.085;февр.65;0
DDD;2014J;677449;M;West Midlands Region;A Level or Equivalent;0;60;Y;5.0;True;False;False;0.0;0.0;0.0;0.0;0.0;0.0;1
DDD;2013B;522538;F;London Region;A Level or Equivalent;0;180;N;55.0;True;False;False;0.0;0.0;0.0;0.0;0.0;0.0;1
DDD;2014B;614649;M;Wales;Lower Than A Level;0;60;N;75.0;True;False;False;0.0;0.16666666666666666;0.0;0.0;24.76608187134503;1.7412280701754388;0
BBB;2014J;640753;M;North Western Region;Lower Than A Level;0;60;N;15.0;True;False;False;0.0;0.4;0.0;0.0;63.388392857142854;1.2202380952380951;0
FFF;2013J;2611986;M;Scotland;A Level or Equivalent;0;60;N;75.0;False;True;False;0.0;0.25;0.0;0.0;15.665101046828989;2.7997155785391077;0
FFF;2013J;608043;M;South East Region;HE Qualification;0;60;N;25.0;True;False;False;0.0;1.0;0.0;0.0;119.1556951553265;2.651675343992123;0
DDD;2014J;640975;M;South Region;A Level or Equivalent;0;60;N;47.115494568324756;True;False;False;0.0;1.0;1.0;62.0;110.07921527219037;1.664253618101352;0
BBB;2013J;595436;F;Wales;HE Qualification;0;90;N;15.0;True;False;False;0.0;0.8181818181818182;0.0;0.0;118.92430171034822;2.505345350887987;0
FFF;2013J;585466;M;South East Region;Lower Than A Level;0;60;N;85.0;False;True;False;0.0;1.0;0.0;0.0;89.10366200374912;2.6896385843556208;0
FFF;2014J;641565;M;West Midlands Region;Lower Than A Level;0;180;N;15.0;True;False;False;0.0;0.0;0.0;0.0;0.0;0.0;1
BBB;2013B;553125;F;South East Region;A Level or Equivalent;0;120;Y;35.0;False;True;False;0.0;1.0;0.0;0.0;61.29820907464649;1.7011586322661654;0
EEE;2014J;690724;M;West Midlands Region;No Formal quals;0;90;N;35.0;True;False;False;0.0;1.0;0.0;0.0;74.27827031345477;3.3680963205147836;0
FFF;2013J;293317;F;West Midlands Region;A Level or Equivalent;0;60;N;5.0;True;False;False;0.0;0.0;0.0;0.0;0.0;0.0;1
FFF;2013J;289826;F;Scotland;Lower Than A Level;1;150;N;15.0;True;False;False;0.0;0.0;0.0;0.0;0.0;0.0;1
DDD;2013J;1840610;M;West Midlands Region;HE Qualification;1;60;N;45.0;False;True;False;0.0;0.0;0.0;0.0;0.0;0.0;1
DDD;2013B;529025;M;South Region;A Level or Equivalent;0;60;N;35.0;False;True;False;0.0;1.0;1.0;78.0;77.0782939857423;1.5959526589311765;0
BBB;2014J;680926;F;East Anglian Region;A Level or Equivalent;0;60;N;65.0;True;False;False;0.0;1.0;0.0;0.0;84.26306439990199;2.1954299967119106;0
DDD;2014J;686312;F;East Midlands Region;Lower Than A Level;0;60;N;85.0;True;False;False;0.0;1.0;1.0;62.0;96.9306472961501;1.3348241737860498;0
CCC;2014B;575287;F;West Midlands Region;A Level or Equivalent;0;120;N;15.0;False;True;False;0.0;0.0;0.0;0.0;0.0;0.0;1
BBB;2014B;511238;M;East Anglian Region;HE Qualification;0;120;N;55.0;False;True;False;0.0;0.0;0.0;0.0;0.0;0.0;1
FFF;2013J;228695;M;East Midlands Region;A Level or Equivalent;0;120;N;45.0;True;False;False;0.0;1.0;0.0;0.0;112.17951223781968;3.5367695796267227;0
EEE;2014B;632004;M;West Midlands Region;HE Qualification;0;30;N;65.0;False;True;False;0.0;1.0;0.0;0.0;90.945278998779;3.2863791116291114;0
EEE;2013J;595515;M;Wales;A Level or Equivalent;0;30;N;45.0;False;True;False;0.0;0.8558041112454655;0.0;0.0;25.40909090909091;4.068181818181818;0
BBB;2014B;614212;F;East Midlands Region;Lower Than A Level;0;90;N;45.0;True;False;False;0.0;1.0;0.0;0.0;74.3467032967033;1.5042124542124542;0
DDD;2013J;2642498;F;Scotland;Lower Than A Level;2;120;Y;5.0;False;True;False;0.0;0.0;0.0;0.0;0.0;0.0;1
CCC;2014J;685988;F;North Region;HE Qualification;0;150;N;47.115494568324756;True;False;False;0.0;0.0;0.0;0.0;0.0;0.0;1
GGG;2014J;687143;F;West Midlands Region;A Level or Equivalent;0;30;N;15.0;True;False;False;0.0;0.0;0.0;0.0;0.0;0.0;1
FFF;2013B;556542;M;North Region;A Level or Equivalent;0;60;Y;47.115494568324756;True;False;False;0.0;0.0;0.0;0.0;0.0;0.0;1
BBB;2014B;411895;F;East Anglian Region;Lower Than A Level;3;120;N;5.0;True;False;False;0.0;0.2727272727272727;0.0;0.0;19.351190476190478;1.392857142857143;0
FFF;2014J;656800;M;West Midlands Region;Lower Than A Level;0;240;N;25.0;True;False;False;0.0;0.0;0.0;0.0;0.0;0.0;1
DDD;2014J;694006;M;South Region;A Level or Equivalent;0;60;N;95.0;True;False;False;0.0;1.0;1.0;51.0;113.18175113710201;2.5553335499241934;0
GGG;2014B;38187;F;East Anglian Region;Lower Than A Level;0;30;N;55.0;True;False;False;0.0;0.0;0.0;0.0;0.0;0.0;1
FFF;2013J;241039;M;West Midlands Region;Lower Than A Level;0;60;N;45.0;False;True;False;0.0;1.0;0.0;0.0;97.59108917078133;3.1174085280849115;0
BBB;2013J;572752;F;London Region;HE Qualification;0;60;N;95.0;False;True;False;0.0;1.0;0.0;0.0;138.34594550893362;2.231263642978414;0
BBB;2014J;646906;M;West Midlands Region;Lower Than A Level;0;60;N;85.0;True;False;False;0.0;0.0;0.0;0.0;0.0;0.0;1
AAA;2013J;157568;F;South West Region;A Level or Equivalent;0;60;N;95.0;True;False;False;07.нояб;1.0;0.0;0.0;116.43361053728128;4.034390063032999;0
BBB;2013B;534652;F;West Midlands Region;A Level or Equivalent;0;60;N;45.0;True;False;False;0.0;0.8181818181818182;0.0;0.0;95.86935650546182;1.883276451702448;0
FFF;2014J;646551;M;London Region;A Level or Equivalent;0;60;N;45.0;False;True;False;0.0;1.0;0.0;0.0;101.70980047987139;3.645037241568729;0
GGG;2014B;617238;F;South West Region;Lower Than A Level;0;30;N;45.0;False;True;False;0.0;0.5555555555555556;0.0;0.0;55.361507936507934;2.8263392857142855;0
EEE;2014B;2600862;F;Scotland;A Level or Equivalent;0;90;N;95.0;True;False;False;0.0;1.0;0.0;0.0;113.74016982501045;5.098055567452453;0
GGG;2014B;399120;F;London Region;Lower Than A Level;0;30;N;25.0;True;False;False;0.0;0.0;0.0;0.0;0.0;0.0;1
BBB;2014J;106383;F;Scotland;HE Qualification;0;60;N;55.0;False;True;False;0.0;0.0;0.0;0.0;0.0;0.0;1
DDD;2014B;558292;M;West Midlands Region;A Level or Equivalent;0;180;N;75.0;True;False;False;0.0;1.0;1.0;42.0;117.80501663130126;2.777702347498614;0
BBB;2014B;635113;F;South Region;Lower Than A Level;0;60;N;85.0;True;False;False;0.0;1.0;0.0;0.0;132.49494949494948;2.6443001443001446;0
DDD;2014B;627333;M;South East Region;Lower Than A Level;0;120;N;15.0;False;True;False;0.0;0.16666666666666666;1.0;53.0;166.06246908701684;1.8507121964655124;0
BBB;2013J;601504;F;Ireland;Lower Than A Level;0;60;N;55.0;False;True;False;0.0;1.0;0.0;0.0;106.8239778258893;2.2313236212012972;0
DDD;2014J;645939;M;South Region;A Level or Equivalent;0;120;N;45.0;True;False;False;0.0;1.0;1.0;64.0;135.56318035786882;1.5988177235274756;0
CCC;2014B;589722;M;Ireland;A Level or Equivalent;0;60;N;55.0;True;False;False;0.0;0.0;0.0;0.0;0.0;0.0;1
BBB;2013J;610802;F;Wales;A Level or Equivalent;0;120;N;45.0;False;True;False;0.0;0.0;0.0;0.0;0.0;0.0;1
FFF;2014B;268845;M;West Midlands Region;HE Qualification;0;120;N;45.0;True;False;False;0.0;0.0;0.0;0.0;0.0;0.0;1
BBB;2014B;564810;F;East Anglian Region;A Level or Equivalent;0;120;N;45.0;False;True;False;0.0;0.0;0.0;0.0;0.0;0.0;1
CCC;2014B;631300;M;East Anglian Region;A Level or Equivalent;0;90;N;15.0;True;False;False;0.0;0.0;0.0;0.0;0.0;0.0;1
EEE;2014J;650927;M;Scotland;A Level or Equivalent;0;90;N;55.0;True;False;False;0.0;1.0;0.0;0.0;133.09077039906046;3.378978299614657;0
BBB;2014J;125535;F;Scotland;A Level or Equivalent;2;120;N;35.0;False;True;False;0.0;0.8;0.0;0.0;82.4171130952381;1.6341517857142858;0
BBB;2013B;92274;F;East Anglian Region;Lower Than A Level;0;60;N;65.0;True;False;False;0.0;0.0;0.0;0.0;0.0;0.0;1
CCC;2014J;205218;M;Scotland;Lower Than A Level;0;50;N;25.0;False;True;False;0.0;0.0;0.0;0.0;0.0;0.0;1
FFF;2013B;1907755;F;Scotland;HE Qualification;0;90;N;55.0;False;True;False;0.0;1.0;0.0;0.0;91.18086466149528;3.5983072300563665;0
DDD;2013J;138715;M;South East Region;A Level or Equivalent;0;60;N;5.0;True;False;False;0.0;0.0;0.0;0.0;0.0;0.0;1
DDD;2013B;1470291;F;South West Region;HE Qualification;0;60;N;75.0;False;True;False;0.0;0.9230769230769231;1.0;49.0;80.50394204556139;1.423831084675164;0
DDD;2013J;543481;M;East Anglian Region;Lower Than A Level;0;90;N;45.0;True;False;False;0.0;0.5;1.0;40.0;90.36611447053231;1.8298013136677351;0
DDD;2014B;630073;M;Scotland;HE Qualification;0;60;N;5.0;True;False;False;0.0;1.0;1.0;71.0;85.77216174044632;1.7040130673109397;0
EEE;2013J;595182;M;Scotland;HE Qualification;0;90;N;75.0;True;False;False;0.0;1.0;0.0;0.0;97.84770153046888;3.5330095947928926;0
BBB;2014B;421326;F;Wales;Lower Than A Level;0;120;N;15.0;True;False;False;0.0;0.7272727272727273;0.0;0.0;96.03703703703702;2.882716049382716;0
BBB;2013B;74695;F;North Region;Lower Than A Level;0;90;N;45.0;True;False;False;0.0;0.9090909090909091;0.0;0.0;91.50799895721909;1.7096509154646626;0
FFF;2013J;596146;M;South East Region;Lower Than A Level;0;60;N;75.0;True;False;False;0.0;0.0;0.0;0.0;0.0;0.0;1
FFF;2013B;412263;M;Ireland;HE Qualification;0;60;N;47.115494568324756;True;False;False;0.0;0.9166666666666666;0.0;0.0;91.04515972243988;3.7355251326771586;0
FFF;2014B;619001;M;Yorkshire Region;Lower Than A Level;0;120;N;75.0;True;False;False;0.0;0.0;0.0;0.0;0.0;0.0;1
FFF;2013J;2218693;M;South West Region;Lower Than A Level;0;120;Y;95.0;True;False;False;0.0;1.0;0.0;0.0;93.74949343342173;3.9341605182178774;0
BBB;2014J;685900;M;Scotland;Lower Than A Level;0;60;N;75.0;True;False;False;0.0;0.2;0.0;0.0;20.67066163003663;1.9444711538461539;0
CCC;2014J;367510;M;London Region;A Level or Equivalent;0;150;Y;25.0;True;False;False;0.0;0.0;0.0;0.0;0.0;0.0;1
GGG;2013J;568539;F;South Region;A Level or Equivalent;0;30;Y;45.0;True;False;False;0.0;0.8888888888888888;0.0;0.0;76.39935088240068;2.1319737341176124;0
FFF;2013J;573173;M;South Region;Lower Than A Level;0;60;N;85.0;True;False;False;0.0;1.0;0.0;0.0;70.52968905825357;3.489209728741987;0
GGG;2014B;24186;F;Yorkshire Region;Lower Than A Level;0;30;Y;15.0;True;False;False;0.0;0.8888888888888888;0.0;0.0;115.74301242236025;1.8897243107769424;0
BBB;2013B;544848;F;South East Region;Lower Than A Level;0;60;N;35.0;True;False;False;0.0;0.9090909090909091;0.0;0.0;119.23647406805301;1.496715888821152;0
BBB;2014B;633231;F;North Region;Lower Than A Level;0;60;N;5.0;True;False;False;0.0;0.7404752923425123;0.0;0.0;-5.9;01.февр;0
CCC;2014J;626463;M;East Anglian Region;A Level or Equivalent;0;120;Y;85.0;True;False;False;0.0;0.875;1.0;70.0;99.85153846153845;2.131282051282051;0
EEE;2013J;544791;M;Scotland;A Level or Equivalent;0;60;N;25.0;True;False;False;0.0;0.75;0.0;0.0;103.53689217716071;3.2373147809848577;0
AAA;2014J;164944;F;East Anglian Region;A Level or Equivalent;0;60;Y;45.0;True;False;False;0.0;1.0;0.0;0.0;103.92803961576229;2.3504867560889844;0
EEE;2014J;546400;F;Scotland;A Level or Equivalent;2;60;N;65.0;True;False;False;0.0;0.0;0.0;0.0;0.0;0.0;1
FFF;2013B;2141085;F;South Region;Lower Than A Level;0;90;N;95.0;True;False;False;0.0;1.0;0.0;0.0;116.06561793361092;4.453828393036843;0
FFF;2014J;622899;M;London Region;Post Graduate Qualification;1;90;N;35.0;False;True;False;0.0;0.0;0.0;0.0;0.0;0.0;1
GGG;2014J;676739;F;South East Region;A Level or Equivalent;0;30;N;25.0;False;True;False;0.0;0.7862398822663723;0.0;0.0;-7.625;янв.25;0
EEE;2014J;656010;M;Scotland;Lower Than A Level;0;30;N;45.0;True;False;False;0.0;0.75;0.0;0.0;108.17191622993761;3.5704412677340485;0
EEE;2013J;572659;M;London Region;Lower Than A Level;0;90;N;45.0;True;False;False;0.0;0.0;0.0;0.0;0.0;0.0;1
FFF;2013B;551688;M;East Anglian Region;Lower Than A Level;0;60;N;35.0;True;False;False;0.0;0.9166666666666666;0.0;0.0;64.10711904154057;3.881632763624829;0
DDD;2014B;555132;M;South Region;A Level or Equivalent;0;60;N;45.0;True;False;False;0.0;0.0;0.0;0.0;0.0;0.0;1
CCC;2014B;482280;M;East Anglian Region;Lower Than A Level;0;60;N;95.0;True;False;False;0.0;1.0;1.0;72.0;118.5083966594176;2.412214690112388;0
AAA;2013J;331358;F;South Region;HE Qualification;0;60;N;95.0;False;True;False;0.0;0.0;0.0;0.0;0.0;0.0;1
FFF;2013J;522007;M;East Anglian Region;Lower Than A Level;1;60;N;25.0;True;False;False;0.0;0.8333333333333334;0.0;0.0;86.42760721055987;3.162264896786086;0
EEE;2013J;560876;M;West Midlands Region;Lower Than A Level;0;60;N;45.0;True;False;False;0.0;1.0;0.0;0.0;99.90067765063941;3.5124927879364845;0
DDD;2013J;2668945;M;Scotland;A Level or Equivalent;1;60;N;55.0;False;True;False;0.0;0.0;0.0;0.0;0.0;0.0;1
BBB;2014J;697525;M;South Region;Lower Than A Level;0;60;N;85.0;False;True;False;0.0;0.4;0.0;0.0;18.413725490196075;2.584803921568627;0
DDD;2014J;110524;M;Ireland;Lower Than A Level;0;60;N;55.0;False;True;False;0.0;1.0;1.0;44.0;108.64728469094537;1.789347485575538;0
CCC;2014B;555953;M;South Region;Lower Than A Level;0;30;N;35.0;True;False;False;0.0;0.0;0.0;0.0;0.0;0.0;1
DDD;2013J;578850;M;West Midlands Region;A Level or Equivalent;0;90;N;15.0;True;False;False;0.0;1.0;1.0;67.0;89.93180065965781;1.3850113378684807;0
DDD;2013J;177354;F;Wales;Lower Than A Level;1;90;N;85.0;True;False;False;0.0;1.0;1.0;76.0;126.38353643056614;2.1564948802572568;0
FFF;2013J;2393261;M;North Western Region;Lower Than A Level;0;60;N;65.0;True;False;False;0.0;1.0;0.0;0.0;117.62120317122786;2.2531065868571085;0
BBB;2013J;594697;F;West Midlands Region;A Level or Equivalent;0;60;N;85.0;True;False;False;0.0;0.18181818181818182;0.0;0.0;14.930555555555557;1.361111111111111;0
BBB;2014J;592262;M;South West Region;Lower Than A Level;1;60;N;95.0;True;False;False;0.0;0.0;0.0;0.0;0.0;0.0;1
GGG;2013J;594816;F;East Midlands Region;A Level or Equivalent;0;30;N;15.0;True;False;False;0.0;0.0;0.0;0.0;0.0;0.0;0
FFF;2013J;343419;F;South East Region;A Level or Equivalent;0;60;N;25.0;True;False;False;0.0;0.16666666666666666;0.0;0.0;7.672113649437823;2.127506892410603;0
CCC;2014J;1881041;F;East Midlands Region;Lower Than A Level;0;150;N;75.0;False;True;False;0.0;0.0;0.0;0.0;0.0;0.0;1
DDD;2013J;530270;M;South Region;A Level or Equivalent;1;180;N;55.0;True;False;False;0.0;0.0;0.0;0.0;0.0;0.0;1
BBB;2014J;687444;F;West Midlands Region;Lower Than A Level;0;60;N;35.0;True;False;False;0.0;0.0;0.0;0.0;0.0;0.0;1
CCC;2014J;603620;F;London Region;A Level or Equivalent;0;60;N;45.0;True;False;False;0.0;0.75;1.0;66.0;114.3148737173646;2.323499220984411;0
FFF;2013J;276808;F;North Western Region;A Level or Equivalent;1;60;N;15.0;True;False;False;0.0;1.0;0.0;0.0;100.52009383432066;3.1961464527214014;0
BBB;2013J;595925;F;South West Region;A Level or Equivalent;0;60;N;85.0;False;True;False;0.0;1.0;0.0;0.0;118.22250687509047;2.5469065572219067;0
FFF;2013B;534892;M;Ireland;A Level or Equivalent;0;90;N;45.0;True;False;False;0.0;1.0;0.0;0.0;84.17559786858429;3.761787123466703;0
DDD;2013J;1517755;M;South Region;A Level or Equivalent;0;60;N;25.0;False;True;False;0.0;0.0;0.0;0.0;0.0;0.0;1
CCC;2014B;2498388;F;North Region;Lower Than A Level;0;30;Y;47.115494568324756;True;False;False;0.0;0.875;1.0;78.0;108.77341174983833;2.080011807214023;0
DDD;2014B;504089;M;North Western Region;A Level or Equivalent;0;60;N;75.0;True;False;False;0.0;0.0;0.0;0.0;0.0;0.0;0
BBB;2013B;555263;F;South West Region;A Level or Equivalent;0;60;N;75.0;True;False;False;0.0;1.0;0.0;0.0;110.35047217749424;2.1663059906626083;0
DDD;2014J;2196923;M;South Region;A Level or Equivalent;0;60;N;65.0;False;True;False;0.0;1.0;1.0;87.0;48.25244850465439;1.773029312735195;0
FFF;2014B;104316;M;London Region;A Level or Equivalent;0;60;N;75.0;True;False;False;0.0;0.5;0.0;0.0;96.7063969227218;1.5728170513057804;0
BBB;2014B;327003;F;South Region;HE Qualification;0;90;N;85.0;True;False;False;0.0;1.0;0.0;0.0;123.50902558610926;2.6053156838901876;0
CCC;2014J;609031;F;East Anglian Region;Lower Than A Level;0;90;N;75.0;True;False;False;0.0;1.0;1.0;68.0;150.62468669953904;2.7610909510500607;0
BBB;2013J;591410;F;Yorkshire Region;Lower Than A Level;0;60;N;35.0;True;False;False;0.0;0.5454545454545454;0.0;0.0;28.82356902356902;2.0872053872053873;0
EEE;2013J;573244;M;South East Region;A Level or Equivalent;0;60;N;95.0;True;False;False;0.0;0.0;0.0;0.0;0.0;0.0;1
FFF;2013J;599468;M;North Western Region;Lower Than A Level;0;60;N;85.0;True;False;False;0.0;1.0;0.0;0.0;98.79738822191023;3.534206354299537;0
FFF;2014J;261863;M;Scotland;Lower Than A Level;0;120;N;25.0;True;False;False;0.0;0.0;0.0;0.0;0.0;0.0;1
CCC;2014B;601949;M;Scotland;HE Qualification;0;30;N;45.0;False;True;False;0.0;0.75;1.0;40.0;90.30090958849578;2.475010200527442;0
GGG;2014B;619945;F;London Region;A Level or Equivalent;0;30;Y;15.0;True;False;False;0.0;0.0;0.0;0.0;0.0;0.0;1
CCC;2014J;647735;F;Wales;A Level or Equivalent;0;60;N;15.0;True;False;False;0.0;0.0;0.0;0.0;36.80277777777778;2.966666666666667;0
FFF;2013J;583236;M;South West Region;HE Qualification;0;60;N;75.0;True;False;False;0.0;0.9166666666666666;0.0;0.0;94.99744689134396;4.182483227556757;0
FFF;2014B;584884;M;Yorkshire Region;Lower Than A Level;0;60;N;25.0;True;False;False;0.0;0.0;0.0;0.0;0.0;0.0;1
BBB;2013B;2535788;F;Yorkshire Region;A Level or Equivalent;2;60;N;15.0;False;True;False;0.0;0.18181818181818182;0.0;0.0;9.570648946412954;2.0535928898492566;0
CCC;2014B;551604;M;South Region;A Level or Equivalent;0;30;N;65.0;False;True;False;0.0;0.75;1.0;14.0;76.92385110450273;2.789360673774197;0
BBB;2014B;624046;F;Yorkshire Region;A Level or Equivalent;0;60;N;85.0;True;False;False;0.0;0.8181818181818182;0.0;0.0;130.4077900930487;1.6064326765188832;0
DDD;2013J;519211;M;Yorkshire Region;A Level or Equivalent;0;60;N;25.0;True;False;False;0.0;0.3333333333333333;0.0;0.0;69.78816624895572;2.018236215538847;0
DDD;2013J;2198952;M;Ireland;A Level or Equivalent;0;60;N;47.115494568324756;False;True;False;0.0;0.8333333333333334;1.0;82.0;145.74794534413226;1.8266770110993507;0
GGG;2013J;511571;F;North Western Region;A Level or Equivalent;0;30;N;15.0;True;False;False;0.0;1.0;0.0;0.0;129.25992289923136;3.1608300859144185;0
EEE;2013J;573593;M;East Midlands Region;A Level or Equivalent;0;60;N;35.0;False;True;False;0.0;1.0;0.0;0.0;100.43016872231343;4.116170185137157;0
FFF;2014J;585301;M;North Region;A Level or Equivalent;1;120;N;35.0;True;False;False;0.0;0.0;0.0;0.0;0.0;0.0;1
BBB;2014J;578439;F;Yorkshire Region;Lower Than A Level;0;60;N;95.0;True;False;False;0.0;0.6;0.0;0.0;133.60049019607845;1.911764705882353;0
BBB;2014J;2688945;F;South Region;HE Qualification;0;60;N;45.0;False;True;False;0.0;1.0;0.0;0.0;91.30805699556895;2.5680968654367824;0
EEE;2014J;2639115;M;South Region;Lower Than A Level;0;60;N;75.0;True;False;False;0.0;1.0;0.0;0.0;106.52047229333856;4.781490479791642;0
BBB;2013J;604752;F;North Region;Lower Than A Level;0;60;N;15.0;True;False;False;0.0;0.09090909090909091;0.0;0.0;21.08931818181818;1.7866666666666666;0
CCC;2014J;523334;M;East Anglian Region;Lower Than A Level;0;30;N;45.0;True;False;False;0.0;0.0;0.0;0.0;0.0;0.0;1
FFF;2014J;654169;M;North Region;Lower Than A Level;0;60;N;47.115494568324756;True;False;False;0.0;0.8333333333333334;0.0;0.0;120.93139806500845;3.4799558375538764;0
BBB;2013J;595509;M;South Region;A Level or Equivalent;0;120;N;25.0;True;False;False;0.0;0.18181818181818182;0.0;0.0;42.44444444444444;1.9388888888888889;0
EEE;2014J;656825;F;East Anglian Region;A Level or Equivalent;0;120;N;85.0;True;False;False;0.0;0.0;0.0;0.0;0.0;0.0;1
FFF;2013B;519936;M;North Western Region;Lower Than A Level;0;150;N;95.0;True;False;False;0.0;1.0;0.0;0.0;111.31111779685368;4.128289452483001;0
FFF;2013J;574315;M;North Western Region;A Level or Equivalent;0;120;N;5.0;False;True;False;0.0;1.0;0.0;0.0;72.76741873943769;2.441777142776642;0
FFF;2014B;630038;M;North Western Region;A Level or Equivalent;0;60;N;25.0;True;False;False;0.0;0.08333333333333333;0.0;0.0;9.78043758043758;3.1483268983268986;0
GGG;2013J;611580;F;East Midlands Region;A Level or Equivalent;0;60;N;45.0;True;False;False;0.0;1.0;0.0;0.0;118.99713737468672;3.013890194235589;0
CCC;2014B;603477;M;East Anglian Region;HE Qualification;0;60;N;75.0;True;False;False;0.0;1.0;1.0;66.0;114.2655784506486;2.0410136976182383;0
EEE;2014J;67539;M;Ireland;Lower Than A Level;0;60;N;15.0;True;False;False;0.0;1.0;0.0;0.0;85.63038707678358;3.942945269880343;0
DDD;2014B;607462;M;North Region;Lower Than A Level;0;60;N;55.0;True;False;False;0.0;0.6666666666666666;1.0;36.0;75.63326914098973;2.327952847805789;0
BBB;2014B;631766;F;Scotland;A Level or Equivalent;0;60;N;95.0;True;False;False;0.0;1.0;0.0;0.0;98.3413070141869;2.1541032050096924;0
EEE;2014J;634957;M;London Region;Lower Than A Level;0;60;N;25.0;False;True;False;0.0;0.0;0.0;0.0;0.0;0.0;1
CCC;2014J;556824;M;Scotland;HE Qualification;0;60;N;75.0;False;True;False;0.0;1.0;1.0;88.0;100.61049583993999;1.9781328320802005;0
FFF;2013J;580702;M;London Region;HE Qualification;0;120;N;85.0;True;False;False;0.0;0.9166666666666666;0.0;0.0;108.68630628630629;3.4664187664187662;0
GGG;2013J;339853;F;South West Region;Lower Than A Level;0;30;Y;45.0;True;False;False;0.0;1.0;0.0;0.0;116.10390895821931;2.1311853068174904;0
EEE;2013J;557147;M;South East Region;A Level or Equivalent;0;120;N;95.0;True;False;False;0.0;0.75;0.0;0.0;88.8523311264305;3.189045192212894;0
GGG;2013J;598107;F;South West Region;Lower Than A Level;0;30;N;35.0;True;False;False;0.0;1.0;0.0;0.0;118.69658826735098;2.8480570042010718;0
CCC;2014J;691550;M;South East Region;Post Graduate Qualification;0;90;N;45.0;False;True;False;0.0;1.0;1.0;98.0;79.98805102472596;1.7090104556314343;0
BBB;2014J;696684;F;North Western Region;Lower Than A Level;0;120;N;55.0;True;False;False;0.0;1.0;0.0;0.0;138.12038541168977;2.4630952380952382;0
FFF;2014J;569876;M;North Region;HE Qualification;0;90;N;47.115494568324756;True;False;False;0.0;1.0;0.0;0.0;106.92031373373096;3.346560987208888;0
CCC;2014B;587906;M;East Midlands Region;A Level or Equivalent;0;60;N;25.0;True;False;False;0.0;0.5;1.0;82.0;94.75185040242351;1.9969111724844437;0
BBB;2014B;600259;F;South East Region;Lower Than A Level;0;120;N;15.0;True;False;False;0.0;0.0;0.0;0.0;0.0;0.0;1
CCC;2014J;632451;F;South East Region;A Level or Equivalent;0;60;N;65.0;False;True;False;0.0;0.5;1.0;88.0;143.1538975049729;3.1237980937753207;0
DDD;2013J;522777;M;South West Region;A Level or Equivalent;1;60;N;45.0;True;False;False;0.0;0.8333333333333334;1.0;71.0;141.96990206392724;1.4795266520109287;0
CCC;2014J;675477;F;Wales;Lower Than A Level;0;30;Y;35.0;True;False;False;0.0;0.75;1.0;66.0;137.4783708969691;2.6271116227600486;0
GGG;2014J;646857;F;South Region;Lower Than A Level;0;30;N;55.0;True;False;False;0.0;1.0;0.0;0.0;130.06003442129202;3.1047514190095433;0
FFF;2013B;544055;M;South East Region;HE Qualification;0;210;N;25.0;True;False;False;0.0;1.0;0.0;0.0;85.26461393800378;3.2871675723437694;0
BBB;2013B;543630;F;North Region;A Level or Equivalent;0;60;N;25.0;True;False;False;0.0;0.6363636363636364;0.0;0.0;28.424158678622966;1.5126971243042673;0
FFF;2013B;395463;M;West Midlands Region;HE Qualification;2;180;N;55.0;True;False;False;0.0;0.8333333333333334;0.0;0.0;113.95061246577941;3.456982904747478;0
CCC;2014B;548509;M;London Region;HE Qualification;0;30;N;75.0;False;True;False;0.0;1.0;1.0;100.0;75.88872568666852;1.9294294672798846;0
CCC;2014J;654095;M;East Anglian Region;Lower Than A Level;0;120;N;55.0;True;False;False;0.0;0.0;0.0;0.0;0.0;0.0;0
GGG;2014B;191235;F;East Anglian Region;Lower Than A Level;0;30;N;85.0;True;False;False;0.0;0.0;0.0;0.0;0.0;0.0;1
FFF;2013J;589843;M;London Region;Lower Than A Level;0;60;N;35.0;True;False;False;0.0;0.08333333333333333;0.0;0.0;19.300711951447248;1.6280345471521942;0
FFF;2014B;625828;M;East Anglian Region;Lower Than A Level;0;60;N;65.0;True;False;False;0.0;0.0;0.0;0.0;0.0;0.0;1
DDD;2013J;559540;M;London Region;A Level or Equivalent;0;150;N;35.0;True;False;False;0.0;0.6666666666666666;1.0;33.0;62.50546331526961;1.7021535544537965;0
EEE;2014B;2619011;M;Yorkshire Region;A Level or Equivalent;0;60;N;75.0;False;True;False;0.0;0.0;0.0;0.0;0.0;0.0;1
BBB;2013B;521069;M;South Region;A Level or Equivalent;0;60;N;15.0;False;True;False;0.0;0.7314562719968125;0.0;0.0;0.7515151515151516;3.0775252525252528;0
FFF;2013J;604581;F;North Western Region;A Level or Equivalent;0;90;N;15.0;True;False;False;0.0;0.16666666666666666;0.0;0.0;34.489947089947094;2.9296296296296296;0
FFF;2014B;597359;F;South Region;HE Qualification;0;60;N;75.0;True;False;False;0.0;0.0;0.0;0.0;0.0;0.0;1
DDD;2013B;559410;M;Ireland;HE Qualification;0;60;N;55.0;True;False;False;0.0;0.38461538461538464;0.0;0.0;43.28793706293706;2.021911421911422;0
DDD;2013B;500136;F;Ireland;A Level or Equivalent;0;120;N;5.0;True;False;False;0.0;0.9230769230769231;1.0;69.0;100.26893738462863;1.7680928773868234;0
BBB;2014J;512493;M;London Region;A Level or Equivalent;0;120;N;15.0;False;True;False;0.0;0.0;0.0;0.0;0.0;0.0;1
DDD;2014J;685843;M;Scotland;A Level or Equivalent;0;60;N;25.0;True;False;False;0.0;1.0;1.0;73.0;118.83234186144114;1.4876765519983903;0
DDD;2014J;563847;F;Ireland;Lower Than A Level;1;60;N;25.0;True;False;False;0.0;0.5;0.0;0.0;133.22222222222223;1.2222222222222223;0
AAA;2013J;242793;M;London Region;HE Qualification;0;60;N;25.0;False;True;False;13.февр;1.0;0.0;0.0;79.93966318234611;2.2976117886178864;0
BBB;2013J;2473780;F;Scotland;HE Qualification;0;60;N;25.0;True;False;False;0.0;1.0;0.0;0.0;121.04983584801879;1.8998722164848538;0
EEE;2013J;2681277;M;London Region;HE Qualification;0;170;N;35.0;False;True;False;0.0;0.0;0.0;0.0;0.0;0.0;1
EEE;2013J;611561;F;Scotland;A Level or Equivalent;0;30;N;75.0;True;False;False;0.0;0.5;0.0;0.0;40.08502992105933;3.049713521772345;0
FFF;2014J;619321;M;West Midlands Region;Lower Than A Level;0;60;N;65.0;True;False;False;0.0;1.0;0.0;0.0;99.39163991285417;3.5390390597460866;0
EEE;2014J;643118;M;South Region;HE Qualification;0;60;N;55.0;True;False;False;0.0;1.0;0.0;0.0;117.46775630659194;3.799671984591676;0
GGG;2014J;684169;F;South West Region;HE Qualification;0;30;N;35.0;False;True;False;0.0;0.7777777777777778;0.0;0.0;139.52599206349205;4.500256769374416;0
BBB;2014J;642439;F;Ireland;Lower Than A Level;0;120;N;47.115494568324756;True;False;False;0.0;0.0;0.0;0.0;0.0;0.0;1
FFF;2014B;540909;M;West Midlands Region;A Level or Equivalent;1;120;N;95.0;True;False;False;0.0;0.0;0.0;0.0;0.0;0.0;1
AAA;2014J;639053;M;North Region;A Level or Equivalent;0;120;N;65.0;True;False;False;0.0;1.0;0.0;0.0;58.794056372549015;2.4631127450980395;0
DDD;2014J;679255;M;North Western Region;Lower Than A Level;0;60;N;55.0;True;False;False;0.0;0.0;0.0;0.0;0.0;0.0;1
GGG;2014B;1860171;M;East Anglian Region;HE Qualification;0;30;N;55.0;False;True;False;0.0;1.0;0.0;0.0;97.47256538211549;2.0513821248196247;0
EEE;2013J;446324;M;Scotland;A Level or Equivalent;0;60;Y;95.0;True;False;False;0.0;1.0;0.0;0.0;96.92150882678972;3.404828327904437;0
DDD;2014J;651048;M;North Region;A Level or Equivalent;0;60;Y;45.0;True;False;False;0.0;0.7706143424433542;0.665031534688157;42.11072179397337;02.май;1.1818181818181819;0
FFF;2014J;683403;M;Wales;A Level or Equivalent;0;60;N;25.0;True;False;False;0.0;1.0;0.0;0.0;103.52072733600225;3.081997373136035;0
FFF;2014J;656791;M;London Region;A Level or Equivalent;0;90;N;15.0;False;True;False;0.0;1.0;0.0;0.0;93.90617069871278;2.9201144566340598;0
BBB;2014J;559685;F;Scotland;HE Qualification;1;60;N;25.0;False;True;False;0.0;0.2;0.0;0.0;19.443627450980394;2.639705882352941;0
FFF;2013B;537028;M;Scotland;Lower Than A Level;0;75;N;15.0;True;False;False;0.0;0.0;0.0;0.0;0.0;0.0;1
DDD;2013J;582554;M;Ireland;Lower Than A Level;0;120;N;47.115494568324756;True;False;False;0.0;1.0;1.0;49.0;112.68664560352595;1.5767896712341156;0
GGG;2013J;573554;F;South East Region;Lower Than A Level;0;30;N;25.0;True;False;False;0.0;0.7777777777777778;0.0;0.0;171.66906693711968;2.500690621076017;0
BBB;2014J;2459279;F;South East Region;A Level or Equivalent;0;120;N;65.0;False;True;False;0.0;0.7303959843837144;0.0;0.0;11.833333333333334;1.962962962962963;0
DDD;2014J;598303;M;London Region;A Level or Equivalent;0;60;N;25.0;True;False;False;0.0;0.6666666666666666;0.0;0.0;76.5810606060606;2.3780808080808082;0
EEE;2014J;583719;M;South East Region;A Level or Equivalent;0;60;N;75.0;True;False;False;0.0;1.0;0.0;0.0;95.28349991535832;3.5032092430884396;0
BBB;2013J;484135;F;London Region;HE Qualification;1;60;N;75.0;True;False;False;0.0;0.9090909090909091;0.0;0.0;183.83087027914615;1.8606732348111659;0
FFF;2013B;252095;F;South Region;Lower Than A Level;0;90;N;85.0;False;True;False;0.0;1.0;0.0;0.0;95.83937946065585;3.385315294866187;0
DDD;2014J;512046;F;Yorkshire Region;Lower Than A Level;0;60;N;15.0;True;False;False;0.0;1.0;1.0;62.0;101.53544429802653;1.7938347014827278;0
GGG;2013J;574988;F;South East Region;A Level or Equivalent;0;30;Y;35.0;True;False;False;0.0;1.0;0.0;0.0;126.91507876479415;2.2566849617348055;0
DDD;2014B;588752;M;North Region;A Level or Equivalent;0;60;N;35.0;False;True;False;0.0;0.8333333333333334;1.0;47.0;50.38622962708796;1.5541131840860152;0
BBB;2014J;649345;F;East Anglian Region;HE Qualification;0;60;N;95.0;False;True;False;0.0;1.0;0.0;0.0;139.84703716422467;4.067208485958486;0
DDD;2013J;2569653;M;North Western Region;HE Qualification;0;90;N;95.0;False;True;False;0.0;0.16666666666666666;0.0;0.0;10.206918238993712;1.5807651991614255;0
BBB;2013B;377695;F;South West Region;A Level or Equivalent;0;180;N;45.0;True;False;False;0.0;0.0;0.0;0.0;0.0;0.0;1
CCC;2014B;572036;M;East Midlands Region;Lower Than A Level;0;120;N;25.0;True;False;False;0.0;1.0;1.0;48.0;77.28734588163537;2.2776367183528;0
BBB;2013B;509226;F;West Midlands Region;Lower Than A Level;0;120;N;65.0;True;False;False;0.0;1.0;0.0;0.0;109.49736009805999;1.635059939959156;0
DDD;2014J;643285;M;Scotland;A Level or Equivalent;0;60;N;75.0;True;False;False;0.0;1.0;1.0;91.0;81.4719030956681;1.5565538445741134;0
CCC;2014B;439669;M;Yorkshire Region;A Level or Equivalent;0;60;N;65.0;True;False;False;0.0;0.0;0.0;0.0;0.0;0.0;1
GGG;2014B;610917;F;London Region;A Level or Equivalent;0;30;N;5.0;True;False;False;0.0;0.2222222222222222;0.0;0.0;51.53766233766234;2.254184704184704;0
BBB;2014B;629976;F;Scotland;HE Qualification;0;60;N;5.0;True;False;False;0.0;0.0;0.0;0.0;0.0;0.0;1
DDD;2014B;2460775;F;South West Region;HE Qualification;0;70;N;75.0;True;False;False;0.0;1.0;1.0;82.0;79.50760588083448;1.4530121981004684;0
CCC;2014J;698299;M;London Region;HE Qualification;0;30;N;45.0;False;True;False;0.0;1.0;1.0;96.0;120.55595334926821;2.4906348008449903;0
BBB;2014J;639659;F;East Midlands Region;A Level or Equivalent;0;120;N;65.0;True;False;False;0.0;0.0;0.0;0.0;0.0;0.0;1
GGG;2014J;634019;M;North Western Region;A Level or Equivalent;0;30;N;25.0;True;False;False;0.0;0.8888888888888888;0.0;0.0;146.24923334515725;3.5219238792608363;0
FFF;2014J;1972092;M;South East Region;Lower Than A Level;0;60;N;85.0;False;True;False;0.0;1.0;0.0;0.0;94.37243543118603;4.209208580070607;0
DDD;2013B;379861;F;London Region;HE Qualification;0;60;N;45.0;True;False;False;0.0;1.0;1.0;78.0;88.01260322573586;1.54098701039984;0
DDD;2013J;589963;M;Scotland;Lower Than A Level;0;180;N;35.0;True;False;False;0.0;0.0;0.0;0.0;0.0;0.0;1
FFF;2014J;677701;M;South Region;Lower Than A Level;0;180;N;55.0;False;True;False;0.0;0.0;0.0;0.0;0.0;0.0;1
EEE;2014J;653608;M;North Western Region;Lower Than A Level;0;120;N;5.0;True;False;False;0.0;0.8505347593582888;0.0;0.0;04.май;2.0;0
BBB;2013J;504635;F;Wales;HE Qualification;0;60;N;95.0;True;False;False;0.0;0.9090909090909091;0.0;0.0;163.52376970855232;1.4495540691192865;0
EEE;2014J;402906;M;London Region;HE Qualification;0;30;N;35.0;True;False;False;0.0;0.0;0.0;0.0;0.0;0.0;1
CCC;2014J;566447;F;Wales;HE Qualification;0;30;N;85.0;True;False;False;0.0;1.0;1.0;92.0;90.56531429628228;1.9424582289856853;0
EEE;2014J;678015;M;South West Region;A Level or Equivalent;0;60;N;55.0;True;False;False;0.0;1.0;0.0;0.0;103.13822332292601;4.385866635850651;0
FFF;2013J;2678993;M;Scotland;HE Qualification;0;60;N;15.0;True;False;False;0.0;0.0;0.0;0.0;0.0;0.0;1
FFF;2014J;675818;M;East Midlands Region;A Level or Equivalent;0;60;N;15.0;True;False;False;0.0;0.0;0.0;0.0;0.0;0.0;1
EEE;2014J;470461;M;Scotland;Lower Than A Level;0;60;N;45.0;True;False;False;0.0;1.0;0.0;0.0;106.69398564398564;3.7755540755540755;0
BBB;2014B;611348;F;London Region;HE Qualification;0;90;N;25.0;True;False;False;0.0;0.9090909090909091;0.0;0.0;129.5009372364498;2.53010396596496;0
FFF;2013B;554038;M;South West Region;A Level or Equivalent;0;120;N;75.0;True;False;False;0.0;1.0;0.0;0.0;72.62726104609975;4.49257875938794;0
BBB;2014J;674290;F;North Region;A Level or Equivalent;0;60;N;85.0;True;False;False;0.0;0.8;0.0;0.0;74.01243152429548;3.35528597745244;0
BBB;2013B;499483;F;North Region;A Level or Equivalent;0;60;N;15.0;True;False;False;0.0;0.8181818181818182;0.0;0.0;62.60220331776778;2.1108962440908567;0
DDD;2014J;500339;M;North Western Region;Lower Than A Level;1;120;N;75.0;True;False;False;0.0;0.0;0.0;0.0;0.0;0.0;1
CCC;2014B;540937;M;Yorkshire Region;HE Qualification;0;60;N;5.0;True;False;False;0.0;0.0;0.0;0.0;0.0;0.0;1
FFF;2014B;627022;M;South East Region;A Level or Equivalent;0;60;N;85.0;True;False;False;0.0;1.0;0.0;0.0;83.0994488819712;3.742128263601478;0
CCC;2014J;697511;F;South West Region;A Level or Equivalent;0;120;N;55.0;True;False;False;0.0;0.0;0.0;0.0;0.0;0.0;1
GGG;2013J;595256;F;South West Region;A Level or Equivalent;0;30;N;65.0;True;False;False;0.0;1.0;0.0;0.0;133.65467042672924;3.798044893633129;0
CCC;2014B;563556;F;Yorkshire Region;A Level or Equivalent;0;90;N;5.0;True;False;False;0.0;0.0;0.0;0.0;0.0;0.0;1
BBB;2014J;683947;M;Wales;A Level or Equivalent;0;240;N;25.0;True;False;False;0.0;0.0;0.0;0.0;0.0;0.0;1
GGG;2014B;426547;F;South Region;A Level or Equivalent;0;30;Y;45.0;False;True;False;0.0;1.0;0.0;0.0;114.22307417023607;2.180201637035733;0
BBB;2013B;555672;F;West Midlands Region;A Level or Equivalent;0;120;N;15.0;True;False;False;0.0;1.0;0.0;0.0;100.6192374782517;1.742160744539306;0
BBB;2014B;566669;F;South East Region;A Level or Equivalent;0;60;N;35.0;True;False;False;0.0;0.8181818181818182;0.0;0.0;71.45047360082158;2.2449215133551657;0
DDD;2014J;559852;F;South Region;Lower Than A Level;0;60;N;65.0;True;False;False;0.0;1.0;1.0;76.0;103.62291439580267;1.6010920138565403;0
BBB;2014B;618197;F;South East Region;Lower Than A Level;0;60;N;25.0;True;False;False;0.0;0.0;0.0;0.0;0.0;0.0;1
DDD;2013B;337414;F;East Anglian Region;A Level or Equivalent;1;60;N;75.0;True;False;False;0.0;0.0;0.0;0.0;0.0;0.0;1
BBB;2014J;642075;M;Wales;Lower Than A Level;0;60;N;5.0;True;False;False;0.0;0.2;0.0;0.0;21.178571428571427;1.9726190476190477;0
DDD;2013J;447059;F;West Midlands Region;A Level or Equivalent;0;60;N;55.0;True;False;False;0.0;1.0;1.0;76.0;108.49164366081011;1.4428760236386322;0
FFF;2014J;696275;M;Ireland;Lower Than A Level;0;60;N;47.115494568324756;False;True;False;0.0;1.0;0.0;0.0;111.84741309813442;3.4805639292354935;0
EEE;2013J;545758;M;West Midlands Region;Lower Than A Level;0;150;N;35.0;True;False;False;0.0;1.0;0.0;0.0;85.86468668078241;3.7848986690865094;0
DDD;2014J;693145;M;East Anglian Region;A Level or Equivalent;0;120;N;25.0;True;False;False;0.0;1.0;1.0;64.0;72.1056326249508;1.2773940705758888;0
FFF;2014J;655402;F;London Region;Lower Than A Level;0;150;N;35.0;True;False;False;0.0;0.0;0.0;0.0;0.0;0.0;1
EEE;2014J;286527;F;North Western Region;A Level or Equivalent;1;90;N;75.0;True;False;False;0.0;0.75;0.0;0.0;101.49966475095786;2.794961685823755;0
EEE;2013J;605262;M;Scotland;A Level or Equivalent;0;60;N;75.0;True;False;False;0.0;0.0;0.0;0.0;0.0;0.0;1
DDD;2014J;334581;M;East Midlands Region;HE Qualification;0;90;N;85.0;True;False;False;0.0;1.0;1.0;78.0;109.69939365925282;1.3175997425997426;0
EEE;2014J;652460;M;Scotland;A Level or Equivalent;0;30;N;95.0;False;True;False;0.0;1.0;0.0;0.0;91.91442897380398;5.118548465423466;0
FFF;2014J;338689;M;West Midlands Region;HE Qualification;0;150;N;5.0;True;False;False;0.0;1.0;0.0;0.0;138.92785851714422;2.37171910430839;0
FFF;2013B;530852;M;Wales;Lower Than A Level;0;120;N;15.0;True;False;False;0.0;0.0;0.0;0.0;0.0;0.0;1
DDD;2013J;570871;F;West Midlands Region;A Level or Equivalent;0;120;N;5.0;True;False;False;0.0;0.8333333333333334;1.0;69.0;108.05693269857258;2.264167218284947;0
FFF;2014J;572265;M;London Region;A Level or Equivalent;1;90;N;35.0;True;False;False;0.0;0.08333333333333333;0.0;0.0;31.216666666666665;1.9996296296296296;0
GGG;2014J;648528;M;North Western Region;A Level or Equivalent;0;90;Y;5.0;True;False;False;0.0;0.7777777777777778;0.0;0.0;179.83665577342046;6.05995642701525;0
DDD;2013J;571512;F;North Region;HE Qualification;0;60;N;47.115494568324756;False;True;False;0.0;1.0;1.0;89.0;98.14019375093523;1.5670125911877182;0
DDD;2013J;542321;M;North Region;HE Qualification;1;60;N;5.0;False;True;False;0.0;0.0;0.0;0.0;0.0;0.0;1
EEE;2014J;2286544;M;South West Region;A Level or Equivalent;0;30;N;35.0;True;False;False;0.0;1.0;0.0;0.0;117.83598126931004;4.5478636393284635;0
GGG;2013J;588505;F;Yorkshire Region;Lower Than A Level;0;30;N;5.0;False;True;False;0.0;0.7777777777777778;0.0;0.0;138.52212297506415;2.4335306850012732;0
FFF;2014J;684594;M;East Anglian Region;Lower Than A Level;0;90;N;55.0;False;True;False;0.0;0.0;0.0;0.0;0.0;0.0;1
GGG;2014J;641766;F;South West Region;Lower Than A Level;0;30;N;45.0;False;True;False;0.0;0.7862398822663723;0.0;0.0;-15.0;02.июнь;0
DDD;2013J;604574;M;Wales;A Level or Equivalent;0;60;N;5.0;True;False;False;0.0;0.0;0.0;0.0;0.0;0.0;1
CCC;2014B;483108;F;North Western Region;A Level or Equivalent;0;120;N;85.0;True;False;False;0.0;0.0;0.0;0.0;0.0;0.0;1
CCC;2014B;406937;F;South Region;Lower Than A Level;0;60;N;95.0;False;True;False;0.0;0.0;0.0;0.0;0.0;0.0;1
BBB;2013B;554393;M;West Midlands Region;A Level or Equivalent;0;60;N;25.0;False;True;False;0.0;0.0;0.0;0.0;55.0;3.1333333333333333;0
GGG;2014B;626287;F;Yorkshire Region;Lower Than A Level;0;30;N;45.0;True;False;False;0.0;0.7777777777777778;0.0;0.0;123.9422123015873;4.359623015873016;0
AAA;2013J;241729;F;East Midlands Region;HE Qualification;0;60;N;65.0;False;True;False;8.925;1.0;0.0;0.0;129.83159865269346;2.492559030939815;0
FFF;2013J;984347;M;Yorkshire Region;A Level or Equivalent;0;60;N;85.0;False;True;False;0.0;1.0;0.0;0.0;59.701696852176845;2.162081937066208;0
DDD;2014B;2444109;M;Wales;A Level or Equivalent;0;60;N;55.0;True;False;False;0.0;0.0;0.0;0.0;0.0;0.0;1
BBB;2014J;2349805;F;East Anglian Region;Lower Than A Level;0;60;N;55.0;False;True;False;0.0;0.7303959843837144;0.0;0.0;114.0;2.2777777777777777;0
FFF;2013B;110116;M;East Midlands Region;HE Qualification;1;150;N;45.0;True;False;False;0.0;1.0;0.0;0.0;102.35782013729775;4.32781831214667;0
GGG;2014J;654369;M;South West Region;Lower Than A Level;0;30;N;35.0;True;False;False;0.0;0.8888888888888888;0.0;0.0;50.57168052406147;2.9167833605176963;0
GGG;2014B;2067555;F;North Western Region;Lower Than A Level;0;30;N;5.0;True;False;False;0.0;0.7777777777777778;0.0;0.0;139.01571969696968;3.2776515151515153;0
CCC;2014B;606282;F;East Anglian Region;A Level or Equivalent;0;60;Y;65.0;True;False;False;0.0;0.625;1.0;62.0;131.9160576923077;4.202543498168498;0
DDD;2013J;601092;M;West Midlands Region;A Level or Equivalent;0;60;N;45.0;False;True;False;0.0;1.0;1.0;82.0;118.49144183880206;1.6990475245874543;0
CCC;2014B;586473;M;East Midlands Region;A Level or Equivalent;0;60;Y;75.0;True;False;False;0.0;0.0;0.0;0.0;27.28392857142857;2.0944940476190474;0
BBB;2014J;641329;F;North Western Region;A Level or Equivalent;0;60;N;15.0;False;True;False;0.0;0.6;0.0;0.0;45.969659120478795;2.747521467603435;0
BBB;2013B;484768;F;London Region;No Formal quals;1;240;N;15.0;True;False;False;0.0;0.8181818181818182;0.0;0.0;61.241672413793104;1.414613300492611;0
BBB;2014J;589968;F;East Midlands Region;Lower Than A Level;0;60;N;5.0;True;False;False;0.0;0.0;0.0;0.0;0.0;0.0;1
DDD;2013B;550183;M;North Region;A Level or Equivalent;0;60;N;15.0;True;False;False;0.0;0.0;0.0;0.0;0.0;0.0;1
DDD;2013J;549601;M;West Midlands Region;Lower Than A Level;0;60;Y;25.0;False;True;False;0.0;0.0;0.0;0.0;0.0;0.0;1
CCC;2014J;491033;M;Scotland;Lower Than A Level;0;120;N;5.0;True;False;False;0.0;0.0;0.0;0.0;0.0;0.0;1
CCC;2014J;508244;F;London Region;HE Qualification;0;30;N;55.0;True;False;False;0.0;0.0;0.0;0.0;0.0;0.0;1
BBB;2014B;89778;M;South East Region;A Level or Equivalent;1;120;N;75.0;True;False;False;0.0;1.0;0.0;0.0;102.50617283950616;2.243827160493827;0
BBB;2013J;561457;F;North Region;Lower Than A Level;0;150;N;5.0;True;False;False;0.0;1.0;0.0;0.0;100.22164455627188;1.8710613816825;0
FFF;2014J;2160316;F;London Region;HE Qualification;0;60;N;55.0;False;True;False;0.0;1.0;0.0;0.0;106.34859674147883;2.959068638284162;0
CCC;2014B;599542;M;Scotland;Lower Than A Level;0;90;N;15.0;True;False;False;0.0;0.125;0.0;0.0;8.945402298850576;2.4686781609195405;0
BBB;2014B;545196;F;South West Region;Lower Than A Level;0;60;N;5.0;False;True;False;0.0;0.9090909090909091;0.0;0.0;103.68832636196973;1.8790107483129987;0
FFF;2013J;571802;F;North Western Region;Lower Than A Level;0;60;N;15.0;True;False;False;0.0;0.8333333333333334;0.0;0.0;75.59013653013652;3.091274281274281;0
GGG;2014J;1734156;F;Scotland;Lower Than A Level;0;30;N;45.0;True;False;False;0.0;0.8888888888888888;0.0;0.0;143.06011396011397;9.707393162393164;0
GGG;2013J;603328;F;London Region;Lower Than A Level;0;30;N;15.0;False;True;False;0.0;0.8888888888888888;0.0;0.0;179.27272577996717;4.261559934318555;0
EEE;2014B;577245;M;South Region;Lower Than A Level;0;60;N;85.0;True;False;False;0.0;1.0;0.0;0.0;73.35196245746617;3.76184918425816;0
DDD;2014J;618737;M;South East Region;A Level or Equivalent;0;60;N;45.0;True;False;False;0.0;1.0;1.0;89.0;114.82336081837539;1.3040899992730144;0
FFF;2013B;2532320;M;South Region;A Level or Equivalent;0;60;N;35.0;True;False;False;0.0;1.0;0.0;0.0;92.52516251894676;2.2835300076745906;0
FFF;2013J;438063;M;Wales;A Level or Equivalent;1;60;Y;25.0;False;True;False;0.0;0.0;0.0;0.0;0.0;0.0;1
DDD;2013J;352641;F;East Midlands Region;Lower Than A Level;0;120;N;85.0;True;False;False;0.0;0.0;0.0;0.0;0.0;0.0;1
FFF;2014B;617998;M;Ireland;A Level or Equivalent;0;60;N;15.0;False;True;False;0.0;1.0;0.0;0.0;108.82679833547192;3.139303377563071;0
BBB;2013J;74585;F;Wales;A Level or Equivalent;0;60;N;65.0;False;True;False;0.0;1.0;0.0;0.0;122.86672763750515;2.7421416767600735;0
BBB;2013J;363711;F;North Western Region;Lower Than A Level;1;60;N;5.0;True;False;False;0.0;0.0;0.0;0.0;0.0;0.0;1
FFF;2014J;699126;M;South Region;Lower Than A Level;0;90;N;45.0;True;False;False;0.0;0.9166666666666666;0.0;0.0;129.86361637611637;3.7922115297115297;0
FFF;2014B;588107;M;Ireland;Lower Than A Level;1;210;N;5.0;True;False;False;0.0;0.0;0.0;0.0;0.0;0.0;1
DDD;2014J;695201;M;London Region;A Level or Equivalent;0;120;N;25.0;True;False;False;0.0;1.0;1.0;78.0;121.8064257161892;1.5757159424581142;0
BBB;2014J;683592;F;South Region;A Level or Equivalent;0;60;N;85.0;True;False;False;0.0;0.8;0.0;0.0;71.26604938271605;3.026303155006859;0
FFF;2013B;1874403;M;London Region;A Level or Equivalent;1;180;Y;15.0;False;True;False;0.0;0.0;0.0;0.0;0.0;0.0;1
BBB;2013J;230081;F;East Midlands Region;A Level or Equivalent;0;120;N;35.0;True;False;False;0.0;1.0;0.0;0.0;118.36306276778667;1.7439786261615426;0
BBB;2013B;559603;F;East Midlands Region;A Level or Equivalent;0;60;N;45.0;False;True;False;0.0;0.9090909090909091;0.0;0.0;54.48585109099439;1.5387497807356074;0
DDD;2014J;610537;M;North Western Region;A Level or Equivalent;1;120;N;55.0;True;False;False;0.0;0.5;0.0;0.0;55.59285714285714;1.1071428571428572;0
GGG;2014B;620982;F;East Midlands Region;A Level or Equivalent;0;30;N;85.0;True;False;False;0.0;1.0;0.0;0.0;145.73773919317398;5.146347010477445;0
FFF;2014J;339519;M;South East Region;Lower Than A Level;0;120;N;45.0;True;False;False;0.0;1.0;0.0;0.0;131.07072107993633;2.934625358216628;0
DDD;2013J;34087;M;South East Region;A Level or Equivalent;0;60;Y;65.0;False;True;False;0.0;0.0;0.0;0.0;0.0;0.0;1
FFF;2014J;688895;M;Ireland;Lower Than A Level;0;60;N;47.115494568324756;True;False;False;0.0;1.0;0.0;0.0;115.22018687457498;3.4786211666437294;0
FFF;2014J;698762;F;London Region;A Level or Equivalent;0;120;N;75.0;False;True;False;0.0;0.0;0.0;0.0;0.0;0.0;1
AAA;2013J;174782;M;East Anglian Region;HE Qualification;0;60;N;95.0;False;False;True;май.81;1.0;0.0;0.0;109.76892625477178;4.13237337239639;0
CCC;2014J;642838;F;Yorkshire Region;A Level or Equivalent;0;90;N;15.0;True;False;False;0.0;1.0;1.0;58.0;52.85815117660197;2.4031907859857546;0
CCC;2014B;489929;M;South East Region;Lower Than A Level;0;60;N;65.0;False;True;False;0.0;0.5;1.0;66.0;84.71356945371723;3.2808641340414737;0
DDD;2013J;563675;M;South West Region;Lower Than A Level;0;60;Y;45.0;True;False;False;0.0;0.8333333333333334;1.0;87.0;72.79192545469292;1.7273922928062675;0
BBB;2013J;556637;F;East Midlands Region;Lower Than A Level;0;60;N;65.0;True;False;False;0.0;0.0;0.0;0.0;0.0;0.0;1
FFF;2013J;586906;M;Scotland;HE Qualification;0;180;Y;35.0;True;False;False;0.0;0.0;0.0;0.0;0.0;0.0;1
FFF;2013J;488324;M;London Region;A Level or Equivalent;0;120;N;25.0;False;True;False;0.0;0.08333333333333333;0.0;0.0;11.343173363095238;2.0312872023809523;0
DDD;2013B;1611842;F;South East Region;A Level or Equivalent;0;70;N;95.0;False;True;False;0.0;1.0;1.0;58.0;85.73696377666138;1.6654302633184621;0
GGG;2014B;285861;F;North Western Region;Lower Than A Level;0;30;N;45.0;False;True;False;0.0;0.7735849056603774;0.0;0.0;3.0;01.июнь;0
BBB;2013B;262294;F;North Western Region;Lower Than A Level;2;60;Y;5.0;True;False;False;0.0;0.0;0.0;0.0;0.0;0.0;1
FFF;2013J;597787;M;London Region;A Level or Equivalent;0;60;N;25.0;False;True;False;0.0;1.0;0.0;0.0;110.58317949355812;3.9974180422179613;0
CCC;2014J;289397;M;South East Region;A Level or Equivalent;1;60;Y;65.0;True;False;False;0.0;0.5929054054054054;0.5845845845845846;39.888888888888886;15.033333333333335;1.5333333333333334;0
EEE;2014B;614952;M;London Region;Lower Than A Level;0;60;N;15.0;True;False;False;0.0;0.0;0.0;0.0;0.0;0.0;1
GGG;2013J;597360;F;East Midlands Region;A Level or Equivalent;0;30;N;75.0;False;True;False;0.0;1.0;0.0;0.0;146.20544511609876;4.381088551610623;0
DDD;2014J;83553;M;West Midlands Region;Lower Than A Level;1;60;N;35.0;True;False;False;0.0;0.5;0.0;0.0;32.30966986942597;1.8455428266403877;0
DDD;2013B;2298696;M;North Western Region;Lower Than A Level;0;60;N;5.0;True;False;False;0.0;0.0;0.0;0.0;0.0;0.0;1
AAA;2014J;290164;F;Scotland;HE Qualification;0;60;N;35.0;False;True;False;0.0;1.0;0.0;0.0;76.30911549480335;2.7596980371154296;0
FFF;2014B;589565;F;South Region;Lower Than A Level;0;60;N;85.0;False;True;False;0.0;1.0;0.0;0.0;92.89875248284807;3.343687396297034;0
DDD;2013J;169079;M;West Midlands Region;A Level or Equivalent;0;120;N;35.0;True;False;False;0.0;1.0;1.0;96.0;76.18114209736258;1.8914077267520284;0
BBB;2013J;373848;F;South West Region;Lower Than A Level;0;60;N;55.0;False;True;False;0.0;1.0;0.0;0.0;122.32427921975304;1.8299592463691077;0
BBB;2013B;412654;M;Scotland;A Level or Equivalent;1;60;N;25.0;True;False;False;0.0;0.9090909090909091;0.0;0.0;63.675732600732594;1.980022541561003;0
BBB;2014J;679568;F;East Midlands Region;Lower Than A Level;0;240;N;15.0;True;False;False;0.0;0.0;0.0;0.0;0.0;0.0;1
FFF;2013B;497410;M;South Region;A Level or Equivalent;0;60;N;55.0;True;False;False;0.0;1.0;0.0;0.0;101.87641085332238;3.0539857149278156;0
CCC;2014J;630905;M;Wales;HE Qualification;0;120;N;55.0;True;False;False;0.0;1.0;1.0;92.0;126.22115276074595;2.458516058005446;0
BBB;2014J;2299745;F;Scotland;HE Qualification;0;60;N;55.0;True;False;False;0.0;0.2;0.0;0.0;44.99342948717948;1.6088942307692307;0
BBB;2013B;400474;F;East Anglian Region;A Level or Equivalent;0;120;N;85.0;False;True;False;0.0;1.0;0.0;0.0;99.75232816951568;1.9068490537240537;0
CCC;2014J;591655;M;North Region;Lower Than A Level;1;90;N;75.0;True;False;False;0.0;0.5929054054054054;0.5845845845845846;39.888888888888886;19.333333333333332;1.0;0
FFF;2014B;634155;M;East Midlands Region;Lower Than A Level;0;60;N;15.0;True;False;False;0.0;1.0;0.0;0.0;108.2018530904124;3.778361124123836;0
GGG;2013J;569381;M;East Anglian Region;Lower Than A Level;0;60;N;65.0;True;False;False;0.0;0.0;0.0;0.0;0.0;0.0;1
FFF;2014J;381257;F;Scotland;A Level or Equivalent;0;60;N;45.0;True;False;False;0.0;1.0;0.0;0.0;124.01852393660667;2.722090275424949;0
BBB;2013J;577498;F;South Region;Lower Than A Level;0;60;N;25.0;True;False;False;0.0;0.9090909090909091;0.0;0.0;83.00323705692614;2.4804592322951966;0
CCC;2014J;689792;F;South East Region;A Level or Equivalent;0;60;N;55.0;True;False;False;0.0;0.625;1.0;80.0;143.7407648830283;2.648941276115189;0
FFF;2014B;316327;F;Scotland;Lower Than A Level;1;90;N;5.0;True;False;False;0.0;0.25;0.0;0.0;35.00082410961522;3.1453301040658834;0
FFF;2014B;606300;F;East Midlands Region;A Level or Equivalent;0;90;N;25.0;True;False;False;0.0;0.0;0.0;0.0;0.0;0.0;1
DDD;2014J;640773;M;South West Region;Lower Than A Level;0;150;Y;15.0;True;False;False;0.0;0.8333333333333334;1.0;47.0;87.56547871626832;1.3584373091927384;0
GGG;2014J;573054;F;North Western Region;Lower Than A Level;0;30;N;5.0;True;False;False;0.0;1.0;0.0;0.0;132.6428971072433;2.64721591078812;0
BBB;2014J;649000;F;London Region;Lower Than A Level;0;120;N;5.0;True;False;False;0.0;0.0;0.0;0.0;0.0;0.0;1
CCC;2014J;382857;M;South West Region;Lower Than A Level;0;60;N;25.0;True;False;False;0.0;0.0;0.0;0.0;0.0;0.0;1
BBB;2013B;497793;F;North Region;Lower Than A Level;0;150;N;25.0;True;False;False;0.0;0.9090909090909091;0.0;0.0;104.43435872923622;1.655426560038271;0
CCC;2014J;634193;M;East Midlands Region;Lower Than A Level;0;30;N;25.0;True;False;False;0.0;0.0;0.0;0.0;0.0;0.0;1
CCC;2014J;585812;M;South Region;Lower Than A Level;0;90;N;65.0;True;False;False;0.0;0.625;1.0;36.0;139.4674890243257;2.894865788154274;0
CCC;2014J;643269;F;West Midlands Region;HE Qualification;0;120;N;65.0;True;False;False;0.0;0.0;0.0;0.0;0.0;0.0;1
FFF;2014B;629993;M;South Region;Lower Than A Level;0;60;N;75.0;True;False;False;0.0;0.5;0.0;0.0;56.96271628874384;2.6852114875333806;0
DDD;2014B;498363;F;East Anglian Region;Lower Than A Level;2;90;Y;65.0;True;False;False;0.0;1.0;1.0;62.0;129.4489311915513;1.5353911515779604;0
FFF;2013J;470037;F;North Region;No Formal quals;0;150;N;47.115494568324756;True;False;False;0.0;0.0;0.0;0.0;0.0;0.0;1
GGG;2014J;650388;F;East Anglian Region;Lower Than A Level;0;30;N;15.0;True;False;False;0.0;0.7777777777777778;0.0;0.0;110.71703296703296;1.7571428571428573;0
BBB;2014J;644362;F;South Region;A Level or Equivalent;0;60;N;55.0;True;False;False;0.0;0.8;0.0;0.0;99.05000576025964;2.750807531074851;0
CCC;2014J;527958;M;West Midlands Region;Lower Than A Level;0;90;N;35.0;True;False;False;0.0;0.0;0.0;0.0;0.0;0.0;1
FFF;2013B;539364;M;North Western Region;A Level or Equivalent;0;90;N;5.0;True;False;False;0.0;0.8333333333333334;0.0;0.0;133.6359926197729;4.780726981592034;0
BBB;2014J;649692;F;Scotland;Lower Than A Level;0;60;N;65.0;True;False;False;0.0;0.6;0.0;0.0;20.439814814814817;1.851851851851852;0
FFF;2014B;385547;M;North Western Region;Lower Than A Level;1;180;N;25.0;True;False;False;0.0;0.0;0.0;0.0;0.0;0.0;1
BBB;2014J;380515;F;London Region;Lower Than A Level;0;120;N;5.0;False;True;False;0.0;0.0;0.0;0.0;0.0;0.0;1
FFF;2013B;359417;M;North Western Region;Lower Than A Level;0;60;N;95.0;True;False;False;0.0;1.0;0.0;0.0;79.55422348778511;4.011454666332275;0
GGG;2014B;600390;M;South East Region;Lower Than A Level;0;30;Y;45.0;True;False;False;0.0;0.0;0.0;0.0;0.0;0.0;1
CCC;2014B;585709;F;South West Region;A Level or Equivalent;0;90;N;45.0;True;False;False;0.0;0.625;1.0;80.0;125.25765001056719;2.524866218886942;0
FFF;2014B;621741;M;Yorkshire Region;Lower Than A Level;0;60;N;25.0;True;False;False;0.0;0.6897457158651188;0.0;0.0;-14.3;02.апр;0
FFF;2014J;689042;M;West Midlands Region;Lower Than A Level;0;90;N;45.0;False;True;False;0.0;0.0;0.0;0.0;0.0;0.0;1
DDD;2014B;627891;M;South East Region;A Level or Equivalent;0;60;N;85.0;True;False;False;0.0;0.6666666666666666;1.0;56.0;97.82631578947368;2.1978070175438598;0
BBB;2014B;623622;F;North Western Region;Lower Than A Level;0;60;N;55.0;True;False;False;0.0;0.7272727272727273;0.0;0.0;53.751289682539685;1.657440476190476;0
BBB;2013J;559584;F;West Midlands Region;A Level or Equivalent;0;60;N;85.0;False;True;False;0.0;0.9090909090909091;0.0;0.0;144.03977272727272;2.7688852813852813;0
FFF;2014B;560168;F;Yorkshire Region;Lower Than A Level;1;150;Y;5.0;True;False;False;0.0;0.4166666666666667;0.0;0.0;51.81525768168428;2.937657910725778;0
DDD;2014B;629822;M;East Anglian Region;Lower Than A Level;0;60;Y;85.0;True;False;False;0.0;0.6666666666666666;1.0;40.0;113.0191257380569;1.231694511540526;0
AAA;2013J;376581;F;South Region;A Level or Equivalent;0;60;N;85.0;False;True;False;21.май;1.0;0.0;0.0;128.87981156098803;4.235708409237821;0
CCC;2014B;564444;M;London Region;Lower Than A Level;0;60;N;55.0;True;False;False;0.0;0.0;0.0;0.0;0.0;0.0;1
DDD;2014J;270502;M;East Midlands Region;A Level or Equivalent;0;120;N;35.0;True;False;False;0.0;1.0;1.0;47.0;133.18086419753087;2.138038667598416;0
DDD;2013J;595659;M;Yorkshire Region;A Level or Equivalent;0;90;N;5.0;True;False;False;0.0;0.8333333333333334;1.0;76.0;86.90516241584353;2.983451275246941;0
BBB;2013J;598351;F;East Anglian Region;Lower Than A Level;0;120;N;55.0;True;False;False;0.0;0.7272727272727273;0.0;0.0;164.83784722222222;1.7847048611111114;0
FFF;2013J;571702;M;North Western Region;Lower Than A Level;0;90;N;55.0;False;True;False;0.0;0.0;0.0;0.0;0.0;0.0;1
FFF;2014J;682982;M;East Midlands Region;A Level or Equivalent;0;120;N;45.0;True;False;False;0.0;0.0;0.0;0.0;0.0;0.0;1
FFF;2014B;442753;M;North Western Region;A Level or Equivalent;2;210;N;5.0;True;False;False;0.0;0.0;0.0;0.0;0.0;0.0;1
GGG;2013J;579201;F;Yorkshire Region;A Level or Equivalent;0;30;N;15.0;False;True;False;0.0;1.0;0.0;0.0;135.44485781809848;2.112225402742644;0
BBB;2014B;487002;F;South East Region;A Level or Equivalent;0;180;N;25.0;True;False;False;0.0;0.9090909090909091;0.0;0.0;87.03488939132514;1.8687772689664135;0
FFF;2013B;550377;M;Ireland;Lower Than A Level;0;60;N;85.0;True;False;False;0.0;0.0;0.0;0.0;0.0;0.0;1
DDD;2014B;443861;M;South Region;Lower Than A Level;0;60;N;95.0;True;False;False;0.0;1.0;1.0;87.0;86.81046374649718;1.6601642057681814;0
DDD;2014B;552255;M;North Western Region;A Level or Equivalent;1;90;N;25.0;True;False;False;0.0;0.8333333333333334;1.0;38.0;89.22615028136379;1.6595663687520688;0
BBB;2014B;484351;F;West Midlands Region;Lower Than A Level;0;120;N;5.0;True;False;False;0.0;0.0;0.0;0.0;0.0;0.0;1
CCC;2014J;638254;F;Scotland;A Level or Equivalent;0;120;N;45.0;True;False;False;0.0;0.625;1.0;90.0;108.94332177089026;2.8582251282593747;0
GGG;2014B;618088;F;London Region;A Level or Equivalent;0;30;N;75.0;False;True;False;0.0;1.0;0.0;0.0;127.55591607013176;3.3017870111007364;0
BBB;2014J;503159;F;South East Region;Lower Than A Level;0;60;N;35.0;True;False;False;0.0;0.0;0.0;0.0;0.0;0.0;1
DDD;2014J;504251;F;Scotland;A Level or Equivalent;0;60;N;55.0;True;False;False;0.0;0.8333333333333334;1.0;53.0;84.19668127011877;1.7418283105783106;0
EEE;2013J;594976;M;Scotland;HE Qualification;0;30;N;15.0;True;False;False;0.0;1.0;0.0;0.0;103.38994645346253;5.215907931597912;0
FFF;2013B;334224;M;North Western Region;Lower Than A Level;0;60;Y;5.0;True;False;False;0.0;0.75;0.0;0.0;92.30955571968806;3.1886695202234843;0
DDD;2014J;695584;M;London Region;Lower Than A Level;0;120;N;85.0;False;True;False;0.0;0.0;0.0;0.0;0.0;0.0;1
BBB;2014B;558084;F;Wales;Lower Than A Level;1;120;N;25.0;True;False;False;0.0;1.0;0.0;0.0;88.38697170674791;2.191118773582709;0
EEE;2014J;649755;M;South West Region;Lower Than A Level;0;60;N;35.0;True;False;False;0.0;0.0;0.0;0.0;0.0;0.0;1
FFF;2014B;617382;M;Scotland;Lower Than A Level;0;60;N;15.0;True;False;False;0.0;1.0;0.0;0.0;102.90308568599303;3.9953312382924855;0
DDD;2013B;501960;F;South Region;A Level or Equivalent;0;60;N;35.0;True;False;False;0.0;1.0;1.0;76.0;102.06505173666271;1.421473304035695;0
DDD;2014J;622555;M;Yorkshire Region;Lower Than A Level;0;60;N;25.0;True;False;False;0.0;1.0;1.0;82.0;105.68019442158787;1.7771657488870605;0
BBB;2014J;630773;F;Wales;Lower Than A Level;0;60;N;45.0;True;False;False;0.0;0.2;0.0;0.0;18.03186274509804;1.7083333333333335;0
DDD;2014B;1903131;M;East Anglian Region;Lower Than A Level;1;120;N;45.0;False;True;False;0.0;0.6337579617834395;0.554140127388535;38.28768577494692;113.01666666666667;1.8395833333333333;0
EEE;2013J;610143;M;South Region;A Level or Equivalent;0;30;N;45.0;True;False;False;0.0;0.8558041112454655;0.0;0.0;28.75387205387205;2.5444444444444443;0
CCC;2014B;490665;M;Scotland;HE Qualification;0;120;Y;25.0;True;False;False;0.0;0.0;0.0;0.0;0.0;0.0;1
GGG;2014J;681876;F;South West Region;A Level or Equivalent;0;30;N;85.0;True;False;False;0.0;1.0;0.0;0.0;122.5904761904762;3.667142857142857;0
FFF;2013B;271168;M;North Region;A Level or Equivalent;1;210;N;25.0;True;False;False;0.0;0.0;0.0;0.0;0.0;0.0;0
CCC;2014B;626501;M;East Anglian Region;HE Qualification;0;30;N;65.0;False;True;False;0.0;0.5;1.0;84.0;66.44974923334607;3.1079166405253362;0
DDD;2014B;629699;M;South West Region;A Level or Equivalent;0;60;N;75.0;True;False;False;0.0;0.6666666666666666;1.0;33.0;92.33331749757807;2.208672963708175;0
FFF;2014B;612248;M;Scotland;HE Qualification;0;90;N;35.0;False;True;False;0.0;1.0;0.0;0.0;84.07012441901354;2.9574109243316316;0
EEE;2014B;616927;M;North Region;A Level or Equivalent;0;30;N;75.0;True;False;False;0.0;0.5;0.0;0.0;35.82495318364466;3.3969464191432976;0
DDD;2013B;2501768;F;East Midlands Region;Lower Than A Level;1;120;N;15.0;False;True;False;0.0;1.0;1.0;42.0;83.7616524541773;1.836142900148757;0
FFF;2014B;626692;M;East Anglian Region;Lower Than A Level;0;60;N;55.0;True;False;False;0.0;0.0;0.0;0.0;0.0;0.0;1
BBB;2014B;631384;F;East Midlands Region;No Formal quals;0;60;N;25.0;True;False;False;0.0;1.0;0.0;0.0;130.89808285812484;1.9999996492926233;0
CCC;2014J;608422;M;North Region;A Level or Equivalent;0;60;N;47.115494568324756;False;True;False;0.0;0.5;1.0;56.0;63.30090346907994;1.8808768225238812;0
BBB;2013J;577648;F;North Western Region;Lower Than A Level;0;120;N;55.0;False;True;False;0.0;1.0;0.0;0.0;65.99320301669925;1.551325161193582;0
CCC;2014B;2289032;M;South Region;A Level or Equivalent;0;60;N;85.0;False;True;False;0.0;0.25;0.0;0.0;39.04541903409091;1.8471235795454546;0
BBB;2014B;627528;F;London Region;A Level or Equivalent;0;60;N;5.0;True;False;False;0.0;0.7404752923425123;0.0;0.0;4.0;2.0;0
EEE;2013J;590744;F;Scotland;HE Qualification;0;60;N;15.0;True;False;False;0.0;1.0;0.0;0.0;77.04841620582036;4.6138772266173795;0
FFF;2014J;582141;M;West Midlands Region;A Level or Equivalent;0;90;N;65.0;True;False;False;0.0;0.7190721649484536;0.0;0.0;0.5;1.8333333333333335;0
DDD;2014B;618696;M;South West Region;A Level or Equivalent;0;60;N;55.0;True;False;False;0.0;0.3333333333333333;0.0;0.0;34.94808429118774;2.0297836375929683;0
BBB;2014J;411150;F;Yorkshire Region;Lower Than A Level;0;60;N;55.0;True;False;False;0.0;0.0;0.0;0.0;0.0;0.0;1
GGG;2014B;630099;F;East Anglian Region;Lower Than A Level;0;30;N;75.0;False;True;False;0.0;1.0;0.0;0.0;144.23528554974587;2.933205547974784;0
EEE;2013J;592609;M;Scotland;A Level or Equivalent;0;60;N;75.0;True;False;False;0.0;1.0;0.0;0.0;105.11867508046929;4.710982402634108;0
BBB;2014B;620573;F;North Region;A Level or Equivalent;0;60;N;85.0;True;False;False;0.0;1.0;0.0;0.0;122.53065476190477;1.3995973389355743;0
BBB;2013B;2418877;F;Ireland;Lower Than A Level;1;60;Y;5.0;True;False;False;0.0;0.0;0.0;0.0;0.0;0.0;1
FFF;2013B;540549;M;North Western Region;Lower Than A Level;0;120;N;35.0;True;False;False;0.0;1.0;0.0;0.0;92.52763376329553;4.5744358865116785;0
CCC;2014J;654504;M;Scotland;A Level or Equivalent;0;120;N;65.0;True;False;False;0.0;0.75;1.0;44.0;79.37126862695044;3.1139094525458164;0
CCC;2014J;528290;F;West Midlands Region;A Level or Equivalent;0;30;N;75.0;False;True;False;0.0;0.0;0.0;0.0;0.0;0.0;1
CCC;2014J;620782;M;West Midlands Region;A Level or Equivalent;0;150;N;55.0;True;False;False;0.0;0.0;0.0;0.0;0.0;0.0;1
BBB;2013J;53360;F;North Western Region;Lower Than A Level;1;120;N;15.0;False;True;False;0.0;0.0;0.0;0.0;0.0;0.0;1
FFF;2013B;296911;M;South Region;Lower Than A Level;1;70;Y;55.0;True;False;False;0.0;0.0;0.0;0.0;0.0;0.0;1
FFF;2013J;529211;M;Scotland;A Level or Equivalent;1;60;N;75.0;True;False;False;0.0;0.08333333333333333;0.0;0.0;90.61142533936652;3.2178544494720964;0
BBB;2014B;446755;F;South West Region;HE Qualification;0;60;N;35.0;False;True;False;0.0;1.0;0.0;0.0;103.31101333854457;1.7504892606624691;0
BBB;2013B;546407;F;Scotland;Lower Than A Level;0;60;N;5.0;False;True;False;0.0;0.9090909090909091;0.0;0.0;112.42938946693309;1.8852504400809136;0
CCC;2014J;535161;M;West Midlands Region;Lower Than A Level;0;60;N;85.0;True;False;False;0.0;1.0;1.0;28.0;128.77094281785637;2.5688086544005504;0
FFF;2014B;608173;M;Wales;Lower Than A Level;0;75;N;25.0;True;False;False;0.0;0.0;0.0;0.0;0.0;0.0;1
FFF;2013B;547128;M;Wales;A Level or Equivalent;0;120;Y;25.0;True;False;False;0.0;0.0;0.0;0.0;0.0;0.0;1
FFF;2014B;611855;M;South West Region;Lower Than A Level;0;60;N;35.0;True;False;False;0.0;0.6897457158651188;0.0;0.0;2.931474567099567;2.0848538961038963;0
FFF;2013B;524609;M;West Midlands Region;Lower Than A Level;1;120;N;15.0;False;True;False;0.0;0.0;0.0;0.0;0.0;0.0;1
AAA;2014J;148993;F;North Western Region;A Level or Equivalent;1;60;Y;35.0;False;True;False;0.0;1.0;0.0;0.0;108.88242464050099;2.959695356006184;0
FFF;2013J;2237223;F;London Region;HE Qualification;0;60;N;15.0;False;True;False;0.0;0.16666666666666666;0.0;0.0;31.362154195011335;3.118503401360544;0
FFF;2013B;555653;M;North Western Region;Lower Than A Level;0;180;N;25.0;True;False;False;0.0;0.0;0.0;0.0;0.0;0.0;1
DDD;2014B;116763;F;Yorkshire Region;Lower Than A Level;1;120;N;25.0;True;False;False;0.0;0.0;0.0;0.0;0.0;0.0;1
DDD;2014B;309756;M;London Region;No Formal quals;2;150;N;25.0;False;True;False;0.0;0.5;0.0;0.0;91.50447229739353;2.208129831285365;0
GGG;2014J;648498;F;East Anglian Region;Lower Than A Level;0;30;N;75.0;True;False;False;0.0;0.7777777777777778;0.0;0.0;137.20707726616817;2.607798766889676;0
DDD;2014J;597779;F;Scotland;A Level or Equivalent;0;60;N;25.0;True;False;False;0.0;0.0;0.0;0.0;0.0;0.0;1
BBB;2014B;299027;F;Wales;Lower Than A Level;0;120;N;65.0;False;True;False;0.0;0.7404752923425123;0.0;0.0;10.696969696969697;1.303030303030303;0
FFF;2013B;553325;M;Wales;Lower Than A Level;0;60;N;55.0;True;False;False;0.0;0.9166666666666666;0.0;0.0;121.47911675321654;3.633657183769085;0
EEE;2014J;690298;M;North Western Region;A Level or Equivalent;0;120;N;5.0;True;False;False;0.0;0.8505347593582888;0.0;0.0;16.909523809523808;4.104978354978355;0
BBB;2014J;694341;F;Ireland;Lower Than A Level;0;60;N;65.0;False;True;False;0.0;0.8;0.0;0.0;125.52318768225746;3.2391853904063206;0
BBB;2013B;540787;F;South Region;A Level or Equivalent;0;120;N;5.0;True;False;False;0.0;0.0;0.0;0.0;0.0;0.0;1
FFF;2013B;528351;M;North Western Region;A Level or Equivalent;1;120;N;45.0;True;False;False;0.0;1.0;0.0;0.0;87.00377919902135;3.83444857996427;0
FFF;2013J;413137;M;West Midlands Region;HE Qualification;0;60;N;25.0;False;True;False;0.0;0.0;0.0;0.0;0.0;0.0;1
DDD;2014J;676642;M;South West Region;Lower Than A Level;0;60;N;95.0;True;False;False;0.0;0.0;0.0;0.0;0.0;0.0;1
AAA;2013J;291334;M;South East Region;A Level or Equivalent;0;60;N;95.0;False;True;False;23.авг;1.0;0.0;0.0;90.67793771527069;3.679757218649846;0
DDD;2014J;91470;F;East Anglian Region;A Level or Equivalent;0;60;N;55.0;True;False;False;0.0;1.0;1.0;27.0;98.88998248997913;1.6561869319753206;0
CCC;2014B;500189;M;Scotland;A Level or Equivalent;0;60;N;85.0;True;False;False;0.0;0.0;0.0;0.0;0.0;0.0;1
BBB;2014B;624544;F;North Western Region;A Level or Equivalent;0;90;Y;5.0;True;False;False;0.0;0.0;0.0;0.0;0.0;0.0;1
DDD;2013J;506829;F;North Western Region;A Level or Equivalent;2;120;N;65.0;True;False;False;0.0;0.6666666666666666;1.0;44.0;158.1525065882209;1.7310837275122988;0
BBB;2013B;561715;M;Wales;Lower Than A Level;0;60;N;85.0;True;False;False;0.0;0.7272727272727273;0.0;0.0;39.13555573403774;2.997989100687751;0
GGG;2014J;646889;F;Yorkshire Region;Lower Than A Level;0;30;N;85.0;True;False;False;0.0;0.0;0.0;0.0;0.0;0.0;1
FFF;2014J;650048;M;South Region;Lower Than A Level;0;120;N;85.0;True;False;False;0.0;0.08333333333333333;0.0;0.0;24.903921568627453;2.3088235294117645;0
CCC;2014J;685015;M;West Midlands Region;A Level or Equivalent;0;150;N;35.0;True;False;False;0.0;0.0;0.0;0.0;0.0;0.0;1
GGG;2014B;204550;F;South Region;Lower Than A Level;0;30;N;35.0;False;True;False;0.0;0.0;0.0;0.0;0.0;0.0;0
DDD;2014B;2669995;F;Scotland;HE Qualification;0;60;Y;35.0;True;False;False;0.0;0.6666666666666666;1.0;78.0;82.88042453092349;1.363462954626295;0
BBB;2013J;2514379;F;East Anglian Region;Lower Than A Level;0;60;N;75.0;True;False;False;0.0;1.0;0.0;0.0;53.203809523809525;2.026666666666667;0
FFF;2014J;633568;M;North Western Region;Lower Than A Level;0;60;N;45.0;False;True;False;0.0;1.0;0.0;0.0;97.84996488881862;3.3131064164981594;0
BBB;2014B;616914;F;London Region;Lower Than A Level;0;60;N;35.0;True;False;False;0.0;0.9090909090909091;0.0;0.0;94.04204331210242;1.7244869844029305;0
BBB;2013B;550676;F;Yorkshire Region;Lower Than A Level;0;60;N;5.0;True;False;False;0.0;0.0;0.0;0.0;0.0;0.0;1
BBB;2014J;684615;F;East Midlands Region;A Level or Equivalent;0;120;N;55.0;True;False;False;0.0;1.0;0.0;0.0;130.18750197665474;2.5218371200731147;0
EEE;2013J;581439;M;West Midlands Region;HE Qualification;0;60;N;75.0;True;False;False;0.0;0.25;0.0;0.0;37.3175925925926;3.437962962962963;0
CCC;2014B;611176;M;Ireland;Lower Than A Level;0;60;N;47.115494568324756;False;True;False;0.0;0.5;1.0;86.0;73.0575375490698;2.1588731012118108;0
CCC;2014J;2619472;M;South Region;Lower Than A Level;0;120;Y;45.0;True;False;False;0.0;0.0;0.0;0.0;0.0;0.0;1
DDD;2014B;1671811;M;West Midlands Region;A Level or Equivalent;0;90;N;75.0;False;True;False;0.0;1.0;1.0;53.0;74.67063496131188;1.699895479065289;0
BBB;2013J;410537;F;South West Region;A Level or Equivalent;0;60;N;45.0;True;False;False;0.0;1.0;0.0;0.0;140.24059912213224;1.6890296695174745;0
GGG;2013J;584509;F;East Midlands Region;A Level or Equivalent;0;30;N;25.0;True;False;False;0.0;1.0;0.0;0.0;101.74405474358122;2.0729703877668344;0
CCC;2014J;628407;M;West Midlands Region;Lower Than A Level;0;60;N;55.0;True;False;False;0.0;0.75;1.0;58.0;100.47953121539757;1.8174995793004296;0
GGG;2013J;578555;M;London Region;Lower Than A Level;0;30;N;25.0;True;False;False;0.0;0.7931081264414598;0.0;0.0;10.866666666666667;02.янв;0
EEE;2013J;610575;M;West Midlands Region;HE Qualification;0;60;N;45.0;True;False;False;0.0;1.0;0.0;0.0;101.29679473862053;3.382619853366176;0
CCC;2014B;447306;F;London Region;HE Qualification;0;30;N;35.0;True;False;False;0.0;0.0;0.0;0.0;14.051587301587302;2.138888888888889;0
FFF;2013B;534609;M;Scotland;Lower Than A Level;0;60;N;35.0;True;False;False;0.0;0.08333333333333333;0.0;0.0;7.892565845127956;1.9064354382677364;0
FFF;2014B;584990;M;East Anglian Region;A Level or Equivalent;1;120;N;95.0;True;False;False;0.0;0.08333333333333333;0.0;0.0;37.738095238095234;2.992857142857143;0
AAA;2014J;323370;F;West Midlands Region;A Level or Equivalent;0;120;N;35.0;True;False;False;0.0;1.0;0.0;0.0;115.61314466681769;2.9519796162923027;0
BBB;2014J;681566;F;London Region;Lower Than A Level;0;60;N;15.0;True;False;False;0.0;1.0;0.0;0.0;90.4702094656116;2.0112108372605118;0
BBB;2014J;635716;F;South West Region;A Level or Equivalent;0;60;N;15.0;True;False;False;0.0;0.0;0.0;0.0;0.0;0.0;1
CCC;2014B;598113;M;Ireland;HE Qualification;0;120;N;47.115494568324756;True;False;False;0.0;0.75;1.0;58.0;118.47714835169683;3.507002914688716;0
DDD;2013B;477160;F;Ireland;HE Qualification;1;120;N;47.115494568324756;False;True;False;0.0;0.0;0.0;0.0;0.0;0.0;1
FFF;2014B;625903;M;West Midlands Region;A Level or Equivalent;0;90;N;35.0;True;False;False;0.0;0.0;0.0;0.0;0.0;0.0;1
CCC;2014J;2383983;M;East Anglian Region;Lower Than A Level;0;90;N;55.0;True;False;False;0.0;1.0;1.0;76.0;131.30022371180107;2.97012497636717;0
DDD;2014B;588560;M;South East Region;A Level or Equivalent;0;120;Y;15.0;True;False;False;0.0;0.0;0.0;0.0;0.0;0.0;1
BBB;2014J;695047;F;Ireland;Lower Than A Level;0;60;N;45.0;False;True;False;0.0;1.0;0.0;0.0;123.58210059171597;2.9743836291913217;0
AAA;2013J;102952;M;London Region;HE Qualification;0;60;N;65.0;True;False;False;0.76;1.0;0.0;0.0;113.63967302504349;4.370107789418529;0
FFF;2014J;675002;M;Wales;A Level or Equivalent;0;120;N;25.0;True;False;False;0.0;0.0;0.0;0.0;0.0;0.0;1
EEE;2014J;2290886;M;Scotland;HE Qualification;0;60;N;55.0;True;False;False;0.0;1.0;0.0;0.0;97.21381385189738;8.836704567793802;0
CCC;2014B;563819;M;South East Region;A Level or Equivalent;0;90;Y;55.0;True;False;False;0.0;0.625;1.0;74.0;95.48455801860975;3.1862000547345373;0
FFF;2013B;557177;M;South Region;Lower Than A Level;0;60;N;95.0;True;False;False;0.0;1.0;0.0;0.0;90.2042864279592;4.303365171068521;0
BBB;2013J;478967;F;Ireland;A Level or Equivalent;1;60;N;45.0;False;True;False;0.0;1.0;0.0;0.0;150.04649267399267;1.800503663003663;0
CCC;2014J;605468;F;South West Region;A Level or Equivalent;0;60;Y;85.0;False;True;False;0.0;0.0;0.0;0.0;0.0;0.0;1
EEE;2013J;559551;M;South East Region;Lower Than A Level;0;30;N;95.0;True;False;False;0.0;1.0;0.0;0.0;74.22388211382115;4.323966802168022;0
BBB;2013J;305935;F;South East Region;HE Qualification;1;180;N;85.0;True;False;False;0.0;1.0;0.0;0.0;151.38;2.103333333333333;0
EEE;2014B;198902;M;London Region;Lower Than A Level;0;60;N;5.0;True;False;False;0.0;0.25;0.0;0.0;93.98936688311689;2.7874368686868687;0
BBB;2013B;545072;F;East Anglian Region;Lower Than A Level;0;60;N;65.0;True;False;False;0.0;0.7314562719968125;0.0;0.0;3.5777777777777775;1.6222222222222222;0
GGG;2014J;674471;F;South Region;Lower Than A Level;0;30;N;55.0;True;False;False;0.0;0.0;0.0;0.0;0.0;0.0;1
DDD;2014B;627322;M;Scotland;HE Qualification;0;60;N;85.0;True;False;False;0.0;1.0;1.0;89.0;108.20830343573641;1.4871932369987468;0
DDD;2013J;562758;F;North Western Region;A Level or Equivalent;0;180;Y;5.0;True;False;False;0.0;0.0;0.0;0.0;0.0;0.0;1
BBB;2013J;572163;F;Wales;Lower Than A Level;0;60;N;5.0;True;False;False;0.0;0.0;0.0;0.0;0.0;0.0;1
BBB;2014J;581866;F;Scotland;HE Qualification;0;60;N;85.0;True;False;False;0.0;1.0;0.0;0.0;71.43338361186494;3.511945465662283;0
BBB;2014J;622313;F;Yorkshire Region;Lower Than A Level;0;60;N;35.0;True;False;False;0.0;0.8;0.0;0.0;124.7448275862069;1.8764367816091954;0
BBB;2013J;604951;F;South Region;Lower Than A Level;0;60;N;95.0;False;True;False;0.0;0.2727272727272727;0.0;0.0;30.80844155844156;2.672077922077922;0
DDD;2014B;626061;F;Scotland;A Level or Equivalent;0;120;N;5.0;True;False;False;0.0;0.8333333333333334;1.0;56.0;63.333144368858655;1.6895313681027966;0
FFF;2013J;2298402;M;South East Region;Lower Than A Level;0;90;N;75.0;False;True;False;0.0;0.0;0.0;0.0;0.0;0.0;1
EEE;2013J;591958;M;South Region;Lower Than A Level;0;60;N;95.0;True;False;False;0.0;1.0;0.0;0.0;107.72019746542279;4.561443076022517;0
CCC;2014J;679539;F;West Midlands Region;Lower Than A Level;0;60;N;15.0;True;False;False;0.0;0.5929054054054054;0.5845845845845846;39.888888888888886;41.25;2.8833333333333333;0
DDD;2014J;409120;F;London Region;A Level or Equivalent;1;60;Y;25.0;True;False;False;0.0;0.0;0.0;0.0;0.0;0.0;1
GGG;2013J;595496;F;West Midlands Region;Lower Than A Level;0;60;Y;5.0;True;False;False;0.0;1.0;0.0;0.0;158.7118835412953;3.9894731630025753;0
DDD;2014J;603490;F;East Midlands Region;A Level or Equivalent;0;120;N;25.0;True;False;False;0.0;0.0;0.0;0.0;0.0;0.0;1
BBB;2014B;537698;F;East Anglian Region;Lower Than A Level;0;60;Y;45.0;True;False;False;0.0;1.0;0.0;0.0;107.32116342332603;1.5131625763930787;0
CCC;2014B;569609;F;West Midlands Region;A Level or Equivalent;0;120;N;75.0;True;False;False;0.0;0.75;1.0;58.0;118.33729247359125;2.4245843023216347;0
CCC;2014B;412268;M;South Region;Lower Than A Level;0;30;N;35.0;False;True;False;0.0;0.0;0.0;0.0;0.0;0.0;1
EEE;2014J;679207;M;North Western Region;Lower Than A Level;0;90;N;35.0;False;True;False;0.0;1.0;0.0;0.0;106.4429871496129;3.788153780153407;0
BBB;2013B;542543;F;East Anglian Region;A Level or Equivalent;0;60;N;35.0;True;False;False;0.0;0.18181818181818182;0.0;0.0;14.2088954056696;1.8316226783968719;0
CCC;2014B;396825;M;Ireland;A Level or Equivalent;0;80;N;55.0;True;False;False;0.0;0.875;1.0;80.0;136.87961362381125;2.2971513718451013;0
EEE;2013J;575762;M;Yorkshire Region;HE Qualification;0;60;N;45.0;False;True;False;0.0;1.0;0.0;0.0;93.6345759031941;4.779549423015017;0
BBB;2013J;601455;F;Yorkshire Region;A Level or Equivalent;0;60;N;75.0;True;False;False;0.0;1.0;0.0;0.0;86.4512724901685;1.6956384864600527;0
CCC;2014J;676538;M;London Region;Lower Than A Level;0;150;N;5.0;True;False;False;0.0;0.5;1.0;70.0;157.150723510127;1.8187058212431038;0
FFF;2014J;653336;M;Yorkshire Region;Lower Than A Level;0;60;N;5.0;True;False;False;0.0;0.0;0.0;0.0;0.0;0.0;1
FFF;2013J;583526;M;North Western Region;Lower Than A Level;0;60;N;5.0;True;False;False;0.0;0.9166666666666666;0.0;0.0;113.43055021886636;3.6950613658004725;0
FFF;2014J;1765045;F;South Region;A Level or Equivalent;0;120;N;15.0;False;True;False;0.0;0.0;0.0;0.0;0.0;0.0;1
FFF;2013B;1761013;M;Wales;A Level or Equivalent;0;60;N;55.0;False;True;False;0.0;1.0;0.0;0.0;59.71209328179383;4.13059322239903;0
BBB;2013B;555675;F;Yorkshire Region;HE Qualification;0;120;N;35.0;True;False;False;0.0;1.0;0.0;0.0;76.9855375407933;1.6753786409143199;0
GGG;2014B;629960;F;East Anglian Region;A Level or Equivalent;0;30;N;95.0;True;False;False;0.0;0.7735849056603774;0.0;0.0;1.1875;1.375;0
GGG;2014B;406751;F;South Region;Lower Than A Level;0;30;Y;35.0;False;True;False;0.0;1.0;0.0;0.0;118.38768957650538;3.7814563360615994;0
GGG;2014J;692320;F;North Western Region;Lower Than A Level;0;30;N;55.0;True;False;False;0.0;0.1111111111111111;0.0;0.0;22.947916666666668;1.3055555555555556;0
FFF;2014J;496815;M;Wales;Lower Than A Level;2;150;N;15.0;True;False;False;0.0;0.0;0.0;0.0;0.0;0.0;1
DDD;2013J;34653;M;East Midlands Region;Lower Than A Level;0;60;N;35.0;True;False;False;0.0;0.3333333333333333;0.0;0.0;48.276595744680854;1.7822695035460994;0
FFF;2014J;565017;M;South Region;Lower Than A Level;0;60;N;85.0;False;True;False;0.0;1.0;0.0;0.0;107.16070948750983;3.7742078609076737;0
EEE;2013J;588628;M;South West Region;A Level or Equivalent;0;60;N;65.0;False;False;True;0.0;1.0;0.0;0.0;86.17767945730587;4.777546133870285;0
FFF;2013B;130403;F;London Region;Lower Than A Level;0;60;N;25.0;False;True;False;0.0;1.0;0.0;0.0;104.91080902145801;3.2484567682451724;0
BBB;2013B;544351;F;North Region;Lower Than A Level;0;120;N;47.115494568324756;True;False;False;0.0;0.2727272727272727;0.0;0.0;82.31166544207856;1.3930273399845767;0
FFF;2014B;568954;M;Ireland;Lower Than A Level;0;120;N;47.115494568324756;True;False;False;0.0;1.0;0.0;0.0;93.33963022835418;3.0244123473285023;0
CCC;2014J;565707;F;East Midlands Region;Lower Than A Level;0;150;Y;25.0;True;False;False;0.0;0.0;0.0;0.0;0.0;0.0;1
FFF;2014B;625361;M;South Region;A Level or Equivalent;0;60;N;15.0;True;False;False;0.0;0.08333333333333333;0.0;0.0;60.65703621031746;3.1903125;0
CCC;2014J;626407;M;South East Region;Lower Than A Level;0;60;N;25.0;True;False;False;0.0;0.625;1.0;34.0;91.15589869811876;2.3955401242923577;0
BBB;2014J;369234;F;Wales;Lower Than A Level;2;60;Y;35.0;True;False;False;0.0;0.2;0.0;0.0;90.73931051587302;3.0719246031746033;0
BBB;2013B;523630;F;South Region;Lower Than A Level;0;120;N;35.0;False;True;False;0.0;1.0;0.0;0.0;34.211717515288946;1.7715483920841062;0
CCC;2014J;603049;M;Scotland;HE Qualification;0;60;N;35.0;True;False;False;0.0;0.75;1.0;60.0;120.48733248981411;3.0807528409090907;0
FFF;2014J;349777;M;East Anglian Region;A Level or Equivalent;0;90;N;85.0;True;False;False;0.0;0.0;0.0;0.0;0.0;0.0;1
CCC;2014J;618982;M;South East Region;Lower Than A Level;0;30;N;55.0;True;False;False;0.0;0.0;0.0;0.0;0.0;0.0;1
BBB;2013J;603818;F;South Region;Lower Than A Level;0;120;N;35.0;True;False;False;0.0;0.0;0.0;0.0;0.0;0.0;1
BBB;2013B;505694;F;Scotland;Lower Than A Level;0;60;N;15.0;True;False;False;0.0;0.0;0.0;0.0;0.0;0.0;0
GGG;2014J;644061;F;West Midlands Region;No Formal quals;0;30;N;15.0;True;False;False;0.0;1.0;0.0;0.0;122.90922317813765;1.742781432748538;0
CCC;2014B;631216;M;Scotland;Lower Than A Level;0;60;N;15.0;True;False;False;0.0;0.125;0.0;0.0;21.2460371383003;2.1203826232247285;0
FFF;2013J;591411;M;South West Region;Lower Than A Level;0;60;N;35.0;True;False;False;0.0;0.0;0.0;0.0;0.0;0.0;1
GGG;2013J;600733;F;South Region;Post Graduate Qualification;0;30;N;95.0;False;True;False;0.0;1.0;0.0;0.0;130.91721009486966;3.920823738908845;0
GGG;2014B;609297;F;South Region;Lower Than A Level;0;30;N;85.0;False;True;False;0.0;1.0;0.0;0.0;128.85936675726532;2.337354437129882;0
GGG;2013J;595686;F;Yorkshire Region;A Level or Equivalent;0;30;N;55.0;False;True;False;0.0;0.8888888888888888;0.0;0.0;157.95588145512957;3.191103152757288;0
FFF;2014J;2143312;M;Scotland;A Level or Equivalent;0;120;N;85.0;False;True;False;0.0;1.0;0.0;0.0;110.70625128567454;3.4310123969243382;0
BBB;2014J;351050;F;Ireland;Lower Than A Level;0;60;N;15.0;True;False;False;0.0;1.0;0.0;0.0;115.59680235535075;3.1322708653353817;0
BBB;2013B;544627;F;East Anglian Region;Lower Than A Level;0;60;N;95.0;True;False;False;0.0;0.0;0.0;0.0;0.0;0.0;1
DDD;2013B;524175;M;South West Region;Lower Than A Level;1;120;N;55.0;True;False;False;0.0;0.9230769230769231;1.0;49.0;77.43432814426193;1.713488718786732;0
CCC;2014J;554459;M;North Western Region;A Level or Equivalent;0;60;N;45.0;True;False;False;0.0;0.25;0.0;0.0;87.1650892118634;1.5852224388514713;0
BBB;2014J;633949;F;South Region;A Level or Equivalent;0;60;N;95.0;True;False;False;0.0;1.0;0.0;0.0;107.87789562606707;2.6744555605706193;0
CCC;2014J;88758;M;North Region;Post Graduate Qualification;1;150;N;47.115494568324756;False;True;False;0.0;0.0;0.0;0.0;0.0;0.0;1
EEE;2013J;602268;M;Yorkshire Region;A Level or Equivalent;0;60;N;65.0;True;False;False;0.0;1.0;0.0;0.0;108.05353092326776;4.949894257788994;0
DDD;2013B;2661870;M;East Anglian Region;A Level or Equivalent;0;180;N;65.0;True;False;False;0.0;0.7692307692307693;1.0;38.0;74.67554746594995;1.4742540740992753;0
BBB;2014B;495324;F;East Anglian Region;A Level or Equivalent;2;60;N;15.0;False;True;False;0.0;0.0;0.0;0.0;0.0;0.0;1
DDD;2013B;2154361;M;Scotland;Lower Than A Level;1;90;N;75.0;True;False;False;0.0;0.7692307692307693;0.0;0.0;61.5681498015873;1.7817757936507934;0
BBB;2013B;546786;F;East Anglian Region;Lower Than A Level;0;60;N;5.0;True;False;False;0.0;0.0;0.0;0.0;0.0;0.0;1
BBB;2013B;525501;F;East Anglian Region;Lower Than A Level;0;60;Y;25.0;False;True;False;0.0;1.0;0.0;0.0;80.4224085412339;1.8977426334648098;0
CCC;2014B;536261;M;West Midlands Region;A Level or Equivalent;0;60;N;45.0;True;False;False;0.0;0.875;1.0;76.0;72.76679399965114;2.3148246991104133;0
DDD;2014J;189143;F;South East Region;HE Qualification;0;120;N;95.0;False;True;False;0.0;1.0;1.0;96.0;121.06027830194496;2.2771880896880896;0
FFF;2014J;644784;M;East Midlands Region;A Level or Equivalent;0;60;N;5.0;True;False;False;0.0;0.8333333333333334;0.0;0.0;95.11384792142239;3.3404692477399656;0
FFF;2013B;551764;M;South Region;Lower Than A Level;0;120;N;75.0;True;False;False;0.0;0.0;0.0;0.0;0.0;0.0;1
GGG;2014B;629961;F;London Region;HE Qualification;0;30;N;15.0;True;False;False;0.0;0.2222222222222222;0.0;0.0;59.495098039215684;1.8839869281045751;0
BBB;2013J;583832;F;East Anglian Region;Lower Than A Level;0;60;N;25.0;True;False;False;0.0;0.0;0.0;0.0;0.0;0.0;1
FFF;2013J;467291;M;West Midlands Region;A Level or Equivalent;0;120;N;5.0;True;False;False;0.0;0.0;0.0;0.0;0.0;0.0;1
FFF;2013J;391187;M;Scotland;HE Qualification;1;60;N;45.0;True;False;False;0.0;0.6666666666666666;0.0;0.0;85.95868932972638;3.262172678988951;0
BBB;2013B;553716;F;West Midlands Region;A Level or Equivalent;0;60;N;5.0;True;False;False;0.0;1.0;0.0;0.0;67.45704365079365;1.544097222222222;0
BBB;2014J;699437;F;East Midlands Region;HE Qualification;0;120;N;75.0;False;True;False;0.0;1.0;0.0;0.0;93.89006666666666;2.604190476190476;0
BBB;2013B;537572;F;South West Region;Lower Than A Level;0;60;N;85.0;True;False;False;0.0;1.0;0.0;0.0;103.36757441105225;1.7277640635243618;0
DDD;2014B;629876;M;South West Region;Lower Than A Level;0;60;N;55.0;True;False;False;0.0;0.6666666666666666;1.0;53.0;55.1381484962406;1.5801335068440332;0
GGG;2013J;585847;F;South West Region;HE Qualification;0;30;N;35.0;True;False;False;0.0;0.8888888888888888;0.0;0.0;144.8104234998373;3.199359719114875;0
FFF;2014B;379769;M;Wales;A Level or Equivalent;1;120;N;35.0;True;False;False;0.0;0.16666666666666666;0.0;0.0;38.93410038768797;1.8317414630325815;0
EEE;2013J;2505299;M;Scotland;A Level or Equivalent;0;60;N;35.0;True;False;False;0.0;1.0;0.0;0.0;86.99921737314106;3.5787085246484542;0
CCC;2014B;633270;M;South West Region;No Formal quals;0;60;N;25.0;True;False;False;0.0;1.0;1.0;64.0;99.21686037113669;1.8686769134137555;0
CCC;2014J;694680;M;South Region;HE Qualification;0;60;N;25.0;False;True;False;0.0;0.75;1.0;66.0;151.36605973623517;1.7287750358802991;0
BBB;2014J;626012;M;London Region;A Level or Equivalent;0;60;N;95.0;True;False;False;0.0;0.8;0.0;0.0;120.19104780801209;2.9422477324263037;0
CCC;2014B;627066;M;Scotland;A Level or Equivalent;0;30;N;55.0;True;False;False;0.0;0.375;0.0;0.0;54.43021978021978;2.4023809523809523;0
FFF;2013J;508630;F;East Anglian Region;Lower Than A Level;0;60;N;15.0;False;True;False;0.0;0.16666666666666666;0.0;0.0;21.2926589173994;1.800888456987073;0
FFF;2013J;599568;M;East Anglian Region;A Level or Equivalent;0;120;N;35.0;True;False;False;0.0;0.16666666666666666;0.0;0.0;19.75047619047619;2.945873015873016;0
BBB;2013B;536519;F;Yorkshire Region;Lower Than A Level;0;60;N;25.0;True;False;False;0.0;0.0;0.0;0.0;0.0;0.0;1
GGG;2014B;625912;M;Yorkshire Region;Lower Than A Level;0;30;N;55.0;True;False;False;0.0;1.0;0.0;0.0;135.83369902160223;2.0501124396285686;0
CCC;2014B;633250;M;Yorkshire Region;A Level or Equivalent;0;60;N;75.0;True;False;False;0.0;1.0;1.0;56.0;96.90207438253417;2.7035417172165968;0
FFF;2014J;649379;F;South East Region;A Level or Equivalent;0;120;N;65.0;True;False;False;0.0;1.0;0.0;0.0;101.80365894397339;2.756720862279236;0
FFF;2014J;623589;F;Yorkshire Region;A Level or Equivalent;0;60;N;25.0;True;False;False;0.0;1.0;0.0;0.0;118.58821563162803;2.353123069283698;0
GGG;2013J;596091;M;North Western Region;A Level or Equivalent;0;30;Y;15.0;True;False;False;0.0;0.8888888888888888;0.0;0.0;152.3897207303974;2.7170730397422127;0
AAA;2013J;311917;M;South West Region;A Level or Equivalent;0;120;N;65.0;False;False;True;13.75;1.0;0.0;0.0;104.17229681272924;3.5680838765835263;0
BBB;2013J;609811;F;Scotland;HE Qualification;0;60;N;5.0;True;False;False;0.0;0.9090909090909091;0.0;0.0;126.1641068096871;1.5861154949379095;0
DDD;2014J;653770;M;East Midlands Region;Lower Than A Level;0;120;N;15.0;True;False;False;0.0;0.0;0.0;0.0;0.0;0.0;1
DDD;2014B;522205;M;North Region;A Level or Equivalent;2;60;N;75.0;True;False;False;0.0;0.6666666666666666;0.0;0.0;44.67501546415162;1.7196579428347611;0
FFF;2013B;513428;F;Wales;A Level or Equivalent;1;120;N;5.0;True;False;False;0.0;0.75;0.0;0.0;115.89543134425936;3.1229424690847605;0
CCC;2014J;606036;M;South Region;HE Qualification;0;90;N;45.0;False;True;False;0.0;0.0;0.0;0.0;0.0;0.0;1
BBB;2013B;533545;F;Yorkshire Region;A Level or Equivalent;0;60;Y;5.0;True;False;False;0.0;0.7272727272727273;0.0;0.0;50.42165445371603;2.1821329934662352;0
DDD;2014B;390026;M;London Region;Lower Than A Level;0;120;N;55.0;True;False;False;0.0;0.8333333333333334;1.0;64.0;76.57889136622292;1.527836297123707;0
CCC;2014B;624765;M;London Region;HE Qualification;0;60;N;65.0;False;True;False;0.0;0.0;0.0;0.0;0.0;0.0;1
FFF;2013J;570004;M;East Anglian Region;Lower Than A Level;0;180;Y;85.0;True;False;False;0.0;0.0;0.0;0.0;0.0;0.0;1
FFF;2013J;2454878;F;South Region;Lower Than A Level;0;90;Y;45.0;True;False;False;0.0;1.0;0.0;0.0;114.27973267201209;3.2957409894027543;0
EEE;2013J;581179;M;South East Region;Lower Than A Level;0;30;N;35.0;True;False;False;0.0;1.0;0.0;0.0;94.81490101233149;3.694237072505559;0
EEE;2013J;329673;M;North Region;Lower Than A Level;0;60;N;47.115494568324756;False;True;False;0.0;1.0;0.0;0.0;87.96961149658571;3.4600459227624687;0
BBB;2013B;546428;F;South East Region;Lower Than A Level;0;60;N;45.0;True;False;False;0.0;1.0;0.0;0.0;109.93508178350766;1.6917801067807527;0
DDD;2014B;557404;F;South Region;HE Qualification;0;60;N;65.0;True;False;False;0.0;1.0;1.0;73.0;89.55421224420438;1.5936855994369732;0
BBB;2013J;561591;F;North Region;A Level or Equivalent;0;60;N;5.0;True;False;False;0.0;1.0;0.0;0.0;118.58545713545713;1.6894781144781146;0
FFF;2013J;2633052;M;West Midlands Region;Lower Than A Level;0;60;N;35.0;False;True;False;0.0;0.3333333333333333;0.0;0.0;45.79296649744018;2.0485160550950026;0
EEE;2013J;601407;M;Yorkshire Region;Lower Than A Level;0;30;N;5.0;True;False;False;0.0;0.0;0.0;0.0;0.0;0.0;1
FFF;2013J;604296;M;East Anglian Region;A Level or Equivalent;0;120;N;45.0;False;True;False;0.0;0.0;0.0;0.0;0.0;0.0;1
BBB;2013B;468792;F;Wales;HE Qualification;0;120;N;25.0;True;False;False;0.0;0.0;0.0;0.0;0.0;0.0;1
GGG;2014B;634547;F;South West Region;A Level or Equivalent;0;30;N;65.0;True;False;False;0.0;0.7777777777777778;0.0;0.0;112.19420289855073;3.1384057971014494;0
FFF;2014J;640278;M;Scotland;HE Qualification;0;60;N;35.0;False;True;False;0.0;1.0;0.0;0.0;103.59792018267864;3.7674760342568017;0
CCC;2014B;623421;M;East Midlands Region;A Level or Equivalent;0;60;N;75.0;True;False;False;0.0;0.625;1.0;42.0;44.85113860358959;2.2672852474323064;0
GGG;2013J;578140;F;London Region;Lower Than A Level;0;30;N;55.0;False;True;False;0.0;0.8888888888888888;0.0;0.0;133.9094664071079;2.6156396247591216;0
FFF;2013B;432532;M;North Region;A Level or Equivalent;1;60;N;47.115494568324756;True;False;False;0.0;1.0;0.0;0.0;125.87518857495623;3.6612265222598026;0
FFF;2013B;550123;M;West Midlands Region;Lower Than A Level;0;60;N;85.0;False;True;False;0.0;1.0;0.0;0.0;87.8900624735097;5.24964497305804;0
EEE;2014B;630449;M;South West Region;A Level or Equivalent;0;60;N;65.0;True;False;False;0.0;1.0;0.0;0.0;101.67839601107144;4.024292282333218;0
FFF;2013B;537645;M;North Region;HE Qualification;0;60;N;47.115494568324756;True;False;False;0.0;1.0;0.0;0.0;92.46683148123853;4.789222256860156;0
DDD;2013J;501488;F;North Western Region;A Level or Equivalent;1;120;N;25.0;True;False;False;0.0;0.0;0.0;0.0;0.0;0.0;1
CCC;2014J;594419;F;North Western Region;Lower Than A Level;1;60;N;45.0;True;False;False;0.0;0.75;1.0;60.0;136.0374909251605;2.8903507741551837;0
FFF;2013B;529240;M;Scotland;A Level or Equivalent;1;120;N;5.0;True;False;False;0.0;1.0;0.0;0.0;98.04951191551325;2.5657707123780877;0
BBB;2014J;686266;F;South Region;Lower Than A Level;0;60;N;75.0;True;False;False;0.0;0.0;0.0;0.0;0.0;0.0;1
GGG;2013J;597114;F;Yorkshire Region;A Level or Equivalent;0;30;N;65.0;True;False;False;0.0;1.0;0.0;0.0;110.48282018926918;3.0140133134704152;0
DDD;2013J;605313;M;North Region;A Level or Equivalent;0;60;N;35.0;True;False;False;0.0;0.0;0.0;0.0;0.0;0.0;1
CCC;2014B;277577;F;London Region;A Level or Equivalent;0;120;N;85.0;False;True;False;0.0;0.0;0.0;0.0;0.0;0.0;1
DDD;2014B;570049;F;Yorkshire Region;Lower Than A Level;1;180;N;5.0;True;False;False;0.0;0.8333333333333334;1.0;33.0;115.80620173083808;1.9780765336530612;0
DDD;2014J;603961;M;South Region;Lower Than A Level;0;60;N;47.115494568324756;True;False;False;0.0;0.6666666666666666;1.0;73.0;94.08326118326119;1.5994122775372774;0
CCC;2014J;520854;F;West Midlands Region;Lower Than A Level;0;120;N;85.0;True;False;False;0.0;0.0;0.0;0.0;0.0;0.0;1
BBB;2013B;479343;F;Yorkshire Region;A Level or Equivalent;1;120;N;65.0;True;False;False;0.0;0.9090909090909091;0.0;0.0;93.39815472587973;1.8008374494836104;0
CCC;2014B;579340;M;South Region;Lower Than A Level;0;90;N;65.0;True;False;False;0.0;0.0;0.0;0.0;0.0;0.0;1
EEE;2013J;330530;M;North Western Region;A Level or Equivalent;0;60;N;35.0;True;False;False;0.0;0.0;0.0;0.0;0.0;0.0;1
BBB;2014J;605186;F;London Region;Lower Than A Level;0;120;N;25.0;True;False;False;0.0;0.7303959843837144;0.0;0.0;19.64814814814815;1.8888888888888888;0
DDD;2014B;2669736;F;East Midlands Region;Lower Than A Level;0;60;N;35.0;True;False;False;0.0;0.6666666666666666;1.0;64.0;110.08135725964948;1.8529687977529534;0
DDD;2013B;518155;M;London Region;HE Qualification;1;120;N;65.0;True;False;False;0.0;0.0;0.0;0.0;0.0;0.0;1
DDD;2013J;572087;M;East Anglian Region;A Level or Equivalent;0;120;N;55.0;True;False;False;0.0;0.0;0.0;0.0;0.0;0.0;1
DDD;2013B;258310;M;West Midlands Region;A Level or Equivalent;1;120;N;5.0;True;False;False;0.0;0.0;0.0;0.0;0.0;0.0;1
CCC;2014B;1924641;M;Scotland;HE Qualification;0;120;N;65.0;False;True;False;0.0;0.375;1.0;14.0;92.53246228112819;2.1185834847205522;0
BBB;2014J;688927;F;East Anglian Region;Lower Than A Level;0;120;N;45.0;True;False;False;0.0;0.0;0.0;0.0;0.0;0.0;1
DDD;2014B;576350;F;Scotland;Lower Than A Level;0;70;N;15.0;True;False;False;0.0;0.6337579617834395;0.554140127388535;38.28768577494692;-1.9809523809523808;01.май;0
FFF;2014J;611603;M;West Midlands Region;A Level or Equivalent;0;60;N;5.0;True;False;False;0.0;1.0;0.0;0.0;126.4548560416694;5.312731338223044;0
CCC;2014J;686813;M;London Region;Lower Than A Level;0;150;Y;15.0;True;False;False;0.0;0.0;0.0;0.0;0.0;0.0;1
FFF;2013J;608349;M;South Region;Lower Than A Level;0;180;N;35.0;False;True;False;0.0;1.0;0.0;0.0;70.43595205852971;3.1064765508612133;0
CCC;2014J;622976;M;South East Region;Lower Than A Level;0;60;N;85.0;True;False;False;0.0;0.5;1.0;72.0;118.5151483195469;3.6156758714300214;0
FFF;2014B;614661;F;South West Region;A Level or Equivalent;0;60;N;5.0;True;False;False;0.0;0.0;0.0;0.0;0.0;0.0;1
FFF;2013J;580709;M;South Region;A Level or Equivalent;0;60;N;15.0;True;False;False;0.0;0.9166666666666666;0.0;0.0;126.64695338165733;3.125710674559359;0
EEE;2014J;648902;M;South West Region;A Level or Equivalent;0;60;Y;15.0;True;False;False;0.0;0.75;0.0;0.0;141.6204829184421;5.484755720470006;0
AAA;2013J;2559575;M;South West Region;Lower Than A Level;0;60;N;35.0;True;False;False;0.0;1.0;0.0;0.0;82.18426543031005;2.8236380759200235;0
CCC;2014J;555884;M;East Midlands Region;A Level or Equivalent;0;60;N;85.0;True;False;False;0.0;1.0;1.0;84.0;96.25969902059566;2.6978336017563915;0
CCC;2014J;131663;M;Scotland;A Level or Equivalent;1;30;N;45.0;True;False;False;0.0;0.5929054054054054;0.5845845845845846;39.888888888888886;0.06333333333333328;янв.25;0
CCC;2014J;439855;M;Scotland;A Level or Equivalent;0;60;N;65.0;False;True;False;0.0;0.0;0.0;0.0;0.0;0.0;1
FFF;2014J;675328;M;North Western Region;HE Qualification;0;120;N;15.0;False;True;False;0.0;1.0;0.0;0.0;80.80206791607954;4.087048924954935;0
CCC;2014B;625574;F;West Midlands Region;A Level or Equivalent;0;60;N;47.115494568324756;True;False;False;0.0;0.5;1.0;100.0;110.70499952795667;2.2799756911595273;0
GGG;2014B;612207;F;North Western Region;Lower Than A Level;0;30;N;5.0;True;False;False;0.0;0.0;0.0;0.0;0.0;0.0;0
CCC;2014J;647865;M;East Anglian Region;A Level or Equivalent;0;60;N;35.0;True;False;False;0.0;0.75;1.0;60.0;79.72604166666666;2.1354166666666665;0
DDD;2013B;485532;M;East Anglian Region;A Level or Equivalent;1;180;N;55.0;True;False;False;0.0;0.0;0.0;0.0;0.0;0.0;0
FFF;2013B;490284;M;East Anglian Region;A Level or Equivalent;0;60;N;35.0;True;False;False;0.0;0.5833333333333334;0.0;0.0;79.67842649738877;4.902894849041913;0
FFF;2013J;607473;M;East Midlands Region;Lower Than A Level;0;90;N;5.0;True;False;False;0.0;0.0;0.0;0.0;0.0;0.0;1
BBB;2014J;685257;F;Ireland;Lower Than A Level;0;60;N;15.0;True;False;False;0.0;0.6;0.0;0.0;50.357894736842105;2.6561403508771932;0
FFF;2013J;399863;M;West Midlands Region;A Level or Equivalent;0;270;N;35.0;True;False;False;0.0;0.0;0.0;0.0;0.0;0.0;1
FFF;2014B;141430;M;Yorkshire Region;A Level or Equivalent;1;60;N;45.0;True;False;False;0.0;1.0;0.0;0.0;87.69548211695965;2.9529069211050305;0
CCC;2014B;582950;M;Scotland;HE Qualification;0;90;N;35.0;True;False;False;0.0;1.0;1.0;92.0;106.31094075421122;1.9908750918022018;0
CCC;2014B;917586;M;South Region;HE Qualification;0;60;N;85.0;False;True;False;0.0;1.0;1.0;98.0;69.52561232636634;1.9231281520328376;0
BBB;2013B;318101;F;London Region;Lower Than A Level;0;60;N;25.0;True;False;False;0.0;0.09090909090909091;0.0;0.0;30.681190476190476;1.7884897741147743;0
GGG;2013J;600906;M;West Midlands Region;Lower Than A Level;0;30;N;95.0;False;True;False;0.0;0.0;0.0;0.0;0.0;0.0;1
EEE;2014B;632889;M;London Region;A Level or Equivalent;0;60;N;75.0;True;False;False;0.0;0.0;0.0;0.0;0.0;0.0;1
FFF;2014J;652659;M;East Midlands Region;Lower Than A Level;0;60;N;65.0;True;False;False;0.0;0.8333333333333334;0.0;0.0;71.66493911694947;3.4421099251961325;0
DDD;2014J;258538;F;Yorkshire Region;A Level or Equivalent;0;60;N;65.0;False;True;False;0.0;1.0;1.0;64.0;114.24983380247313;1.7110846205991594;0
CCC;2014B;2139037;F;East Anglian Region;HE Qualification;0;60;N;95.0;True;False;False;0.0;1.0;1.0;92.0;97.36118784245113;2.049181682123205;0
EEE;2013J;2134304;M;Scotland;Lower Than A Level;0;60;N;75.0;False;True;False;0.0;1.0;0.0;0.0;81.27340242967519;5.340705151524744;0
GGG;2014B;616457;F;East Midlands Region;A Level or Equivalent;0;30;N;85.0;True;False;False;0.0;0.8888888888888888;0.0;0.0;134.36950483091786;2.849935300207039;0
BBB;2014J;648807;F;South Region;A Level or Equivalent;0;120;N;45.0;True;False;False;0.0;0.8;0.0;0.0;91.80758914459264;3.240033003360519;0
FFF;2014J;587706;M;Scotland;HE Qualification;0;60;N;15.0;True;False;False;0.0;0.16666666666666666;0.0;0.0;22.27757164650757;3.5867031709709054;0
BBB;2013B;630346;F;East Anglian Region;A Level or Equivalent;0;60;Y;65.0;True;False;False;0.0;0.0;0.0;0.0;0.0;0.0;0
EEE;2014J;2437591;M;East Anglian Region;Lower Than A Level;0;90;N;35.0;True;False;False;0.0;1.0;0.0;0.0;106.4144609518379;4.651264121831932;0
BBB;2013B;325511;F;East Anglian Region;A Level or Equivalent;0;180;N;75.0;True;False;False;0.0;0.8181818181818182;0.0;0.0;118.51872985266745;2.7296590073394698;0
CCC;2014B;242778;M;Scotland;HE Qualification;0;90;N;95.0;False;True;False;0.0;0.0;0.0;0.0;0.0;0.0;1
GGG;2014J;339645;F;East Midlands Region;Lower Than A Level;0;30;N;85.0;True;False;False;0.0;1.0;0.0;0.0;153.03644079123228;3.483364837514797;0
CCC;2014J;695976;F;North Region;Lower Than A Level;0;210;N;15.0;True;False;False;0.0;0.0;0.0;0.0;0.0;0.0;1
EEE;2013J;575419;M;West Midlands Region;Lower Than A Level;0;90;N;55.0;True;False;False;0.0;0.75;0.0;0.0;64.39579222976757;3.725820853348789;0
DDD;2014J;697433;M;North Western Region;Lower Than A Level;0;60;N;35.0;True;False;False;0.0;0.5;0.0;0.0;27.286668070491597;1.6230134244840126;0
FFF;2013J;558970;M;Wales;A Level or Equivalent;0;60;N;95.0;True;False;False;0.0;1.0;0.0;0.0;106.00406711199406;5.221950204444512;0
DDD;2013J;574035;M;Wales;HE Qualification;0;60;N;15.0;True;False;False;0.0;1.0;1.0;91.0;114.3136523716712;1.3830920115436538;0
FFF;2013B;469154;M;West Midlands Region;A Level or Equivalent;0;120;N;55.0;True;False;False;0.0;0.8333333333333334;0.0;0.0;84.90753949686707;3.471789769950577;0
CCC;2014B;551902;M;East Anglian Region;Lower Than A Level;0;60;N;85.0;True;False;False;0.0;0.25;0.0;0.0;63.58641198286042;4.617342950836378;0
BBB;2013B;559808;F;Scotland;Lower Than A Level;0;60;N;45.0;True;False;False;0.0;0.09090909090909091;0.0;0.0;6.059523809523809;1.8214285714285714;0
CCC;2014B;607927;F;North Western Region;Lower Than A Level;0;150;N;35.0;True;False;False;0.0;0.25;0.0;0.0;84.11620602432006;2.441319288249113;0
CCC;2014J;500339;M;North Western Region;Lower Than A Level;0;120;N;75.0;True;False;False;0.0;0.0;0.0;0.0;0.0;0.0;1
BBB;2013J;485772;F;Yorkshire Region;Lower Than A Level;0;60;N;75.0;True;False;False;0.0;1.0;0.0;0.0;64.66135743227454;1.3828358707795674;0
CCC;2014J;509177;M;Yorkshire Region;Lower Than A Level;0;90;N;25.0;True;False;False;0.0;0.0;0.0;0.0;0.0;0.0;1
BBB;2013J;55026;F;London Region;A Level or Equivalent;0;60;Y;25.0;False;True;False;0.0;0.8181818181818182;0.0;0.0;144.45114738202972;1.834782374488257;0
AAA;2013J;342972;M;Yorkshire Region;HE Qualification;0;60;N;5.0;True;False;False;0.0;1.0;0.0;0.0;78.41604850233314;2.611882104215135;0
BBB;2013J;604315;F;West Midlands Region;A Level or Equivalent;0;120;N;5.0;True;False;False;0.0;1.0;0.0;0.0;128.8813066888447;1.4581442524761685;0
BBB;2013B;550098;F;London Region;Lower Than A Level;0;60;N;35.0;False;True;False;0.0;0.8181818181818182;0.0;0.0;86.15538440696335;1.9290996635733477;0
BBB;2013J;352112;F;South East Region;A Level or Equivalent;0;60;N;25.0;True;False;False;0.0;1.0;0.0;0.0;112.40659712160726;1.568156572974017;0
FFF;2014J;675566;M;South West Region;Lower Than A Level;0;60;N;35.0;True;False;False;0.0;1.0;0.0;0.0;104.7260946965344;3.487772980287047;0
GGG;2014J;654916;F;Wales;No Formal quals;0;30;N;35.0;False;True;False;0.0;0.0;0.0;0.0;0.0;0.0;0
BBB;2013B;278447;F;South East Region;A Level or Equivalent;0;60;N;65.0;True;False;False;0.0;1.0;0.0;0.0;103.57723855092276;1.480274550011392;0
FFF;2014J;680766;M;London Region;Lower Than A Level;0;120;N;25.0;True;False;False;0.0;0.0;0.0;0.0;0.0;0.0;1
CCC;2014B;242858;M;East Midlands Region;A Level or Equivalent;0;60;N;25.0;True;False;False;0.0;1.0;1.0;76.0;112.81351969672899;2.7932644983435293;0
DDD;2013J;577464;M;South Region;A Level or Equivalent;0;60;Y;95.0;True;False;False;0.0;1.0;1.0;73.0;92.14478879185047;1.5828711194519283;0
BBB;2014J;652731;F;Ireland;A Level or Equivalent;0;120;N;95.0;True;False;False;0.0;0.0;0.0;0.0;0.0;0.0;1
BBB;2014B;545223;F;East Midlands Region;Lower Than A Level;1;60;N;5.0;True;False;False;0.0;0.9090909090909091;0.0;0.0;106.81372549019608;1.3764705882352941;0
EEE;2014J;684905;M;Yorkshire Region;A Level or Equivalent;0;60;N;25.0;True;False;False;0.0;1.0;0.0;0.0;99.57781903435286;3.225720038815227;0
BBB;2013J;517352;F;East Anglian Region;Lower Than A Level;0;60;N;65.0;True;False;False;0.0;1.0;0.0;0.0;111.37285860261926;2.472688855050978;0
EEE;2014B;2632165;M;Wales;A Level or Equivalent;0;60;N;75.0;True;False;False;0.0;1.0;0.0;0.0;110.95464128543189;3.1311644046045757;0
DDD;2014J;656454;F;West Midlands Region;HE Qualification;0;60;N;25.0;False;True;False;0.0;1.0;1.0;47.0;78.15016073997684;1.9047865727082838;0
BBB;2014B;631563;F;East Midlands Region;A Level or Equivalent;0;120;Y;95.0;True;False;False;0.0;0.5454545454545454;0.0;0.0;68.42543859649122;1.7105263157894737;0
FFF;2014J;656651;M;South West Region;A Level or Equivalent;0;120;N;25.0;True;False;False;0.0;1.0;0.0;0.0;108.87369121051289;2.3937811689015223;0
DDD;2013J;572281;M;East Midlands Region;A Level or Equivalent;0;120;Y;45.0;False;True;False;0.0;0.0;0.0;0.0;0.0;0.0;1
FFF;2013B;540637;M;East Anglian Region;Lower Than A Level;0;120;N;55.0;True;False;False;0.0;0.0;0.0;0.0;0.0;0.0;1
CCC;2014J;654755;M;London Region;A Level or Equivalent;0;60;N;25.0;True;False;False;0.0;0.0;0.0;0.0;0.0;0.0;1
BBB;2014J;676898;F;South West Region;A Level or Equivalent;0;120;N;75.0;True;False;False;0.0;1.0;0.0;0.0;94.96944881717609;3.3674346276619005;0
CCC;2014J;634420;F;Ireland;Lower Than A Level;0;30;N;47.115494568324756;True;False;False;0.0;0.0;0.0;0.0;0.0;0.0;1
DDD;2014B;583713;M;Yorkshire Region;A Level or Equivalent;0;60;N;75.0;True;False;False;0.0;1.0;1.0;73.0;84.73376938449314;1.248055402082951;0
DDD;2013J;601048;F;North Western Region;A Level or Equivalent;0;60;N;5.0;True;False;False;0.0;0.6666666666666666;1.0;47.0;52.243873015873014;1.70368253968254;0
BBB;2013B;548642;F;West Midlands Region;A Level or Equivalent;0;60;N;5.0;True;False;False;0.0;0.0;0.0;0.0;0.0;0.0;1
CCC;2014J;636716;M;East Anglian Region;A Level or Equivalent;0;120;N;65.0;True;False;False;0.0;0.625;1.0;86.0;74.90698969646338;3.2016986911723757;0
CCC;2014J;675915;F;South West Region;A Level or Equivalent;0;150;N;35.0;True;False;False;0.0;0.0;0.0;0.0;29.93540081378144;2.6661936908033135;0
CCC;2014J;698002;M;South East Region;HE Qualification;0;60;N;95.0;False;False;True;0.0;1.0;1.0;90.0;107.69846868663191;2.2942650224687178;0
BBB;2014J;560652;M;South East Region;Lower Than A Level;0;60;N;55.0;False;True;False;0.0;1.0;0.0;0.0;93.25031415343915;2.8117228835978834;0
DDD;2014J;399794;F;Scotland;HE Qualification;1;60;N;15.0;True;False;False;0.0;0.5;0.0;0.0;82.15387687512175;2.3583187219949346;0
FFF;2013B;499993;M;East Anglian Region;Lower Than A Level;0;60;N;95.0;True;False;False;0.0;1.0;0.0;0.0;92.838570681173;3.4516602579268643;0
AAA;2014J;421455;F;North Region;A Level or Equivalent;0;60;N;55.0;True;False;False;0.0;1.0;0.0;0.0;92.36852159826297;3.5723850803592185;0
CCC;2014J;492357;M;East Midlands Region;A Level or Equivalent;1;30;N;75.0;False;True;False;0.0;0.75;1.0;62.0;114.9856030461022;2.0616052722361657;0
DDD;2014J;682787;M;North Western Region;A Level or Equivalent;0;60;N;55.0;True;False;False;0.0;0.0;0.0;0.0;0.0;0.0;1
BBB;2013B;517778;F;East Midlands Region;A Level or Equivalent;0;60;N;25.0;True;False;False;0.0;1.0;0.0;0.0;104.06204481792717;2.118800398947458;0
CCC;2014J;681174;M;North Region;Post Graduate Qualification;0;90;N;47.115494568324756;False;True;False;0.0;1.0;1.0;96.0;128.53384890287168;1.9880088268608194;0
DDD;2014J;493434;M;Ireland;Lower Than A Level;1;60;N;47.115494568324756;False;True;False;0.0;0.6666666666666666;0.0;0.0;116.83333333333333;1.1666666666666667;0
FFF;2013J;553427;M;North Western Region;A Level or Equivalent;0;60;N;5.0;True;False;False;0.0;0.8333333333333334;0.0;0.0;96.63728080216904;4.919169888542747;0
EEE;2014J;631113;M;Scotland;HE Qualification;0;60;N;65.0;True;False;False;0.0;1.0;0.0;0.0;95.16316342962305;4.49537365670906;0
GGG;2013J;606570;F;West Midlands Region;A Level or Equivalent;0;30;N;5.0;False;True;False;0.0;0.8888888888888888;0.0;0.0;166.94964037698412;4.427687156593406;0
BBB;2014J;554243;F;South West Region;Lower Than A Level;1;60;N;65.0;True;False;False;0.0;0.6;0.0;0.0;38.867559523809526;1.421279761904762;0
BBB;2013J;609873;F;Scotland;HE Qualification;0;120;N;35.0;True;False;False;0.0;0.0;0.0;0.0;0.0;0.0;1
CCC;2014B;430686;M;West Midlands Region;A Level or Equivalent;0;90;N;47.115494568324756;True;False;False;0.0;0.75;1.0;46.0;114.33084751707761;1.8452946307789821;0
EEE;2014J;648136;M;South West Region;Lower Than A Level;0;60;N;25.0;True;False;False;0.0;1.0;0.0;0.0;80.17959449567378;2.5753097907918683;0
DDD;2013B;528923;M;North Western Region;Lower Than A Level;1;120;N;5.0;True;False;False;0.0;0.6153846153846154;0.0;0.0;44.66929467675298;1.721869598776205;0
GGG;2013J;189664;F;West Midlands Region;Lower Than A Level;0;30;Y;5.0;False;True;False;0.0;1.0;0.0;0.0;129.70404106644514;2.059493154378065;0
BBB;2013B;496243;F;Scotland;A Level or Equivalent;1;180;N;45.0;True;False;False;0.0;0.45454545454545453;0.0;0.0;23.096879558261673;1.6000306979981778;0
FFF;2013J;607052;M;East Midlands Region;A Level or Equivalent;0;90;N;15.0;False;True;False;0.0;1.0;0.0;0.0;64.75201353790513;2.743138571727727;0
EEE;2014J;690439;M;North Region;Lower Than A Level;0;90;N;47.115494568324756;True;False;False;0.0;0.0;0.0;0.0;22.028825757575756;3.00905303030303;0
BBB;2013B;538942;F;Yorkshire Region;Lower Than A Level;0;60;N;15.0;True;False;False;0.0;0.8181818181818182;0.0;0.0;44.14459960680574;1.7344841933210238;0
FFF;2013B;549311;M;East Anglian Region;A Level or Equivalent;0;90;N;55.0;True;False;False;0.0;0.0;0.0;0.0;0.0;0.0;1
CCC;2014J;657319;M;East Anglian Region;Lower Than A Level;0;180;N;75.0;False;True;False;0.0;0.0;0.0;0.0;0.0;0.0;1
EEE;2014J;688662;M;South Region;Lower Than A Level;0;60;N;65.0;True;False;False;0.0;1.0;0.0;0.0;108.92551488852355;3.7166726171683346;0
DDD;2013B;515812;F;Yorkshire Region;A Level or Equivalent;0;60;N;45.0;True;False;False;0.0;0.0;0.0;0.0;0.0;0.0;1
CCC;2014J;986561;M;South East Region;HE Qualification;0;60;N;95.0;False;False;True;0.0;1.0;1.0;68.0;107.48444101735981;2.400343360862295;0
BBB;2014B;563822;F;East Anglian Region;Lower Than A Level;0;60;N;45.0;True;False;False;0.0;0.0;0.0;0.0;0.0;0.0;0
FFF;2013B;556408;M;South West Region;A Level or Equivalent;0;60;N;75.0;True;False;False;0.0;0.0;0.0;0.0;0.0;0.0;1
EEE;2014B;566871;M;London Region;Lower Than A Level;0;90;N;15.0;True;False;False;0.0;0.25;0.0;0.0;20.23178641727595;3.109604134154219;0
GGG;2013J;610738;F;London Region;Lower Than A Level;0;30;N;15.0;False;True;False;0.0;0.0;0.0;0.0;57.52247619047619;1.8757142857142854;0
BBB;2014B;469664;F;East Midlands Region;Lower Than A Level;0;210;N;45.0;True;False;False;0.0;0.0;0.0;0.0;0.0;0.0;1
BBB;2014B;392604;F;South Region;Lower Than A Level;0;90;N;85.0;False;True;False;0.0;1.0;0.0;0.0;105.34680107243588;1.656027215401587;0
AAA;2013J;333323;M;Scotland;HE Qualification;0;60;N;85.0;True;False;False;19.25;1.0;0.0;0.0;125.28865896936072;3.778282601089619;0
GGG;2013J;608115;M;South East Region;A Level or Equivalent;0;30;N;85.0;True;False;False;0.0;1.0;0.0;0.0;132.1364488348531;2.9435806792652306;0
BBB;2013J;510776;F;London Region;Lower Than A Level;1;60;N;25.0;True;False;False;0.0;0.36363636363636365;0.0;0.0;50.07540043290043;1.5880916305916306;0
AAA;2013J;235507;M;Yorkshire Region;A Level or Equivalent;0;240;N;95.0;True;False;False;0.0;0.0;0.0;0.0;0.0;0.0;1
BBB;2013B;548921;F;South West Region;Lower Than A Level;0;60;N;55.0;True;False;False;0.0;0.9090909090909091;0.0;0.0;53.947442424242425;2.0417223665223663;0
CCC;2014J;263150;F;London Region;A Level or Equivalent;0;60;N;45.0;True;False;False;0.0;0.0;0.0;0.0;0.0;0.0;1
CCC;2014J;692654;F;London Region;HE Qualification;0;30;N;25.0;True;False;False;0.0;1.0;1.0;88.0;129.50846950117784;4.221127290918957;0
BBB;2013B;547892;F;Yorkshire Region;A Level or Equivalent;0;60;N;55.0;True;False;False;0.0;0.9090909090909091;0.0;0.0;142.38502433239273;1.7166094139778352;0
CCC;2014J;233444;M;London Region;Lower Than A Level;1;60;N;5.0;True;False;False;0.0;0.0;0.0;0.0;0.0;0.0;1
FFF;2014J;632836;F;London Region;Lower Than A Level;0;60;N;25.0;True;False;False;0.0;1.0;0.0;0.0;134.89474205254172;3.6150922419507747;0
FFF;2013J;603155;M;Scotland;Lower Than A Level;0;60;N;45.0;True;False;False;0.0;1.0;0.0;0.0;94.69432850376283;2.713786557496138;0
GGG;2013J;122636;F;South East Region;Lower Than A Level;0;30;N;15.0;True;False;False;0.0;0.1111111111111111;0.0;0.0;18.801242236024844;1.8762200532386868;0
FFF;2013J;586543;M;North Region;HE Qualification;0;180;N;15.0;True;False;False;0.0;0.0;0.0;0.0;0.0;0.0;1
FFF;2014J;598540;M;North Western Region;Lower Than A Level;0;90;N;85.0;False;True;False;0.0;1.0;0.0;0.0;103.40434221554627;3.7590778978031425;0
DDD;2013B;200957;M;South West Region;A Level or Equivalent;1;120;N;45.0;True;False;False;0.0;0.0;0.0;0.0;2.276190476190476;1.1587301587301588;0
FFF;2013J;589267;M;West Midlands Region;HE Qualification;0;150;N;75.0;True;False;False;0.0;0.0;0.0;0.0;0.0;0.0;1
FFF;2014B;612638;F;East Anglian Region;Lower Than A Level;0;60;N;45.0;False;True;False;0.0;0.0;0.0;0.0;0.0;0.0;1
DDD;2014B;502057;F;London Region;Lower Than A Level;1;120;N;45.0;False;True;False;0.0;0.8333333333333334;1.0;69.0;100.41944208923714;1.3094228516061839;0
DDD;2013J;2383036;F;Yorkshire Region;A Level or Equivalent;0;120;N;15.0;True;False;False;0.0;1.0;1.0;91.0;126.31679491697994;1.562671326754386;0
FFF;2014J;523017;M;London Region;No Formal quals;0;60;N;25.0;True;False;False;0.0;1.0;0.0;0.0;95.98923830422514;4.662151741672038;0
BBB;2013J;593444;F;Ireland;Lower Than A Level;0;60;N;35.0;True;False;False;0.0;0.9090909090909091;0.0;0.0;128.9352159502952;1.9449762733270568;0
GGG;2013J;602023;F;South West Region;A Level or Equivalent;0;30;N;45.0;False;True;False;0.0;0.2222222222222222;0.0;0.0;91.45922619047619;3.1632440476190475;0
CCC;2014J;542180;F;South West Region;Lower Than A Level;0;300;Y;45.0;True;False;False;0.0;0.0;0.0;0.0;0.0;0.0;1
DDD;2014J;202138;F;London Region;A Level or Equivalent;0;90;N;45.0;False;True;False;0.0;0.0;0.0;0.0;0.0;0.0;1
FFF;2014J;2509531;M;North Western Region;A Level or Equivalent;0;120;N;5.0;True;False;False;0.0;0.0;0.0;0.0;0.0;0.0;1
BBB;2013B;398965;F;London Region;A Level or Equivalent;1;120;Y;25.0;True;False;False;0.0;0.0;0.0;0.0;0.0;0.0;1
DDD;2014B;615184;M;London Region;Lower Than A Level;0;90;N;85.0;True;False;False;0.0;0.3333333333333333;0.0;0.0;28.947604789673044;1.8445551200444292;0
DDD;2014J;1879751;F;East Midlands Region;A Level or Equivalent;0;60;N;65.0;False;True;False;0.0;1.0;1.0;80.0;94.25233791276557;1.6433828260467185;0
DDD;2013B;390233;M;South Region;Lower Than A Level;0;60;Y;55.0;True;False;False;0.0;0.9230769230769231;1.0;67.0;45.46076163655349;1.7484190411202019;0
FFF;2014J;680270;M;Ireland;Lower Than A Level;0;60;N;65.0;True;False;False;0.0;0.9166666666666666;0.0;0.0;112.32885619711071;3.763745784696441;0
BBB;2013B;255347;F;West Midlands Region;Lower Than A Level;0;60;N;95.0;True;False;False;0.0;0.9090909090909091;0.0;0.0;78.96949104305031;1.482772200735223;0
DDD;2014J;260077;M;Wales;A Level or Equivalent;1;60;N;95.0;True;False;False;0.0;1.0;1.0;56.0;134.18756004020622;1.825303892176372;0
BBB;2014J;646352;F;London Region;Lower Than A Level;0;60;N;25.0;False;True;False;0.0;0.2;0.0;0.0;12.965895061728396;3.061089065255732;0
CCC;2014J;349093;M;North Western Region;HE Qualification;0;60;N;95.0;False;True;False;0.0;0.5;1.0;100.0;102.5016005251812;2.7438628257604782;0
FFF;2013B;542653;M;South East Region;A Level or Equivalent;0;60;N;75.0;False;True;False;0.0;1.0;0.0;0.0;71.30591247675;3.0287174511492663;0
FFF;2014J;680349;M;Yorkshire Region;A Level or Equivalent;0;60;N;75.0;True;False;False;0.0;0.0;0.0;0.0;0.0;0.0;1
BBB;2013J;1521687;F;South Region;HE Qualification;0;120;N;75.0;False;True;False;0.0;0.2727272727272727;0.0;0.0;24.222718253968253;1.4856150793650793;0
GGG;2014J;689838;F;Scotland;Lower Than A Level;0;30;Y;35.0;False;True;False;0.0;1.0;0.0;0.0;107.26254040604272;2.9367091871536832;0
DDD;2013J;572134;M;North Western Region;Lower Than A Level;0;120;N;35.0;False;True;False;0.0;0.6982071713147411;0.6420982735723771;41.732403718459494;3.1060174803059053;1.6073400034500605;0
FFF;2013J;581614;M;East Anglian Region;A Level or Equivalent;0;120;N;95.0;True;False;False;0.0;0.75;0.0;0.0;111.56653192232363;3.319146093921136;0
BBB;2014J;652044;M;Scotland;HE Qualification;0;60;N;55.0;True;False;False;0.0;0.8;0.0;0.0;113.16053099222113;2.210899012307463;0
FFF;2013J;255310;M;East Midlands Region;HE Qualification;0;90;N;85.0;True;False;False;0.0;1.0;0.0;0.0;99.79963890262697;2.8463336297160695;0
DDD;2013B;285096;M;South West Region;Lower Than A Level;0;60;N;45.0;False;True;False;0.0;1.0;1.0;73.0;81.34424566946024;1.356703210782322;0
FFF;2014B;626403;M;Wales;Lower Than A Level;0;60;N;15.0;True;False;False;0.0;0.0;0.0;0.0;0.0;0.0;1
BBB;2013J;522426;F;Scotland;HE Qualification;0;60;N;75.0;False;True;False;0.0;1.0;0.0;0.0;103.14375410707521;2.0167842291561136;0
BBB;2014B;633929;F;South Region;Lower Than A Level;0;60;N;47.115494568324756;False;True;False;0.0;0.9090909090909091;0.0;0.0;132.76197307933157;1.7861081319100187;0
GGG;2013J;580860;F;South West Region;A Level or Equivalent;0;30;N;85.0;True;False;False;0.0;1.0;0.0;0.0;127.58781937969438;2.813308466225133;0
CCC;2014B;549928;M;South West Region;A Level or Equivalent;0;90;N;55.0;True;False;False;0.0;0.5308303886925795;0.5279151943462898;36.93851590106007;38.002100840336134;1.7993697478991597;0
CCC;2014J;549439;M;Scotland;Lower Than A Level;0;30;N;85.0;True;False;False;0.0;1.0;1.0;34.0;136.97450823614756;2.4141038863989683;0
EEE;2014B;628686;M;East Anglian Region;Lower Than A Level;0;90;N;45.0;True;False;False;0.0;0.0;0.0;0.0;0.0;0.0;1
BBB;2013B;416654;F;Scotland;A Level or Equivalent;0;60;N;55.0;False;True;False;0.0;0.9090909090909091;0.0;0.0;95.81147152205976;1.5175577419926691;0
DDD;2014J;693294;F;London Region;A Level or Equivalent;0;120;N;65.0;True;False;False;0.0;0.8333333333333334;1.0;31.0;95.14806531496673;1.9145352886550069;0
DDD;2013J;564325;F;North Western Region;Lower Than A Level;0;120;Y;35.0;True;False;False;0.0;0.0;0.0;0.0;0.0;0.0;1
BBB;2013B;550520;F;Wales;Lower Than A Level;0;60;N;65.0;True;False;False;0.0;0.9090909090909091;0.0;0.0;77.63865223881729;2.1393230883478447;0
FFF;2014B;594136;M;East Midlands Region;Lower Than A Level;1;120;N;25.0;True;False;False;0.0;1.0;0.0;0.0;90.33587508926746;3.1673726283879113;0
BBB;2013J;550941;F;Wales;Lower Than A Level;1;120;Y;75.0;True;False;False;0.0;0.8181818181818182;0.0;0.0;63.81702717703243;2.0670366582919106;0
DDD;2014J;132511;F;East Anglian Region;A Level or Equivalent;0;120;N;5.0;True;False;False;0.0;0.6666666666666666;0.0;0.0;31.606101190476192;1.6645833333333333;0
DDD;2013J;586550;M;London Region;HE Qualification;0;60;N;5.0;True;False;False;0.0;0.6666666666666666;1.0;44.0;97.31460191981931;1.4316666666666666;0
FFF;2013B;357219;F;London Region;A Level or Equivalent;1;120;N;55.0;True;False;False;0.0;1.0;0.0;0.0;84.6476962138531;3.3300564648939246;0
BBB;2014J;647711;M;South West Region;Lower Than A Level;0;60;N;15.0;True;False;False;0.0;0.0;0.0;0.0;0.0;0.0;1
AAA;2013J;142326;F;North Region;A Level or Equivalent;0;60;N;55.0;False;True;False;65.0;1.0;0.0;0.0;124.93901122396545;3.1272960589771635;0
FFF;2013J;546547;F;Scotland;Lower Than A Level;0;90;N;25.0;True;False;False;0.0;0.0;0.0;0.0;0.0;0.0;1
CCC;2014B;569342;M;South Region;Lower Than A Level;0;120;N;75.0;True;False;False;0.0;0.625;0.0;0.0;92.23936584887197;1.44677650619496;0
BBB;2013J;506804;F;North Region;A Level or Equivalent;0;120;N;25.0;True;False;False;0.0;1.0;0.0;0.0;126.92330191838586;1.6311834197220492;0
BBB;2014J;697964;F;Wales;A Level or Equivalent;0;60;N;55.0;True;False;False;0.0;0.8;0.0;0.0;84.43088498557317;2.704228059644911;0
EEE;2014J;697041;M;Scotland;A Level or Equivalent;0;60;N;15.0;True;False;False;0.0;1.0;0.0;0.0;90.31259758537402;3.5675469282320242;0
FFF;2014B;627751;M;East Midlands Region;A Level or Equivalent;0;60;N;65.0;True;False;False;0.0;0.0;0.0;0.0;0.0;0.0;1
BBB;2013B;350622;F;London Region;Lower Than A Level;0;60;N;25.0;True;False;False;0.0;0.7272727272727273;0.0;0.0;68.44978237913655;1.9917808635803669;0
GGG;2014J;684903;F;West Midlands Region;Lower Than A Level;0;30;N;65.0;False;True;False;0.0;0.7862398822663723;0.0;0.0;5.124444444444444;2.0033333333333334;0
GGG;2014B;625676;F;East Midlands Region;Lower Than A Level;0;30;N;95.0;False;True;False;0.0;0.3333333333333333;0.0;0.0;144.64178876678878;2.6769230769230767;0
BBB;2014J;689124;F;Ireland;Lower Than A Level;0;60;N;35.0;False;True;False;0.0;0.8;0.0;0.0;75.87821581196582;3.2123473748473748;0
BBB;2014J;595130;F;Wales;A Level or Equivalent;0;60;N;15.0;True;False;False;0.0;0.8;0.0;0.0;128.48547670829967;1.6987182833115848;0
FFF;2013J;571994;M;North Western Region;A Level or Equivalent;0;60;N;55.0;True;False;False;0.0;0.0;0.0;0.0;0.0;0.0;1
DDD;2013J;513349;F;East Midlands Region;A Level or Equivalent;0;75;N;95.0;False;True;False;0.0;0.6666666666666666;0.0;0.0;46.38355136304813;1.9335780626499117;0
DDD;2014B;617265;M;East Anglian Region;Lower Than A Level;0;60;N;45.0;True;False;False;0.0;0.0;0.0;0.0;0.0;0.0;1
BBB;2014B;2659042;F;East Midlands Region;Lower Than A Level;0;120;N;55.0;True;False;False;0.0;1.0;0.0;0.0;114.01938142810201;2.3845780221212345;0
FFF;2014J;688203;M;London Region;Lower Than A Level;0;60;N;25.0;True;False;False;0.0;0.0;0.0;0.0;0.0;0.0;1
CCC;2014J;504363;M;London Region;A Level or Equivalent;0;150;N;15.0;True;False;False;0.0;1.0;1.0;86.0;119.55796650196184;3.380052081246678;0
FFF;2013J;335476;M;Wales;A Level or Equivalent;1;90;N;35.0;True;False;False;0.0;1.0;0.0;0.0;77.74841629662492;3.571557664795859;0
EEE;2014B;1661805;M;South West Region;Lower Than A Level;0;30;N;25.0;False;True;False;0.0;1.0;0.0;0.0;104.59712097246374;4.154528749643425;0
FFF;2014J;499244;M;South Region;Lower Than A Level;3;60;N;75.0;True;False;False;0.0;0.0;0.0;0.0;0.0;0.0;1
FFF;2013B;550787;F;Ireland;A Level or Equivalent;0;60;N;5.0;True;False;False;0.0;0.9166666666666666;0.0;0.0;93.403300116532;4.808579051552001;0
BBB;2013B;558099;F;South East Region;A Level or Equivalent;0;60;N;45.0;False;True;False;0.0;1.0;0.0;0.0;52.458244056544494;2.3657869522452852;0
FFF;2013J;583826;M;London Region;Lower Than A Level;0;60;N;15.0;True;False;False;0.0;0.0;0.0;0.0;0.0;0.0;1
DDD;2014B;2415480;M;Wales;HE Qualification;0;90;N;35.0;False;True;False;0.0;1.0;1.0;96.0;98.54849433369715;1.4951047790497347;0
CCC;2014B;178654;F;Scotland;HE Qualification;0;30;N;65.0;False;True;False;0.0;0.0;0.0;0.0;0.0;0.0;1
FFF;2013J;2261138;M;West Midlands Region;Lower Than A Level;0;60;N;25.0;False;True;False;0.0;0.0;0.0;0.0;0.0;0.0;1
FFF;2013B;2600887;M;Ireland;A Level or Equivalent;0;90;N;85.0;False;True;False;0.0;0.5833333333333334;0.0;0.0;131.1662758207102;4.454398010235114;0
CCC;2014B;582108;M;London Region;A Level or Equivalent;0;90;N;15.0;True;False;False;0.0;1.0;1.0;32.0;90.12010199839148;1.888977262990421;0
CCC;2014B;554470;M;South Region;Lower Than A Level;0;90;N;55.0;True;False;False;0.0;0.0;0.0;0.0;0.0;0.0;1
BBB;2013B;2534033;M;West Midlands Region;A Level or Equivalent;1;60;Y;75.0;True;False;False;0.0;0.0;0.0;0.0;0.0;0.0;1
FFF;2014B;592939;M;Scotland;HE Qualification;1;240;N;5.0;True;False;False;0.0;0.0;0.0;0.0;0.0;0.0;1
DDD;2013B;442131;M;South East Region;Lower Than A Level;0;60;N;75.0;True;False;False;0.0;0.15384615384615385;0.0;0.0;7.221904761904763;1.764812030075188;0
DDD;2013J;148008;M;North Western Region;A Level or Equivalent;2;60;N;55.0;True;False;False;0.0;0.5;0.0;0.0;48.06833720220349;1.7199463327370306;0
DDD;2014B;1916140;F;Yorkshire Region;A Level or Equivalent;0;60;N;45.0;False;True;False;0.0;1.0;1.0;67.0;65.55174947551531;1.5124208021656684;0
BBB;2013J;600121;F;London Region;A Level or Equivalent;0;120;Y;45.0;True;False;False;0.0;1.0;0.0;0.0;93.62502968465164;1.7900468288017386;0
DDD;2014B;589963;M;Scotland;Lower Than A Level;1;180;N;35.0;True;False;False;0.0;0.8333333333333334;1.0;60.0;116.98170628183362;1.3983760925611521;0
FFF;2013J;513796;M;East Anglian Region;Lower Than A Level;0;120;N;25.0;True;False;False;0.0;0.0;0.0;0.0;0.0;0.0;1
DDD;2014J;2636552;F;South East Region;Lower Than A Level;1;60;Y;85.0;True;False;False;0.0;0.5;0.0;0.0;51.21507352941177;1.213235294117647;0
BBB;2014J;636660;F;North Western Region;Lower Than A Level;0;60;N;5.0;True;False;False;0.0;0.0;0.0;0.0;0.0;0.0;1
GGG;2014J;687028;F;Scotland;A Level or Equivalent;0;30;N;85.0;False;True;False;0.0;0.7862398822663723;0.0;0.0;апр.25;2.392857142857143;0
DDD;2013B;536032;M;Wales;A Level or Equivalent;0;60;N;25.0;True;False;False;0.0;0.9230769230769231;1.0;49.0;63.18132526438046;1.5698117244330336;0
CCC;2014J;2559144;F;London Region;A Level or Equivalent;0;120;N;15.0;True;False;False;0.0;1.0;1.0;98.0;157.1256041959624;2.1252480463189394;0
BBB;2014B;575251;F;Scotland;A Level or Equivalent;0;120;Y;5.0;False;True;False;0.0;0.0;0.0;0.0;0.0;0.0;1
FFF;2013J;608348;M;Yorkshire Region;A Level or Equivalent;0;60;N;65.0;False;True;False;0.0;0.0;0.0;0.0;0.0;0.0;1
DDD;2013J;604952;F;North Western Region;Lower Than A Level;0;120;N;25.0;True;False;False;0.0;0.0;0.0;0.0;0.0;0.0;1
FFF;2014B;629879;M;Wales;Lower Than A Level;0;60;Y;55.0;True;False;False;0.0;0.08333333333333333;0.0;0.0;6.210805173133083;1.9390279516061746;0
DDD;2014J;640942;M;East Midlands Region;A Level or Equivalent;0;60;N;95.0;False;True;False;0.0;1.0;1.0;93.0;103.11411982549953;1.718934672978758;0
EEE;2014J;682554;M;North Western Region;Lower Than A Level;0;30;Y;35.0;True;False;False;0.0;0.0;0.0;0.0;0.0;0.0;1
EEE;2013J;478212;M;Scotland;HE Qualification;0;60;N;25.0;True;False;False;0.0;1.0;0.0;0.0;94.63394275573067;3.5920810623010815;0
FFF;2014J;491126;M;West Midlands Region;A Level or Equivalent;0;60;Y;45.0;True;False;False;0.0;1.0;0.0;0.0;116.07205318589266;2.804920165066723;0
DDD;2014J;633618;M;West Midlands Region;A Level or Equivalent;1;90;N;45.0;True;False;False;0.0;0.8333333333333334;1.0;87.0;107.23994896716673;1.3590544515095828;0
FFF;2013J;380161;M;North Western Region;A Level or Equivalent;0;90;N;65.0;True;False;False;0.0;0.0;0.0;0.0;0.0;0.0;1
CCC;2014B;620320;M;North Western Region;Lower Than A Level;0;120;Y;25.0;True;False;False;0.0;0.0;0.0;0.0;0.0;0.0;1
GGG;2014J;694470;F;South East Region;Lower Than A Level;0;30;Y;45.0;True;False;False;0.0;1.0;0.0;0.0;127.35080472370323;2.295072832062717;0
CCC;2014B;633178;F;Scotland;A Level or Equivalent;0;60;N;25.0;True;False;False;0.0;0.5;1.0;84.0;84.83462829576276;2.0332915775005653;0
FFF;2014J;632179;F;East Midlands Region;Lower Than A Level;1;90;N;35.0;True;False;False;0.0;0.0;0.0;0.0;0.0;0.0;1
DDD;2014B;622225;M;South Region;A Level or Equivalent;0;60;Y;65.0;True;False;False;0.0;0.16666666666666666;0.0;0.0;44.50378787878788;1.9295454545454547;0
BBB;2014B;635473;M;North Western Region;HE Qualification;0;120;N;75.0;True;False;False;0.0;0.2727272727272727;0.0;0.0;54.308608058608066;1.7047619047619047;0
BBB;2013J;587824;F;London Region;A Level or Equivalent;0;120;N;65.0;True;False;False;0.0;0.36363636363636365;0.0;0.0;51.856130857446644;1.7590273031062504;0
DDD;2013J;2284294;F;East Midlands Region;HE Qualification;0;60;N;15.0;True;False;False;0.0;1.0;1.0;91.0;131.8257051403763;1.6945600280580055;0
CCC;2014J;73664;M;North Western Region;A Level or Equivalent;0;120;N;45.0;True;False;False;0.0;0.0;0.0;0.0;0.0;0.0;1
CCC;2014J;70214;M;Wales;Lower Than A Level;0;90;N;75.0;True;False;False;0.0;0.0;0.0;0.0;0.0;0.0;1
BBB;2013B;508668;F;London Region;Lower Than A Level;0;60;N;75.0;True;False;False;0.0;0.7314562719968125;0.0;0.0;авг.25;янв.25;0
BBB;2013J;565607;F;London Region;HE Qualification;0;120;N;35.0;True;False;False;0.0;1.0;0.0;0.0;120.86349206349206;1.5881802721088434;0
DDD;2014J;687715;M;South East Region;Lower Than A Level;0;60;N;45.0;True;False;False;0.0;0.0;0.0;0.0;0.0;0.0;1
BBB;2014B;633193;F;East Midlands Region;Lower Than A Level;0;60;N;35.0;True;False;False;0.0;0.5454545454545454;0.0;0.0;121.50609668109668;2.6207070707070708;0
BBB;2013B;559651;F;East Midlands Region;A Level or Equivalent;0;60;N;15.0;True;False;False;0.0;1.0;0.0;0.0;84.5887037037037;1.5188183421516754;0
BBB;2013B;515497;F;London Region;A Level or Equivalent;0;120;N;5.0;True;False;False;0.0;0.5454545454545454;0.0;0.0;72.85;2.4206427015250545;0
FFF;2014J;2403701;M;South East Region;HE Qualification;0;60;N;75.0;False;False;True;0.0;1.0;0.0;0.0;108.57317292215883;3.7262447339562113;0
CCC;2014B;631657;M;Scotland;HE Qualification;0;60;N;85.0;True;False;False;0.0;0.0;0.0;0.0;0.0;0.0;1
BBB;2013J;587409;F;Wales;A Level or Equivalent;0;120;N;65.0;False;True;False;0.0;0.45454545454545453;0.0;0.0;128.4398148148148;2.6101851851851854;0
BBB;2013J;573411;F;North Western Region;A Level or Equivalent;0;60;N;55.0;True;False;False;0.0;1.0;0.0;0.0;102.25302143508665;1.4768923193193788;0
DDD;2013B;558153;M;South West Region;A Level or Equivalent;0;60;N;45.0;True;False;False;0.0;0.46153846153846156;0.0;0.0;23.447672235172234;1.6035596348096348;0
FFF;2013J;494414;M;West Midlands Region;HE Qualification;0;90;N;35.0;False;True;False;0.0;0.0;0.0;0.0;0.0;0.0;1
FFF;2014J;677748;M;West Midlands Region;A Level or Equivalent;0;120;N;5.0;False;True;False;0.0;1.0;0.0;0.0;95.28383352809989;5.951791354183631;0
FFF;2014B;395188;F;Yorkshire Region;Lower Than A Level;0;90;N;55.0;True;False;False;0.0;0.3333333333333333;0.0;0.0;88.12845207993513;5.493799773672655;0
FFF;2014J;683144;M;North Western Region;HE Qualification;0;60;N;5.0;False;True;False;0.0;0.0;0.0;0.0;0.0;0.0;1
GGG;2014J;681154;F;Wales;Lower Than A Level;0;30;N;35.0;False;True;False;0.0;1.0;0.0;0.0;87.68335338144881;2.3983286659456837;0
CCC;2014J;586550;M;London Region;HE Qualification;0;120;N;5.0;True;False;False;0.0;0.0;0.0;0.0;0.0;0.0;1
FFF;2013J;583741;M;Scotland;A Level or Equivalent;0;60;N;95.0;True;False;False;0.0;1.0;0.0;0.0;94.33190559247024;3.341488565730811;0
BBB;2014J;699493;F;West Midlands Region;Lower Than A Level;0;120;N;95.0;False;True;False;0.0;0.0;0.0;0.0;0.0;0.0;1
EEE;2013J;585056;M;North Western Region;A Level or Equivalent;0;60;N;45.0;True;False;False;0.0;0.0;0.0;0.0;0.0;0.0;1
FFF;2014B;623438;F;South Region;A Level or Equivalent;0;60;N;55.0;False;True;False;0.0;1.0;0.0;0.0;98.43397890099014;2.3615708922626055;0
BBB;2014B;430002;M;South Region;Lower Than A Level;0;60;N;25.0;True;False;False;0.0;0.7404752923425123;0.0;0.0;7.9772727272727275;02.май;0
DDD;2013J;257167;M;South Region;Lower Than A Level;0;120;N;75.0;True;False;False;0.0;1.0;1.0;71.0;78.62720401011855;1.3436057800297325;0
BBB;2013J;598914;F;South West Region;A Level or Equivalent;0;120;N;75.0;True;False;False;0.0;0.9090909090909091;0.0;0.0;158.93535769146368;1.5608267500548607;0
BBB;2013J;438551;M;Wales;Lower Than A Level;0;60;N;55.0;True;False;False;0.0;1.0;0.0;0.0;85.47052216150577;1.7996281117182757;0
FFF;2014J;625330;M;Scotland;A Level or Equivalent;0;60;N;55.0;False;True;False;0.0;0.0;0.0;0.0;0.0;0.0;1
FFF;2014J;569080;M;London Region;A Level or Equivalent;0;90;N;15.0;False;True;False;0.0;1.0;0.0;0.0;97.4039199134327;3.1498393956456927;0
DDD;2013J;491110;F;West Midlands Region;HE Qualification;0;60;N;65.0;True;False;False;0.0;0.0;0.0;0.0;0.0;0.0;1
FFF;2013B;514969;M;North Region;A Level or Equivalent;1;300;N;15.0;True;False;False;0.0;1.0;0.0;0.0;101.938562226729;4.298381758419261;0
FFF;2013J;609558;M;Yorkshire Region;Lower Than A Level;0;90;N;35.0;True;False;False;0.0;0.16666666666666666;0.0;0.0;19.003207597799626;2.536600348839438;0
FFF;2014J;320133;F;South Region;A Level or Equivalent;0;90;N;15.0;True;False;False;0.0;1.0;0.0;0.0;106.98784767289658;2.7672396385296834;0
GGG;2014J;685627;F;Scotland;HE Qualification;0;30;N;25.0;True;False;False;0.0;1.0;0.0;0.0;111.71162483442087;2.6202636800334167;0
DDD;2014J;644964;F;South West Region;A Level or Equivalent;0;120;Y;75.0;True;False;False;0.0;1.0;1.0;96.0;74.70620931620144;1.2992114320002077;0
BBB;2013B;550777;M;East Midlands Region;A Level or Equivalent;0;90;N;95.0;False;True;False;0.0;0.0;0.0;0.0;0.0;0.0;1
FFF;2013B;1347198;M;Wales;A Level or Equivalent;0;60;N;85.0;False;True;False;0.0;1.0;0.0;0.0;114.4086852961853;3.696474804956948;0
BBB;2013B;542687;F;North Western Region;Lower Than A Level;0;60;N;5.0;True;False;False;0.0;0.09090909090909091;0.0;0.0;16.91624649859944;2.048074229691877;0
FFF;2014J;635746;M;Yorkshire Region;A Level or Equivalent;0;90;Y;5.0;True;False;False;0.0;0.0;0.0;0.0;0.0;0.0;1
GGG;2014B;612870;F;East Anglian Region;A Level or Equivalent;0;30;N;45.0;False;True;False;0.0;0.8888888888888888;0.0;0.0;138.7723287350947;2.972482659184787;0
DDD;2013J;582227;M;East Anglian Region;Lower Than A Level;0;60;N;15.0;True;False;False;0.0;0.16666666666666666;0.0;0.0;24.74330808080808;1.7215367965367967;0
FFF;2013J;118176;M;North Region;Lower Than A Level;0;60;N;5.0;True;False;False;0.0;0.0;0.0;0.0;0.0;0.0;1
DDD;2013B;90836;M;West Midlands Region;A Level or Equivalent;0;180;Y;55.0;True;False;False;0.0;0.6377753701697364;0.5652582159624413;31.854460093896712;26.257729468599035;1.6301127214170692;0
FFF;2014B;533217;M;South Region;A Level or Equivalent;1;120;N;55.0;True;False;False;0.0;1.0;0.0;0.0;117.88198212763108;2.7888267816666525;0
FFF;2014J;476629;F;Wales;Lower Than A Level;0;60;N;85.0;True;False;False;0.0;0.9166666666666666;0.0;0.0;89.30080656782255;3.454277710171503;0
CCC;2014B;407818;M;South Region;HE Qualification;0;30;N;25.0;False;True;False;0.0;0.0;0.0;0.0;28.790349927849928;1.5687409812409814;0
CCC;2014J;551589;M;North Western Region;Lower Than A Level;0;120;N;25.0;False;True;False;0.0;0.0;0.0;0.0;0.0;0.0;1
BBB;2014J;677338;F;East Midlands Region;A Level or Equivalent;0;120;Y;55.0;True;False;False;0.0;0.0;0.0;0.0;0.0;0.0;1
FFF;2013J;112010;M;Scotland;HE Qualification;3;180;Y;25.0;True;False;False;0.0;0.0;0.0;0.0;0.0;0.0;1
FFF;2014J;557830;M;North Western Region;A Level or Equivalent;0;60;N;45.0;True;False;False;0.0;0.16666666666666666;0.0;0.0;14.809404509580101;3.0032087673000754;0
AAA;2014J;266524;F;South Region;A Level or Equivalent;0;240;N;35.0;True;False;False;0.0;1.0;0.0;0.0;110.24893454371716;2.173889287041461;0
EEE;2013J;611033;M;North Region;Post Graduate Qualification;0;30;N;47.115494568324756;False;True;False;0.0;1.0;0.0;0.0;108.87210278111928;3.088107912989951;0
BBB;2013B;290550;F;Ireland;A Level or Equivalent;0;120;N;85.0;True;False;False;0.0;1.0;0.0;0.0;110.96872529343793;1.4492869306087697;0
FFF;2014J;541184;M;North Region;A Level or Equivalent;0;120;N;15.0;True;False;False;0.0;0.0;0.0;0.0;0.0;0.0;1
EEE;2014B;619503;M;North Region;A Level or Equivalent;0;30;N;75.0;True;False;False;0.0;1.0;0.0;0.0;114.00119330787727;4.039923085978806;0
DDD;2013J;434159;M;South Region;Lower Than A Level;2;60;N;45.0;True;False;False;0.0;0.5;0.0;0.0;32.411210317460316;2.3288690476190474;0
FFF;2014J;648804;M;South East Region;Lower Than A Level;0;60;N;55.0;True;False;False;0.0;0.5833333333333334;0.0;0.0;62.739274104869686;3.3013267859866433;0
FFF;2014J;2678580;M;North Western Region;A Level or Equivalent;0;60;N;65.0;True;False;False;0.0;0.0;0.0;0.0;0.0;0.0;1
CCC;2014B;633695;M;Yorkshire Region;A Level or Equivalent;0;60;N;75.0;True;False;False;0.0;1.0;1.0;100.0;78.93904328383239;2.27260089312887;0
CCC;2014J;368436;M;East Midlands Region;Lower Than A Level;0;30;N;35.0;False;True;False;0.0;1.0;1.0;48.0;83.42305879725252;2.48998896014789;0
GGG;2014B;632153;F;West Midlands Region;Lower Than A Level;0;30;N;65.0;False;True;False;0.0;1.0;0.0;0.0;111.813721001221;3.17493894993895;0
GGG;2014B;401909;F;London Region;Lower Than A Level;0;30;Y;15.0;False;True;False;0.0;0.0;0.0;0.0;0.0;0.0;1
GGG;2014B;598127;F;North Western Region;A Level or Equivalent;0;30;N;5.0;True;False;False;0.0;0.2222222222222222;0.0;0.0;44.90843248287417;2.3093449767767384;0
BBB;2014B;610416;F;South East Region;Lower Than A Level;0;60;N;35.0;False;True;False;0.0;0.9090909090909091;0.0;0.0;107.92857881567973;2.1066432241447535;0
FFF;2013B;514675;M;South West Region;A Level or Equivalent;0;180;N;75.0;True;False;False;0.0;0.8333333333333334;0.0;0.0;75.16585170608212;3.3878067378499206;0
DDD;2014B;835603;M;North Western Region;HE Qualification;1;150;N;25.0;False;False;True;0.0;0.0;0.0;0.0;0.0;0.0;1
GGG;2014J;2456431;F;South Region;Lower Than A Level;0;30;Y;75.0;True;False;False;0.0;0.6666666666666666;0.0;0.0;63.15455539322219;2.5861978271019486;0
DDD;2013J;569857;M;Yorkshire Region;A Level or Equivalent;0;120;N;45.0;True;False;False;0.0;0.0;0.0;0.0;0.0;0.0;1
EEE;2013J;397557;M;South East Region;A Level or Equivalent;0;30;N;45.0;False;True;False;0.0;0.75;0.0;0.0;108.88534454488003;6.112258366179935;0
BBB;2013B;534530;F;South Region;Lower Than A Level;0;60;N;95.0;False;True;False;0.0;0.7314562719968125;0.0;0.0;-9.0;1.0;0
FFF;2014J;540723;M;West Midlands Region;Lower Than A Level;1;60;N;75.0;False;True;False;0.0;1.0;0.0;0.0;98.40335370317538;3.8969496469212346;0
GGG;2014J;683423;M;East Anglian Region;Lower Than A Level;0;150;N;65.0;False;True;False;0.0;1.0;0.0;0.0;102.38937422922386;2.878962155807229;0
FFF;2013B;556489;M;London Region;Lower Than A Level;0;60;N;45.0;False;True;False;0.0;0.0;0.0;0.0;0.0;0.0;1
BBB;2014J;695434;F;East Midlands Region;HE Qualification;0;60;N;75.0;True;False;False;0.0;0.8;0.0;0.0;85.73933348146151;3.015925616098626;0
BBB;2014J;698345;F;North Region;Lower Than A Level;0;60;N;55.0;False;True;False;0.0;0.8;0.0;0.0;83.11808842440223;4.186058535604849;0
BBB;2014J;688600;F;London Region;Lower Than A Level;0;120;N;55.0;True;False;False;0.0;0.0;0.0;0.0;0.0;0.0;1
DDD;2013J;581648;F;Ireland;A Level or Equivalent;0;180;N;47.115494568324756;True;False;False;0.0;0.0;0.0;0.0;0.0;0.0;1
FFF;2013J;584771;M;Scotland;HE Qualification;0;90;N;25.0;True;False;False;0.0;1.0;0.0;0.0;82.77964602771291;4.736303168967169;0
FFF;2014J;682695;F;East Anglian Region;Lower Than A Level;0;150;Y;85.0;True;False;False;0.0;1.0;0.0;0.0;99.93649540481603;2.9391735233667364;0
FFF;2014J;184720;M;Wales;Lower Than A Level;3;60;N;15.0;True;False;False;0.0;0.25;0.0;0.0;29.49233556298774;3.2681995540691196;0
FFF;2013B;254162;M;East Anglian Region;Lower Than A Level;0;60;N;95.0;True;False;False;0.0;0.16666666666666666;0.0;0.0;30.245501672891375;3.2646465530656705;0
CCC;2014B;483275;M;South East Region;A Level or Equivalent;0;90;N;85.0;True;False;False;0.0;1.0;1.0;74.0;102.15515222706874;1.765600844443349;0
DDD;2013J;601310;M;Ireland;Lower Than A Level;0;60;N;45.0;True;False;False;0.0;0.0;0.0;0.0;25.866666666666667;1.6416666666666668;0
FFF;2013B;165617;M;London Region;HE Qualification;1;120;N;55.0;True;False;False;0.0;0.8333333333333334;0.0;0.0;94.71490330079902;5.368851880937442;0
BBB;2013J;577914;F;South East Region;A Level or Equivalent;0;120;N;55.0;True;False;False;0.0;1.0;0.0;0.0;83.23100035932208;2.176947961100623;0
GGG;2013J;607163;F;South East Region;A Level or Equivalent;0;30;N;55.0;True;False;False;0.0;0.7777777777777778;0.0;0.0;112.81251885369532;3.1602187028657616;0
GGG;2014J;2311714;F;London Region;Lower Than A Level;0;30;N;35.0;False;True;False;0.0;1.0;0.0;0.0;120.53879073681482;2.4075661941079174;0
CCC;2014J;637089;M;Wales;A Level or Equivalent;0;180;N;75.0;True;False;False;0.0;0.0;0.0;0.0;0.0;0.0;1
BBB;2014J;646580;F;South West Region;A Level or Equivalent;0;60;N;55.0;True;False;False;0.0;0.0;0.0;0.0;0.0;0.0;1
CCC;2014B;634649;F;Scotland;A Level or Equivalent;0;30;N;55.0;True;False;False;0.0;0.25;0.0;0.0;28.786275801493193;2.083110086370956;0
DDD;2013J;2437065;M;Scotland;A Level or Equivalent;1;60;Y;15.0;False;True;False;0.0;0.8333333333333334;1.0;76.0;116.02619826431142;1.7302308998936649;0
EEE;2013J;478562;M;East Midlands Region;A Level or Equivalent;0;45;N;15.0;True;False;False;0.0;1.0;0.0;0.0;120.14694982813522;3.7902617091621273;0
FFF;2013J;587451;M;Scotland;HE Qualification;0;90;N;45.0;True;False;False;0.0;1.0;0.0;0.0;111.29974135824727;3.2343812351356727;0
FFF;2013J;506783;M;East Anglian Region;Lower Than A Level;1;90;N;65.0;True;False;False;0.0;0.25;0.0;0.0;82.00563725490196;4.194176003734827;0
EEE;2013J;176086;M;Wales;Lower Than A Level;0;30;N;25.0;True;False;False;0.0;0.25;0.0;0.0;12.947083075654504;3.641378066378066;0
FFF;2013J;597627;M;South East Region;Lower Than A Level;0;60;N;85.0;True;False;False;0.0;1.0;0.0;0.0;88.2282397419426;3.648588681734562;0
CCC;2014J;2041743;F;Scotland;HE Qualification;0;90;N;35.0;False;True;False;0.0;0.0;0.0;0.0;0.0;0.0;1
BBB;2013J;493453;F;South Region;Lower Than A Level;0;60;N;75.0;True;False;False;0.0;0.9090909090909091;0.0;0.0;115.20745702440675;2.0660357192626213;0
CCC;2014J;580722;M;South Region;A Level or Equivalent;1;60;Y;95.0;True;False;False;0.0;0.0;0.0;0.0;0.0;0.0;1
GGG;2014B;442618;F;South Region;A Level or Equivalent;0;30;N;85.0;True;False;False;0.0;0.0;0.0;0.0;0.0;0.0;1
BBB;2013B;551274;F;London Region;A Level or Equivalent;0;60;N;25.0;True;False;False;0.0;0.5454545454545454;0.0;0.0;224.0;01.февр;0
DDD;2013B;406056;F;South Region;A Level or Equivalent;0;60;N;55.0;True;False;False;0.0;0.9230769230769231;1.0;60.0;95.35089397799992;1.5253782692496285;0
CCC;2014J;645144;M;London Region;HE Qualification;0;60;N;85.0;False;True;False;0.0;0.875;1.0;100.0;129.46029173891623;2.351088784714255;0
FFF;2014J;684383;M;East Anglian Region;A Level or Equivalent;0;60;N;95.0;True;False;False;0.0;1.0;0.0;0.0;103.4684961817004;3.5802482142270877;0
EEE;2014B;623667;M;South East Region;A Level or Equivalent;0;60;N;35.0;True;False;False;0.0;1.0;0.0;0.0;108.11178578828577;3.812362618862619;0
CCC;2014J;679939;M;East Anglian Region;A Level or Equivalent;0;120;N;95.0;True;False;False;0.0;0.875;1.0;72.0;106.13161640396878;1.943098245120068;0
FFF;2013J;338975;M;East Anglian Region;A Level or Equivalent;0;150;N;95.0;True;False;False;0.0;1.0;0.0;0.0;68.83576460323036;3.896599423049866;0
AAA;2014J;268733;M;East Anglian Region;A Level or Equivalent;1;120;N;35.0;True;False;False;0.0;0.861764705882353;0.0;0.0;23.0;3.0;0
FFF;2013B;531905;F;South East Region;No Formal quals;0;180;N;65.0;True;False;False;0.0;1.0;0.0;0.0;78.90495030058206;4.479466098818699;0
CCC;2014J;581676;M;West Midlands Region;Lower Than A Level;0;60;N;65.0;False;True;False;0.0;0.875;1.0;38.0;121.19039629943845;2.7158919526221905;0
FFF;2013J;573434;M;London Region;Lower Than A Level;0;60;N;45.0;True;False;False;0.0;1.0;0.0;0.0;99.44445503930444;3.5346217101489077;0
GGG;2013J;1699264;F;South East Region;Lower Than A Level;0;60;N;55.0;False;True;False;0.0;1.0;0.0;0.0;137.16788048552755;4.126007069494464;0
DDD;2014J;577526;M;West Midlands Region;A Level or Equivalent;1;60;N;55.0;True;False;False;0.0;1.0;1.0;67.0;103.99676804939776;1.5444042072329207;0
FFF;2014B;630671;M;Ireland;A Level or Equivalent;0;60;N;47.115494568324756;True;False;False;0.0;1.0;0.0;0.0;45.65449050102113;3.0535943745710403;0
BBB;2014J;648194;F;Yorkshire Region;Lower Than A Level;0;60;N;45.0;True;False;False;0.0;1.0;0.0;0.0;132.133042578356;2.939854364375358;0
FFF;2014J;645194;M;West Midlands Region;Lower Than A Level;0;180;Y;25.0;True;False;False;0.0;0.0;0.0;0.0;0.0;0.0;1
AAA;2013J;106577;M;East Midlands Region;Lower Than A Level;0;60;N;25.0;True;False;False;февр.85;0.8;0.0;0.0;97.7226596936647;3.2035478773069515;0
CCC;2014J;644905;M;South East Region;HE Qualification;0;120;N;45.0;True;False;False;0.0;0.0;0.0;0.0;0.0;0.0;1
AAA;2013J;2536991;M;South Region;HE Qualification;0;60;N;95.0;False;False;True;0.0;1.0;0.0;0.0;104.11315631069014;3.3680543132723586;0
DDD;2014J;653942;M;East Midlands Region;Lower Than A Level;0;90;Y;35.0;True;False;False;0.0;0.0;0.0;0.0;0.0;0.0;1
FFF;2014J;633867;M;Scotland;Lower Than A Level;0;90;N;65.0;True;False;False;0.0;1.0;0.0;0.0;103.52426782659944;2.5732684101288097;0
FFF;2014B;623366;M;South West Region;Lower Than A Level;0;60;N;35.0;True;False;False;0.0;0.0;0.0;0.0;0.0;0.0;1
FFF;2013J;605589;M;Scotland;HE Qualification;0;120;N;25.0;True;False;False;0.0;1.0;0.0;0.0;93.1606315830309;4.088262187758832;0
CCC;2014B;625568;M;South Region;A Level or Equivalent;0;90;N;25.0;True;False;False;0.0;0.0;0.0;0.0;0.0;0.0;1
DDD;2013J;513204;F;Wales;A Level or Equivalent;0;60;N;15.0;True;False;False;0.0;0.0;0.0;0.0;0.0;0.0;1
DDD;2014J;577934;M;South East Region;HE Qualification;0;120;N;45.0;False;True;False;0.0;0.0;0.0;0.0;0.0;0.0;1
BBB;2014B;631341;F;West Midlands Region;A Level or Equivalent;0;60;N;15.0;True;False;False;0.0;0.8181818181818182;0.0;0.0;71.43104761904762;1.6603571428571429;0
DDD;2014B;608322;M;South Region;HE Qualification;0;60;N;65.0;False;True;False;0.0;0.8333333333333334;1.0;64.0;71.20182466704345;1.690373679405243;0
BBB;2014B;631031;F;Scotland;HE Qualification;0;60;N;35.0;False;True;False;0.0;0.0;0.0;0.0;0.0;0.0;1
CCC;2014B;547571;M;South East Region;A Level or Equivalent;0;30;N;35.0;True;False;False;0.0;0.0;0.0;0.0;0.0;0.0;1
DDD;2013J;580393;M;East Anglian Region;A Level or Equivalent;0;90;N;75.0;True;False;False;0.0;0.6666666666666666;1.0;89.0;143.26056122544608;2.157240473646724;0
FFF;2014J;586282;F;East Midlands Region;Lower Than A Level;0;240;N;25.0;True;False;False;0.0;0.0;0.0;0.0;0.0;0.0;1
BBB;2014B;628580;F;North Western Region;HE Qualification;0;120;Y;5.0;True;False;False;0.0;1.0;0.0;0.0;97.41914652215223;1.7966341452958026;0
CCC;2014J;624927;M;East Midlands Region;HE Qualification;0;60;N;85.0;True;False;False;0.0;1.0;1.0;92.0;105.7362650332759;2.5203362719264253;0
FFF;2014B;633691;M;East Anglian Region;HE Qualification;0;60;N;75.0;True;False;False;0.0;0.9166666666666666;0.0;0.0;60.448188316660286;3.1835101367050562;0
BBB;2013B;338056;F;Scotland;Lower Than A Level;1;120;N;45.0;True;False;False;0.0;1.0;0.0;0.0;85.84915966386554;2.6044893341952164;0
EEE;2014B;490662;M;South West Region;A Level or Equivalent;0;60;N;55.0;True;False;False;0.0;0.25;0.0;0.0;43.82026143790849;3.1677450980392154;0
CCC;2014J;580798;M;South West Region;Lower Than A Level;0;60;N;65.0;True;False;False;0.0;1.0;1.0;64.0;123.47354527069928;2.4080572765160135;0
DDD;2014J;557389;F;Scotland;HE Qualification;0;60;N;65.0;True;False;False;0.0;1.0;1.0;62.0;104.97675331075416;1.4422391676584414;0
CCC;2014B;613120;M;London Region;A Level or Equivalent;0;120;N;25.0;False;True;False;0.0;0.0;0.0;0.0;0.0;0.0;1
DDD;2014B;623917;M;South Region;Lower Than A Level;0;120;N;35.0;False;True;False;0.0;0.16666666666666666;0.0;0.0;19.709374945822713;1.6547312005080705;0
FFF;2014J;566823;M;London Region;A Level or Equivalent;1;60;N;15.0;True;False;False;0.0;0.25;0.0;0.0;26.844978632478632;4.300747863247864;0
FFF;2014B;2161710;M;Wales;A Level or Equivalent;2;60;N;75.0;False;True;False;0.0;0.0;0.0;0.0;0.0;0.0;1
FFF;2013J;597238;F;South East Region;A Level or Equivalent;0;120;Y;15.0;True;False;False;0.0;0.0;0.0;0.0;0.0;0.0;1
FFF;2014J;648455;M;East Anglian Region;A Level or Equivalent;0;120;N;95.0;True;False;False;0.0;0.08333333333333333;0.0;0.0;19.453488372093023;2.697674418604651;0
BBB;2013J;586416;F;Ireland;HE Qualification;0;60;N;55.0;True;False;False;0.0;1.0;0.0;0.0;121.17513923698135;2.375323725981621;0
FFF;2013J;594119;M;East Anglian Region;A Level or Equivalent;0;60;N;45.0;True;False;False;0.0;1.0;0.0;0.0;119.92759521547775;3.619080685508141;0
BBB;2014B;608961;F;North Western Region;HE Qualification;0;60;N;15.0;True;False;False;0.0;0.7404752923425123;0.0;0.0;-5.0;2.5686274509803924;0
FFF;2014J;2341420;M;South East Region;A Level or Equivalent;0;60;N;95.0;True;False;False;0.0;1.0;0.0;0.0;77.54635101068637;3.8234385034490193;0
DDD;2014J;651058;M;London Region;A Level or Equivalent;0;90;N;95.0;False;True;False;0.0;0.7706143424433542;0.665031534688157;42.11072179397337;-16.07843137254902;1.411764705882353;0
GGG;2013J;544898;F;South East Region;Lower Than A Level;0;30;N;25.0;True;False;False;0.0;0.4444444444444444;0.0;0.0;68.04386347131445;2.2823529411764705;0
FFF;2014J;627365;F;South East Region;Lower Than A Level;0;60;N;75.0;False;True;False;0.0;0.9166666666666666;0.0;0.0;108.54882554664285;3.0221112954007445;0
DDD;2013J;596441;M;South Region;A Level or Equivalent;0;60;N;95.0;True;False;False;0.0;0.6666666666666666;1.0;47.0;59.041222363894306;1.5790980457292083;0
EEE;2014J;646815;M;East Midlands Region;Lower Than A Level;0;60;N;25.0;False;True;False;0.0;1.0;0.0;0.0;75.8077015432706;3.0714690580803112;0
DDD;2013J;390029;M;Wales;A Level or Equivalent;0;120;N;35.0;True;False;False;0.0;0.6666666666666666;1.0;47.0;104.52085843796009;1.5566404215442677;0
FFF;2014J;685283;M;Scotland;Lower Than A Level;0;60;N;75.0;True;False;False;0.0;0.3333333333333333;0.0;0.0;54.08537110356963;3.46134913901458;0
BBB;2014J;574031;F;East Midlands Region;A Level or Equivalent;0;60;N;75.0;True;False;False;0.0;1.0;0.0;0.0;105.21333934766129;3.4295553353077426;0
BBB;2013B;565870;F;North Western Region;HE Qualification;0;60;N;35.0;False;True;False;0.0;1.0;0.0;0.0;121.68080343480759;1.7794577962177067;0
GGG;2014B;619107;F;South Region;Lower Than A Level;0;30;Y;45.0;True;False;False;0.0;0.0;0.0;0.0;0.0;0.0;0
FFF;2014B;634636;M;London Region;A Level or Equivalent;0;60;N;35.0;True;False;False;0.0;1.0;0.0;0.0;87.85073940758525;3.417296077858187;0
FFF;2013J;607047;M;Scotland;Post Graduate Qualification;0;60;N;95.0;True;False;False;0.0;1.0;0.0;0.0;99.94520489278874;3.2743579206463465;0
GGG;2013J;569511;F;East Midlands Region;Lower Than A Level;0;45;N;15.0;False;True;False;0.0;0.7777777777777778;0.0;0.0;117.24254208754209;3.236700336700337;0
EEE;2014J;698598;F;Scotland;HE Qualification;0;120;N;5.0;True;False;False;0.0;0.0;0.0;0.0;0.0;0.0;1
EEE;2014B;597909;F;London Region;Lower Than A Level;0;60;N;55.0;True;False;False;0.0;0.75;0.0;0.0;114.69775058275059;4.234318181818182;0
FFF;2013J;578744;M;North Region;A Level or Equivalent;0;120;N;65.0;True;False;False;0.0;1.0;0.0;0.0;101.93546359031228;3.5368463811239783;0
EEE;2013J;595077;M;Ireland;HE Qualification;0;60;N;47.115494568324756;False;True;False;0.0;0.0;0.0;0.0;0.0;0.0;1
BBB;2014J;606914;F;South East Region;A Level or Equivalent;0;120;N;25.0;True;False;False;0.0;0.0;0.0;0.0;0.0;0.0;1
BBB;2014B;628903;F;East Midlands Region;Lower Than A Level;0;120;N;15.0;True;False;False;0.0;0.09090909090909091;0.0;0.0;18.422619047619047;1.8413690476190476;0
FFF;2014B;428068;M;Wales;Lower Than A Level;1;90;N;45.0;True;False;False;0.0;0.6897457158651188;0.0;0.0;6.173469387755103;3.139455782312925;0
DDD;2013J;409880;F;South Region;A Level or Equivalent;1;60;N;25.0;False;True;False;0.0;0.6666666666666666;1.0;69.0;99.77841776368936;1.4751468045947427;0
EEE;2014B;548261;M;East Anglian Region;Lower Than A Level;0;120;N;55.0;False;True;False;0.0;0.25;0.0;0.0;28.917091666571377;3.429935049341917;0
FFF;2014J;581659;F;South Region;Lower Than A Level;0;60;N;15.0;True;False;False;0.0;1.0;0.0;0.0;99.95783637608078;2.8365146850653096;0
DDD;2013B;556362;M;South Region;Lower Than A Level;0;60;Y;85.0;False;True;False;0.0;0.6153846153846154;1.0;58.0;59.45325529769796;1.520426750735748;0
EEE;2014J;688451;M;North Region;Post Graduate Qualification;0;60;N;47.115494568324756;True;False;False;0.0;1.0;0.0;0.0;110.25052116058785;4.200122874385791;0
DDD;2014J;337048;M;London Region;A Level or Equivalent;4;120;N;25.0;True;False;False;0.0;0.0;0.0;0.0;0.0;0.0;1
DDD;2013B;532695;F;East Anglian Region;A Level or Equivalent;0;60;N;95.0;True;False;False;0.0;0.9230769230769231;1.0;27.0;77.21244512138229;1.7261562703735671;0
FFF;2014B;329895;M;East Anglian Region;A Level or Equivalent;2;60;N;55.0;False;True;False;0.0;0.0;0.0;0.0;0.0;0.0;1
FFF;2013B;554946;M;North Western Region;A Level or Equivalent;0;60;N;85.0;True;False;False;0.0;0.7267809384877219;0.0;0.0;22.26800307219662;1.9719252432155658;0
EEE;2014B;441852;M;South West Region;A Level or Equivalent;1;60;N;75.0;True;False;False;0.0;1.0;0.0;0.0;97.06596699652148;4.29043567200828;0
BBB;2013B;511474;F;North Western Region;Lower Than A Level;2;120;N;25.0;True;False;False;0.0;0.09090909090909091;0.0;0.0;7.543201754385964;2.3892543859649122;0
CCC;2014B;2478799;M;East Anglian Region;Lower Than A Level;0;60;N;85.0;True;False;False;0.0;0.0;0.0;0.0;0.0;0.0;1
BBB;2013B;554930;F;South East Region;Lower Than A Level;0;60;N;65.0;False;True;False;0.0;0.0;0.0;0.0;0.0;0.0;1
AAA;2014J;1576513;F;East Midlands Region;A Level or Equivalent;0;60;N;65.0;False;True;False;0.0;1.0;0.0;0.0;103.54807580117908;4.037771206500127;0
GGG;2014B;632514;F;East Midlands Region;Lower Than A Level;0;30;N;45.0;False;True;False;0.0;0.8888888888888888;0.0;0.0;98.24023127199598;2.1919648543177956;0
CCC;2014J;613667;M;West Midlands Region;A Level or Equivalent;0;60;N;55.0;True;False;False;0.0;1.0;1.0;70.0;58.36060915372816;2.5446279205290834;0
FFF;2013J;592458;F;South West Region;Lower Than A Level;0;60;N;5.0;True;False;False;0.0;0.0;0.0;0.0;0.0;0.0;1
CCC;2014J;571950;M;North Western Region;No Formal quals;0;270;N;5.0;False;True;False;0.0;0.0;0.0;0.0;0.0;0.0;1
EEE;2013J;507844;M;South West Region;A Level or Equivalent;0;30;Y;45.0;True;False;False;0.0;0.75;0.0;0.0;95.75338624338623;3.5730687830687833;0
CCC;2014B;228153;M;West Midlands Region;Lower Than A Level;0;90;N;35.0;True;False;False;0.0;0.0;0.0;0.0;21.014814814814812;1.987037037037037;0
CCC;2014J;690631;M;Scotland;A Level or Equivalent;0;240;N;45.0;False;True;False;0.0;0.0;0.0;0.0;0.0;0.0;1
FFF;2014J;349515;M;South Region;Lower Than A Level;0;60;N;35.0;True;False;False;0.0;0.9166666666666666;0.0;0.0;83.7994087985423;3.0383365101593602;0
BBB;2014J;600398;F;East Anglian Region;A Level or Equivalent;0;60;N;45.0;True;False;False;0.0;0.8;0.0;0.0;102.21031665702718;2.035521496047812;0
CCC;2014B;412258;F;South East Region;A Level or Equivalent;0;40;N;75.0;True;False;False;0.0;1.0;1.0;94.0;128.13204625171016;1.8389390738516078;0
FFF;2014B;611427;M;North Region;Lower Than A Level;0;60;N;47.115494568324756;True;False;False;0.0;0.08333333333333333;0.0;0.0;2.946660614517757;2.3444610944610944;0
BBB;2014J;485439;F;Wales;Lower Than A Level;2;60;Y;5.0;False;True;False;0.0;0.0;0.0;0.0;0.0;0.0;1
BBB;2014J;279238;M;East Anglian Region;Lower Than A Level;0;60;N;25.0;True;False;False;0.0;0.0;0.0;0.0;0.0;0.0;1
FFF;2013J;573007;M;Ireland;Lower Than A Level;0;90;N;75.0;True;False;False;0.0;0.0;0.0;0.0;0.0;0.0;1
FFF;2014B;2616978;M;South West Region;A Level or Equivalent;0;60;N;85.0;True;False;False;0.0;1.0;0.0;0.0;119.06058214272838;4.663971381113587;0
BBB;2014J;689112;F;Ireland;Lower Than A Level;0;60;N;25.0;False;True;False;0.0;0.0;0.0;0.0;0.0;0.0;1
CCC;2014J;61236;M;South West Region;HE Qualification;0;110;N;55.0;False;True;False;0.0;0.0;0.0;0.0;0.0;0.0;1
EEE;2013J;585464;M;South Region;A Level or Equivalent;0;60;N;85.0;True;False;False;0.0;1.0;0.0;0.0;114.05040480838801;4.541880248602938;0
DDD;2013B;551979;M;Scotland;Lower Than A Level;0;60;N;5.0;True;False;False;0.0;0.6377753701697364;0.5652582159624413;31.854460093896712;-7.992592592592593;1.2999999999999998;0
DDD;2014B;616388;F;East Midlands Region;A Level or Equivalent;0;60;N;55.0;True;False;False;0.0;0.0;0.0;0.0;0.0;0.0;1
AAA;2014J;518808;F;Scotland;HE Qualification;0;60;N;95.0;True;False;False;0.0;1.0;0.0;0.0;101.65805477202535;4.731258610670375;0
DDD;2014B;69489;M;South West Region;Lower Than A Level;2;150;N;85.0;True;False;False;0.0;0.6337579617834395;0.554140127388535;38.28768577494692;-0.745014245014245;1.3955026455026456;0
DDD;2014B;633618;M;West Midlands Region;A Level or Equivalent;0;60;N;45.0;True;False;False;0.0;0.0;0.0;0.0;0.0;0.0;1
FFF;2013B;544847;M;Scotland;HE Qualification;0;120;Y;5.0;True;False;False;0.0;0.6666666666666666;0.0;0.0;90.11022450815685;3.9845408851799826;0
BBB;2013J;568775;F;East Midlands Region;Lower Than A Level;0;60;N;35.0;True;False;False;0.0;0.0;0.0;0.0;0.0;0.0;1
FFF;2013B;547609;M;London Region;No Formal quals;0;120;N;15.0;True;False;False;0.0;0.0;0.0;0.0;0.0;0.0;1
FFF;2014B;156788;M;East Midlands Region;Lower Than A Level;0;180;N;35.0;False;True;False;0.0;0.0;0.0;0.0;0.0;0.0;1
FFF;2014J;676303;M;London Region;Lower Than A Level;0;120;N;55.0;True;False;False;0.0;1.0;0.0;0.0;142.74120989458302;3.682617173373195;0
GGG;2014J;650751;F;East Midlands Region;Lower Than A Level;0;30;N;55.0;True;False;False;0.0;0.7777777777777778;0.0;0.0;165.9862098685628;1.5300474035768152;0
DDD;2013B;103904;M;South Region;HE Qualification;0;60;N;75.0;True;False;False;0.0;1.0;1.0;78.0;73.06942380953335;1.839870097783985;0
DDD;2013J;606788;F;London Region;HE Qualification;0;90;Y;25.0;True;False;False;0.0;1.0;1.0;96.0;115.99135975996441;1.4736179852152924;0
DDD;2014J;691212;F;South West Region;Lower Than A Level;0;90;N;75.0;True;False;False;0.0;0.7706143424433542;0.665031534688157;42.11072179397337;-10.866666666666665;1.2866666666666666;0
GGG;2014B;620218;F;Yorkshire Region;A Level or Equivalent;0;30;Y;25.0;True;False;False;0.0;0.1111111111111111;0.0;0.0;19.37962962962963;2.1203703703703702;0
DDD;2013J;584132;M;East Midlands Region;A Level or Equivalent;0;120;N;25.0;True;False;False;0.0;0.5;1.0;62.0;79.21561538041202;1.4564912499063971;0
BBB;2013B;517617;F;East Midlands Region;A Level or Equivalent;0;120;N;35.0;True;False;False;0.0;1.0;0.0;0.0;104.83731485905399;1.7736034798534799;0
FFF;2014B;315850;M;Scotland;A Level or Equivalent;0;60;Y;35.0;False;True;False;0.0;1.0;0.0;0.0;102.22701097988742;2.6528697426721495;0
CCC;2014B;578450;F;East Anglian Region;Lower Than A Level;0;120;N;15.0;True;False;False;0.0;0.25;0.0;0.0;35.92228327228327;2.503968253968254;0
AAA;2013J;415969;M;West Midlands Region;HE Qualification;0;90;N;5.0;False;True;False;0.0;0.0;0.0;0.0;0.0;0.0;1
CCC;2014J;686018;M;North Region;HE Qualification;0;90;N;47.115494568324756;True;False;False;0.0;1.0;1.0;98.0;87.81398805278089;1.8333935571772169;0
BBB;2013B;559350;F;South East Region;Lower Than A Level;0;60;Y;65.0;True;False;False;0.0;0.9090909090909091;0.0;0.0;71.04393215137785;1.8674818130236719;0
FFF;2013J;574735;M;Yorkshire Region;Lower Than A Level;0;60;N;45.0;False;True;False;0.0;0.0;0.0;0.0;0.0;0.0;1
FFF;2014B;560685;M;South Region;Lower Than A Level;1;120;N;85.0;True;False;False;0.0;0.3333333333333333;0.0;0.0;24.962961152442045;2.768781221582231;0
FFF;2013B;548043;M;West Midlands Region;Lower Than A Level;0;60;Y;15.0;True;False;False;0.0;0.0;0.0;0.0;0.0;0.0;1
CCC;2014J;417724;M;East Anglian Region;Lower Than A Level;0;30;Y;75.0;True;False;False;0.0;1.0;1.0;78.0;159.9850036436993;3.6922762020588107;0
AAA;2013J;262011;M;East Midlands Region;A Level or Equivalent;0;60;N;25.0;False;True;False;15.0;1.0;0.0;0.0;87.82306554323361;3.7576815709721507;0
FFF;2014B;633207;M;North Region;Lower Than A Level;0;60;N;25.0;True;False;False;0.0;0.08333333333333333;0.0;0.0;13.477700138026226;5.3894927536231885;0
DDD;2014B;632125;F;London Region;Lower Than A Level;0;60;N;75.0;False;True;False;0.0;0.8333333333333334;0.0;0.0;36.451199118590694;1.8333621698445182;0
GGG;2014J;683841;F;East Anglian Region;Lower Than A Level;0;30;N;75.0;True;False;False;0.0;0.8888888888888888;0.0;0.0;66.65843949622533;2.130352605981417;0
FFF;2013J;608211;M;North Western Region;No Formal quals;0;60;N;15.0;True;False;False;0.0;0.0;0.0;0.0;0.0;0.0;1
BBB;2014J;593791;F;South West Region;A Level or Equivalent;0;60;N;75.0;False;True;False;0.0;0.0;0.0;0.0;0.0;0.0;1
DDD;2013J;571055;M;Wales;Lower Than A Level;0;120;N;95.0;True;False;False;0.0;0.16666666666666666;0.0;0.0;12.42939393939394;1.5302121212121214;0
DDD;2014J;133365;F;East Midlands Region;A Level or Equivalent;0;60;N;15.0;False;True;False;0.0;1.0;1.0;67.0;87.40472287259193;1.8650229771730684;0
BBB;2013J;604079;F;North Western Region;A Level or Equivalent;0;120;Y;15.0;True;False;False;0.0;0.0;0.0;0.0;0.0;0.0;1
DDD;2014B;611988;M;South East Region;Lower Than A Level;0;60;N;45.0;False;True;False;0.0;0.0;0.0;0.0;0.0;0.0;1
FFF;2014J;682753;M;South Region;A Level or Equivalent;0;60;N;95.0;True;False;False;0.0;1.0;0.0;0.0;80.28976798806586;4.6805934808594385;0
FFF;2013B;560072;F;Scotland;HE Qualification;0;60;N;15.0;False;True;False;0.0;1.0;0.0;0.0;99.65862148377064;2.5805489234871795;0
CCC;2014B;131933;M;Scotland;Post Graduate Qualification;0;30;N;65.0;False;True;False;0.0;0.0;0.0;0.0;0.0;0.0;1
EEE;2014J;561208;M;East Anglian Region;A Level or Equivalent;1;60;N;65.0;True;False;False;0.0;1.0;0.0;0.0;113.5377069009422;3.7165106951871656;0
BBB;2014B;625185;F;East Midlands Region;A Level or Equivalent;0;60;N;15.0;True;False;False;0.0;0.9090909090909091;0.0;0.0;116.99626151188883;1.9165168724128885;0
FFF;2013J;566817;F;East Midlands Region;Lower Than A Level;0;60;N;25.0;True;False;False;0.0;1.0;0.0;0.0;88.90327915643346;4.537361321890595;0
DDD;2014J;351080;F;East Anglian Region;A Level or Equivalent;0;60;N;85.0;True;False;False;0.0;0.6666666666666666;1.0;36.0;105.44704037370704;1.302871708705042;0
FFF;2014J;680974;M;East Anglian Region;HE Qualification;0;60;N;85.0;True;False;False;0.0;1.0;0.0;0.0;123.53510688426617;2.717840541955586;0
DDD;2014B;498980;M;South East Region;Lower Than A Level;0;120;Y;25.0;True;False;False;0.0;0.16666666666666666;0.0;0.0;59.169526143790854;1.8680555555555554;0
DDD;2013J;419192;M;East Anglian Region;A Level or Equivalent;0;60;Y;35.0;True;False;False;0.0;1.0;1.0;89.0;135.04003535840567;1.3231528677044588;0
FFF;2014J;589441;M;South Region;Lower Than A Level;1;90;N;75.0;True;False;False;0.0;0.0;0.0;0.0;0.0;0.0;1
FFF;2013B;230684;M;North Western Region;Lower Than A Level;1;60;Y;5.0;True;False;False;0.0;0.25;0.0;0.0;15.33583826600131;2.657165267049778;0
FFF;2014J;895524;M;South Region;HE Qualification;0;90;N;95.0;False;False;True;0.0;1.0;0.0;0.0;86.91488280563892;2.5744512333112444;0
BBB;2014B;635247;M;Wales;HE Qualification;0;60;N;35.0;True;False;False;0.0;0.5454545454545454;0.0;0.0;123.77461607949412;1.471093044263776;0
CCC;2014J;483543;M;North Region;HE Qualification;0;60;N;47.115494568324756;True;False;False;0.0;1.0;1.0;74.0;85.00345912424457;2.1323740305860355;0
CCC;2014J;2257740;F;London Region;A Level or Equivalent;0;90;N;45.0;False;True;False;0.0;1.0;1.0;72.0;145.18659495901363;2.679976111527082;0
FFF;2013B;500230;M;West Midlands Region;Lower Than A Level;0;60;N;65.0;True;False;False;0.0;1.0;0.0;0.0;109.55134415931737;3.276917000554584;0
DDD;2013B;543459;M;South East Region;Lower Than A Level;0;60;N;55.0;True;False;False;0.0;1.0;1.0;71.0;94.16927706211325;1.651794039995506;0
DDD;2014B;626885;M;North Region;A Level or Equivalent;0;60;N;55.0;True;False;False;0.0;0.8333333333333334;1.0;58.0;63.5906002590114;1.396451693665549;0
FFF;2014B;632621;M;London Region;Lower Than A Level;0;60;N;15.0;True;False;False;0.0;0.0;0.0;0.0;0.0;0.0;1
CCC;2014J;677349;F;South West Region;A Level or Equivalent;0;150;N;15.0;True;False;False;0.0;1.0;1.0;88.0;93.11989679679002;2.57551692961369;0
BBB;2014J;640501;F;London Region;A Level or Equivalent;0;120;N;5.0;True;False;False;0.0;0.0;0.0;0.0;0.0;0.0;1
DDD;2014J;695916;M;Ireland;A Level or Equivalent;0;90;N;47.115494568324756;True;False;False;0.0;0.8333333333333334;1.0;67.0;103.68361700352837;1.2814616030742263;0
DDD;2013J;427344;F;East Midlands Region;A Level or Equivalent;0;60;N;35.0;True;False;False;0.0;0.3333333333333333;0.0;0.0;87.47921617677716;2.006743798207213;0
DDD;2014B;634816;M;Wales;HE Qualification;0;120;N;5.0;True;False;False;0.0;0.0;0.0;0.0;0.0;0.0;1
FFF;2014J;690559;M;London Region;Lower Than A Level;0;120;N;5.0;True;False;False;0.0;0.0;0.0;0.0;0.0;0.0;1
BBB;2014J;695356;F;South Region;Lower Than A Level;0;60;Y;45.0;True;False;False;0.0;0.0;0.0;0.0;0.0;0.0;1
BBB;2013B;557979;F;London Region;A Level or Equivalent;0;60;N;25.0;True;False;False;0.0;0.8181818181818182;0.0;0.0;28.969472974374934;1.764679946052495;0
DDD;2013J;576368;M;South Region;Lower Than A Level;0;60;N;25.0;True;False;False;0.0;0.8333333333333334;1.0;31.0;105.45198185110937;1.6056748434265213;0
FFF;2014B;610775;M;South East Region;A Level or Equivalent;0;120;N;55.0;True;False;False;0.0;1.0;0.0;0.0;82.43545830096745;4.388529975269965;0
FFF;2014B;479061;M;South Region;A Level or Equivalent;0;60;N;65.0;True;False;False;0.0;1.0;0.0;0.0;93.94709752422519;3.6607857272750888;0
EEE;2014J;655634;M;South Region;A Level or Equivalent;0;60;N;95.0;False;True;False;0.0;0.0;0.0;0.0;0.0;0.0;1
EEE;2014J;651933;M;East Midlands Region;A Level or Equivalent;0;120;N;35.0;True;False;False;0.0;1.0;0.0;0.0;129.74107120719103;4.084778020059699;0
FFF;2014B;623138;M;Wales;Lower Than A Level;0;60;N;65.0;True;False;False;0.0;0.6897457158651188;0.0;0.0;11.0;01.февр;0
DDD;2014B;546403;M;North Western Region;Lower Than A Level;2;240;N;65.0;True;False;False;0.0;0.0;0.0;0.0;0.0;0.0;1
FFF;2013J;577922;M;South Region;A Level or Equivalent;0;60;N;95.0;True;False;False;0.0;1.0;0.0;0.0;75.6785802891066;3.1789688496344843;0
BBB;2013J;578600;F;East Anglian Region;Lower Than A Level;0;60;N;85.0;True;False;False;0.0;1.0;0.0;0.0;134.3359353112511;2.091384271489535;0
FFF;2013J;577533;M;East Midlands Region;A Level or Equivalent;0;120;N;35.0;True;False;False;0.0;0.0;0.0;0.0;0.0;0.0;1
BBB;2014B;606634;F;East Midlands Region;Lower Than A Level;0;90;N;35.0;False;True;False;0.0;1.0;0.0;0.0;111.49712962962963;1.5949206349206348;0
CCC;2014J;414772;F;Yorkshire Region;A Level or Equivalent;0;90;N;75.0;True;False;False;0.0;0.5;1.0;38.0;69.38815748521631;1.8285869903516963;0
GGG;2013J;564190;F;East Anglian Region;Lower Than A Level;0;60;Y;55.0;False;True;False;0.0;0.0;0.0;0.0;0.0;0.0;1
BBB;2014J;614159;F;East Anglian Region;A Level or Equivalent;0;60;N;25.0;True;False;False;0.0;0.8;0.0;0.0;91.6377688172043;2.363575268817204;0
DDD;2014B;131695;F;East Midlands Region;Lower Than A Level;1;120;N;5.0;True;False;False;0.0;0.0;0.0;0.0;0.0;0.0;1
BBB;2014B;616809;F;North Western Region;Lower Than A Level;0;60;N;55.0;False;True;False;0.0;0.0;0.0;0.0;0.0;0.0;1
FFF;2013J;601080;M;Wales;Lower Than A Level;0;60;N;15.0;True;False;False;0.0;0.08333333333333333;0.0;0.0;16.681159420289855;2.032608695652174;0
CCC;2014J;334154;M;West Midlands Region;A Level or Equivalent;0;30;N;15.0;True;False;False;0.0;0.25;0.0;0.0;44.06056259068724;1.5509893153937475;0
BBB;2014J;685702;F;North Region;Post Graduate Qualification;0;60;N;47.115494568324756;False;True;False;0.0;0.8;0.0;0.0;133.3382755473;2.2335100337025775;0
CCC;2014B;1678014;M;Wales;Lower Than A Level;0;30;N;95.0;False;True;False;0.0;0.0;0.0;0.0;0.0;0.0;1
FFF;2014J;682981;M;London Region;A Level or Equivalent;0;120;Y;15.0;True;False;False;0.0;1.0;0.0;0.0;107.41965749672177;3.1065269955291264;0
DDD;2014B;584077;M;North Western Region;A Level or Equivalent;1;150;N;25.0;True;False;False;0.0;0.0;0.0;0.0;0.0;0.0;1
BBB;2014J;643208;F;South West Region;Lower Than A Level;0;60;N;75.0;False;True;False;0.0;1.0;0.0;0.0;88.99029953181739;2.950144262979084;0
GGG;2014B;139329;F;East Anglian Region;Lower Than A Level;1;60;Y;35.0;True;False;False;0.0;1.0;0.0;0.0;139.2402777968386;3.4455190873379005;0
FFF;2014J;413709;M;Ireland;A Level or Equivalent;2;120;N;85.0;True;False;False;0.0;1.0;0.0;0.0;102.79193667013857;4.086904423663868;0
BBB;2013B;378462;F;South West Region;A Level or Equivalent;0;120;N;85.0;False;True;False;0.0;0.9090909090909091;0.0;0.0;72.76027040356928;2.1747893706910633;0
DDD;2013B;229057;F;London Region;Lower Than A Level;3;120;N;25.0;True;False;False;0.0;0.07692307692307693;0.0;0.0;29.101745771958537;1.7759138025095471;0
CCC;2014J;521115;M;North Western Region;HE Qualification;0;120;N;15.0;True;False;False;0.0;0.875;1.0;80.0;155.9053694618343;1.8821286365785985;0
GGG;2014J;643206;F;South West Region;A Level or Equivalent;0;30;N;5.0;True;False;False;0.0;0.8888888888888888;0.0;0.0;128.56953262786595;2.898059964726631;0
EEE;2014B;619292;M;North Region;A Level or Equivalent;0;60;N;47.115494568324756;False;True;False;0.0;1.0;0.0;0.0;91.30352962260389;3.7509880787080614;0
DDD;2013B;2523146;M;East Midlands Region;A Level or Equivalent;0;60;N;85.0;True;False;False;0.0;0.0;0.0;0.0;0.0;0.0;1
BBB;2013J;585074;F;London Region;Lower Than A Level;0;60;N;45.0;False;True;False;0.0;0.18181818181818182;0.0;0.0;42.416666666666664;1.9166666666666667;0
GGG;2014J;645157;F;West Midlands Region;A Level or Equivalent;0;30;N;15.0;True;False;False;0.0;0.7777777777777778;0.0;0.0;122.1946813092162;1.9307924203273041;0
EEE;2013J;579604;M;North Western Region;Lower Than A Level;0;30;N;75.0;True;False;False;0.0;0.0;0.0;0.0;0.0;0.0;0
BBB;2013B;533324;F;South West Region;Lower Than A Level;0;120;Y;25.0;True;False;False;0.0;1.0;0.0;0.0;69.50546258859939;2.074462996239726;0
GGG;2013J;590028;F;East Anglian Region;HE Qualification;0;30;N;65.0;True;False;False;0.0;0.0;0.0;0.0;0.0;0.0;1
BBB;2013B;536726;F;Scotland;HE Qualification;0;60;N;25.0;True;False;False;0.0;0.9090909090909091;0.0;0.0;51.0390386176075;2.7543181686053253;0
DDD;2013J;502477;F;South East Region;A Level or Equivalent;0;90;N;65.0;True;False;False;0.0;1.0;1.0;89.0;87.92652729280493;1.654556048061415;0
BBB;2013J;2453657;F;West Midlands Region;Lower Than A Level;0;60;N;15.0;True;False;False;0.0;0.45454545454545453;0.0;0.0;37.71233285233286;1.5626214526214526;0
DDD;2013B;2227786;M;London Region;HE Qualification;1;130;N;35.0;False;True;False;0.0;0.6153846153846154;0.0;0.0;89.52264239028945;1.8051084536378652;0
FFF;2014J;194163;M;Yorkshire Region;Lower Than A Level;0;90;N;15.0;True;False;False;0.0;1.0;0.0;0.0;130.74963318868575;2.646782934084935;0
DDD;2014J;695270;M;South West Region;A Level or Equivalent;0;120;N;15.0;True;False;False;0.0;0.8333333333333334;1.0;82.0;136.37884163912196;1.9236336765827613;0
DDD;2013B;532565;M;Yorkshire Region;Lower Than A Level;0;60;N;95.0;True;False;False;0.0;0.9230769230769231;1.0;44.0;98.00652582997485;1.4624743888351872;0
EEE;2014J;699135;M;North Region;HE Qualification;0;60;N;47.115494568324756;True;False;False;0.0;0.75;0.0;0.0;37.966358052497476;4.353734673470655;0
BBB;2014J;551000;F;Wales;A Level or Equivalent;1;120;N;45.0;True;False;False;0.0;0.6;0.0;0.0;42.738344407530455;3.1254429678848283;0
BBB;2014B;634976;M;West Midlands Region;HE Qualification;0;60;N;45.0;False;True;False;0.0;0.9090909090909091;0.0;0.0;113.05823374714778;2.1535125884673394;0
CCC;2014B;595356;M;South West Region;A Level or Equivalent;0;90;N;15.0;False;True;False;0.0;0.0;0.0;0.0;0.0;0.0;1
FFF;2013B;286067;M;West Midlands Region;Lower Than A Level;1;180;N;15.0;True;False;False;0.0;0.0;0.0;0.0;0.0;0.0;1
DDD;2014B;633355;F;East Anglian Region;Lower Than A Level;0;60;N;55.0;True;False;False;0.0;1.0;1.0;78.0;120.95703951970853;1.5326479607657095;0
DDD;2014J;685033;M;East Anglian Region;A Level or Equivalent;0;120;N;95.0;True;False;False;0.0;0.0;0.0;0.0;0.0;0.0;1
DDD;2014B;596439;M;South West Region;A Level or Equivalent;0;120;N;15.0;True;False;False;0.0;1.0;1.0;58.0;69.72447848198557;1.5679092300475064;0
GGG;2014J;679840;F;London Region;Lower Than A Level;0;30;N;5.0;True;False;False;0.0;1.0;0.0;0.0;111.12496782496783;2.5885135135135138;0
BBB;2013B;2464963;F;Yorkshire Region;A Level or Equivalent;0;60;N;85.0;False;True;False;0.0;0.9090909090909091;0.0;0.0;90.8405251531507;1.7032879005260642;0
BBB;2013J;591608;F;South Region;Lower Than A Level;0;60;N;15.0;True;False;False;0.0;0.0;0.0;0.0;0.0;0.0;0
DDD;2014J;2046628;M;Ireland;HE Qualification;3;120;Y;65.0;False;True;False;0.0;0.0;0.0;0.0;0.0;0.0;1
CCC;2014J;491926;M;Wales;Lower Than A Level;0;90;Y;15.0;False;True;False;0.0;0.0;0.0;0.0;0.0;0.0;1
GGG;2014J;527538;F;Wales;A Level or Equivalent;0;30;N;25.0;True;False;False;0.0;1.0;0.0;0.0;122.47571957956573;3.623106380798689;0
FFF;2014B;558244;M;Wales;HE Qualification;2;120;N;45.0;False;True;False;0.0;0.4166666666666667;0.0;0.0;35.950042183786344;3.577467626935712;0
BBB;2014J;694974;F;West Midlands Region;Lower Than A Level;0;120;N;25.0;True;False;False;0.0;0.0;0.0;0.0;0.0;0.0;1
CCC;2014J;2472995;M;South Region;HE Qualification;0;30;N;95.0;False;True;False;0.0;0.375;0.0;0.0;31.790151515151514;2.2220722853535353;0
BBB;2014B;618882;F;North Western Region;A Level or Equivalent;0;60;Y;15.0;True;False;False;0.0;0.8181818181818182;0.0;0.0;89.23482128159905;1.6011499118165784;0
CCC;2014J;610287;M;East Anglian Region;HE Qualification;1;60;N;85.0;True;False;False;0.0;1.0;1.0;52.0;199.9138888888889;2.196626984126984;0
BBB;2014B;392733;F;London Region;HE Qualification;0;120;N;5.0;False;True;False;0.0;0.09090909090909091;0.0;0.0;28.96693121693122;1.8171957671957673;0
FFF;2014B;365860;M;East Midlands Region;A Level or Equivalent;2;120;N;65.0;True;False;False;0.0;1.0;0.0;0.0;96.99764333838314;3.2062636310651484;0
BBB;2013J;585618;F;West Midlands Region;Lower Than A Level;0;60;N;5.0;True;False;False;0.0;0.0;0.0;0.0;0.0;0.0;1
DDD;2013B;441302;M;Yorkshire Region;Lower Than A Level;0;60;N;55.0;True;False;False;0.0;1.0;1.0;76.0;86.85752223419442;1.7928743652301864;0
DDD;2013B;529760;M;East Midlands Region;Lower Than A Level;0;120;N;15.0;True;False;False;0.0;0.07692307692307693;0.0;0.0;23.094730392156862;1.914705882352941;0
BBB;2014B;424863;F;Ireland;Lower Than A Level;4;120;N;65.0;True;False;False;0.0;0.09090909090909091;0.0;0.0;28.12962962962963;1.787037037037037;0
DDD;2014J;524020;M;East Midlands Region;Lower Than A Level;1;60;N;15.0;True;False;False;0.0;0.0;0.0;0.0;0.0;0.0;1
GGG;2013J;601126;M;Yorkshire Region;HE Qualification;0;30;N;55.0;True;False;False;0.0;1.0;0.0;0.0;119.48799019607843;3.240441176470588;0
GGG;2013J;584733;F;South West Region;Lower Than A Level;0;30;N;35.0;True;False;False;0.0;1.0;0.0;0.0;132.54533645143403;3.164542329786232;0
CCC;2014B;205398;M;London Region;A Level or Equivalent;0;60;N;25.0;False;True;False;0.0;0.25;0.0;0.0;16.566903481822838;2.527099334357399;0
DDD;2013B;446814;M;East Anglian Region;A Level or Equivalent;0;120;N;85.0;True;False;False;0.0;0.7692307692307693;1.0;47.0;82.15238159171439;1.8070134924554921;0
FFF;2014B;630830;M;North Region;Lower Than A Level;0;60;N;47.115494568324756;True;False;False;0.0;1.0;0.0;0.0;85.36176671234688;3.30750665132258;0
DDD;2014B;605695;F;West Midlands Region;A Level or Equivalent;0;60;N;35.0;True;False;False;0.0;0.8333333333333334;1.0;78.0;99.93471206908771;1.3400399688059592;0
FFF;2013B;549239;M;West Midlands Region;A Level or Equivalent;0;60;N;85.0;True;False;False;0.0;1.0;0.0;0.0;68.20500549050695;3.5518585860030916;0
FFF;2013B;427228;M;East Anglian Region;Lower Than A Level;1;180;N;45.0;True;False;False;0.0;0.0;0.0;0.0;0.0;0.0;1
EEE;2014J;62034;M;West Midlands Region;Lower Than A Level;0;60;N;55.0;True;False;False;0.0;0.75;0.0;0.0;108.88009352242932;2.403600552687674;0
FFF;2014B;2630284;F;East Midlands Region;A Level or Equivalent;5;150;N;5.0;False;True;False;0.0;0.0;0.0;0.0;0.0;0.0;1
DDD;2013J;599741;M;South Region;Lower Than A Level;0;60;Y;85.0;True;False;False;0.0;0.0;0.0;0.0;0.0;0.0;1
FFF;2013B;550866;M;Wales;A Level or Equivalent;0;120;N;25.0;True;False;False;0.0;0.4166666666666667;0.0;0.0;30.826368875354383;2.8123159489463836;0
BBB;2014J;542164;F;Scotland;HE Qualification;0;60;N;5.0;True;False;False;0.0;1.0;0.0;0.0;105.72621900692162;2.715874005115427;0
AAA;2014J;2436812;F;South Region;A Level or Equivalent;0;60;N;95.0;True;False;False;0.0;0.2;0.0;0.0;79.27363480341168;3.0018260407276425;0
FFF;2014J;644508;F;South Region;Lower Than A Level;0;60;N;45.0;True;False;False;0.0;1.0;0.0;0.0;97.63092270468604;3.466796460542478;0
DDD;2013B;312518;F;South West Region;Lower Than A Level;1;210;N;15.0;True;False;False;0.0;0.0;0.0;0.0;0.0;0.0;1
BBB;2014J;602570;F;East Anglian Region;A Level or Equivalent;2;120;N;25.0;True;False;False;0.0;0.8;0.0;0.0;87.6041074909496;2.4301726538568644;0
FFF;2013J;2177720;M;North Western Region;A Level or Equivalent;0;60;N;15.0;True;False;False;0.0;0.25;0.0;0.0;10.643340721209572;2.804653406702587;0
BBB;2014J;403213;F;South Region;A Level or Equivalent;0;60;N;25.0;True;False;False;0.0;1.0;0.0;0.0;96.52799479166667;3.8046875;0
CCC;2014B;623605;M;West Midlands Region;A Level or Equivalent;0;60;N;85.0;True;False;False;0.0;0.75;0.0;0.0;42.255995101389836;3.358563074352548;0
DDD;2014B;431136;M;Wales;A Level or Equivalent;1;60;N;15.0;True;False;False;0.0;0.0;0.0;0.0;0.0;0.0;1
DDD;2014J;323680;M;London Region;Lower Than A Level;1;60;N;65.0;True;False;False;0.0;1.0;1.0;80.0;108.55348294101967;1.5630544495485954;0
CCC;2014J;645124;F;London Region;Post Graduate Qualification;0;30;N;15.0;False;True;False;0.0;1.0;1.0;94.0;120.15194613197761;2.434446212344121;0
FFF;2013J;557766;M;Ireland;Lower Than A Level;0;120;N;35.0;True;False;False;0.0;0.3333333333333333;0.0;0.0;53.356935812818165;2.5471848839108904;0
EEE;2013J;587616;M;East Midlands Region;A Level or Equivalent;0;60;N;75.0;True;False;False;0.0;1.0;0.0;0.0;89.9367224261246;5.3055781175346395;0
BBB;2014B;319606;F;Ireland;A Level or Equivalent;3;60;N;35.0;True;False;False;0.0;1.0;0.0;0.0;71.22161172161172;2.0453296703296706;0
BBB;2014J;576923;F;Yorkshire Region;Lower Than A Level;0;60;N;5.0;True;False;False;0.0;0.8;0.0;0.0;88.29599400350251;2.8684674163126176;0
FFF;2014J;646138;M;North Western Region;Lower Than A Level;0;90;N;85.0;True;False;False;0.0;1.0;0.0;0.0;105.2979173365877;5.311995311552098;0
EEE;2014J;648440;M;East Midlands Region;A Level or Equivalent;0;120;N;35.0;True;False;False;0.0;0.0;0.0;0.0;0.0;0.0;1
DDD;2013J;512050;M;North Western Region;Lower Than A Level;1;60;N;55.0;True;False;False;0.0;0.6982071713147411;0.6420982735723771;41.732403718459494;0.9523809523809523;1.8571428571428572;0
BBB;2013B;404727;F;South Region;Lower Than A Level;1;60;N;75.0;True;False;False;0.0;0.7272727272727273;0.0;0.0;97.36747591235076;1.6676194449410968;0
FFF;2014B;631467;F;South Region;A Level or Equivalent;0;60;N;47.115494568324756;True;False;False;0.0;1.0;0.0;0.0;90.24248605098606;3.4580128066378064;0
FFF;2013B;261335;M;East Anglian Region;Lower Than A Level;0;60;N;55.0;True;False;False;0.0;1.0;0.0;0.0;104.36901237400026;3.357383682916137;0
FFF;2014B;625885;M;London Region;Lower Than A Level;0;60;N;25.0;True;False;False;0.0;0.0;0.0;0.0;0.0;0.0;1
EEE;2014J;650575;M;Yorkshire Region;A Level or Equivalent;0;90;N;45.0;True;False;False;0.0;1.0;0.0;0.0;97.68090913831116;3.043530673180593;0
FFF;2014J;634114;M;Scotland;Lower Than A Level;1;60;Y;5.0;True;False;False;0.0;0.5;0.0;0.0;112.99674346486847;2.3369026806526807;0
BBB;2014B;290914;M;North Region;A Level or Equivalent;2;120;Y;5.0;True;False;False;0.0;1.0;0.0;0.0;176.77979302832244;1.6093681917211329;0
EEE;2014J;677250;F;South East Region;Lower Than A Level;0;60;N;75.0;False;True;False;0.0;0.0;0.0;0.0;0.0;0.0;1
CCC;2014B;1407549;F;East Anglian Region;A Level or Equivalent;0;150;N;95.0;False;True;False;0.0;0.0;0.0;0.0;0.0;0.0;1
FFF;2013J;567222;M;East Midlands Region;Lower Than A Level;0;60;N;5.0;True;False;False;0.0;0.9166666666666666;0.0;0.0;71.14804113053275;2.9876986562799126;0
FFF;2013B;397310;M;East Anglian Region;Lower Than A Level;1;90;N;55.0;True;False;False;0.0;0.08333333333333333;0.0;0.0;15.808974358974357;1.441025641025641;0
DDD;2013J;600859;M;Scotland;HE Qualification;0;90;N;25.0;True;False;False;0.0;0.0;0.0;0.0;0.0;0.0;1
DDD;2013J;409794;M;East Anglian Region;A Level or Equivalent;0;120;N;65.0;True;False;False;0.0;0.0;0.0;0.0;0.0;0.0;1
BBB;2014J;674280;F;Yorkshire Region;Lower Than A Level;0;120;N;15.0;False;True;False;0.0;0.0;0.0;0.0;0.0;0.0;1
GGG;2013J;560653;M;London Region;Lower Than A Level;0;45;N;25.0;False;True;False;0.0;1.0;0.0;0.0;137.54014160241164;3.9930183876652885;0
DDD;2013B;500459;F;South West Region;Lower Than A Level;0;60;N;45.0;True;False;False;0.0;0.6923076923076923;1.0;40.0;78.38836953612562;1.5334227033853636;0
FFF;2014J;564243;M;North Western Region;Lower Than A Level;0;90;N;55.0;True;False;False;0.0;1.0;0.0;0.0;115.42428391315032;3.383776802229754;0
GGG;2013J;368969;F;South West Region;Lower Than A Level;0;30;N;85.0;False;True;False;0.0;0.6666666666666666;0.0;0.0;182.1947971781305;3.7332451499118164;0
BBB;2013B;547697;F;East Anglian Region;A Level or Equivalent;0;60;N;75.0;True;False;False;0.0;1.0;0.0;0.0;81.26884057971014;2.12512077294686;0
BBB;2014J;425772;F;Yorkshire Region;Lower Than A Level;0;120;N;15.0;True;False;False;0.0;0.8;0.0;0.0;61.26155945419104;2.2970843776106933;0
DDD;2013J;380429;F;Scotland;HE Qualification;1;60;N;85.0;False;True;False;0.0;1.0;1.0;89.0;142.31338420035203;1.720250102771905;0
BBB;2013B;34694;M;West Midlands Region;A Level or Equivalent;1;60;N;15.0;False;True;False;0.0;0.0;0.0;0.0;0.0;0.0;1
FFF;2014B;634859;F;London Region;A Level or Equivalent;0;60;N;15.0;True;False;False;0.0;0.3333333333333333;0.0;0.0;43.1867254174397;2.4876182745825606;0
DDD;2014J;1661490;M;South Region;A Level or Equivalent;0;60;N;25.0;False;True;False;0.0;0.0;0.0;0.0;0.0;0.0;1
BBB;2013J;534816;F;West Midlands Region;Lower Than A Level;1;60;N;15.0;True;False;False;0.0;1.0;0.0;0.0;92.45133333333334;1.995;0
BBB;2014J;690366;M;South Region;A Level or Equivalent;0;60;N;95.0;True;False;False;0.0;0.0;0.0;0.0;0.0;0.0;1
DDD;2013B;283618;M;West Midlands Region;Lower Than A Level;2;120;N;95.0;False;True;False;0.0;0.8461538461538461;1.0;38.0;84.14530200197946;1.5881952721133752;0
FFF;2013J;602312;M;Yorkshire Region;A Level or Equivalent;0;120;Y;45.0;True;False;False;0.0;1.0;0.0;0.0;136.5015448103284;3.204214670147615;0
CCC;2014J;695369;F;North Western Region;Lower Than A Level;0;120;N;5.0;True;False;False;0.0;0.0;0.0;0.0;0.0;0.0;1
EEE;2013J;582913;M;East Anglian Region;Lower Than A Level;0;60;N;85.0;True;False;False;0.0;1.0;0.0;0.0;105.30077558442034;4.005844723250998;0
DDD;2013B;535486;M;Yorkshire Region;A Level or Equivalent;0;60;N;25.0;True;False;False;0.0;0.0;0.0;0.0;0.0;0.0;1
DDD;2013B;476041;F;North Region;A Level or Equivalent;0;60;N;15.0;True;False;False;0.0;1.0;1.0;42.0;109.92746031746032;1.490957552611688;0
AAA;2013J;2639449;M;East Midlands Region;A Level or Equivalent;0;120;N;15.0;True;False;False;0.0;0.8;0.0;0.0;116.62879475808538;2.4531373724165486;0
DDD;2014J;574431;F;Wales;Lower Than A Level;0;120;N;65.0;False;True;False;0.0;0.8333333333333334;1.0;42.0;57.539659086182496;1.684040790898528;0
BBB;2014J;184583;F;Wales;Lower Than A Level;3;60;N;45.0;True;False;False;0.0;0.7303959843837144;0.0;0.0;3.5217948717948717;2.105128205128205;0
FFF;2014J;643326;F;West Midlands Region;A Level or Equivalent;0;60;N;15.0;True;False;False;0.0;0.9166666666666666;0.0;0.0;114.31443751640741;4.3177134079969965;0
CCC;2014J;513969;F;South East Region;A Level or Equivalent;1;120;N;45.0;True;False;False;0.0;1.0;1.0;68.0;113.23720870715435;2.43192604094778;0
CCC;2014J;549769;F;Scotland;A Level or Equivalent;0;110;N;65.0;True;False;False;0.0;0.0;0.0;0.0;0.0;0.0;1
CCC;2014J;605868;M;Yorkshire Region;A Level or Equivalent;0;30;N;75.0;False;True;False;0.0;0.5;1.0;92.0;70.96012952334955;5.333640209312387;0
DDD;2014B;486022;M;Yorkshire Region;A Level or Equivalent;0;60;N;85.0;True;False;False;0.0;1.0;1.0;56.0;69.99443632722618;1.9506458115153766;0
BBB;2013B;551129;F;East Anglian Region;A Level or Equivalent;0;60;Y;95.0;True;False;False;0.0;0.9090909090909091;0.0;0.0;36.76842403628118;1.9464285714285714;0
FFF;2013J;595842;M;North Region;A Level or Equivalent;0;120;N;47.115494568324756;True;False;False;0.0;1.0;0.0;0.0;104.13767422563089;2.868665772344123;0
DDD;2013J;464924;F;West Midlands Region;A Level or Equivalent;0;60;N;65.0;False;True;False;0.0;1.0;1.0;76.0;92.97775026673665;1.6675939138771003;0
GGG;2014J;651624;F;North Western Region;Lower Than A Level;0;30;N;25.0;False;True;False;0.0;1.0;0.0;0.0;102.67337289370596;3.1872465702852217;0
FFF;2013J;605459;M;South West Region;Lower Than A Level;0;60;N;95.0;True;False;False;0.0;1.0;0.0;0.0;93.5825981959406;4.40595627119742;0
BBB;2014J;682538;M;West Midlands Region;Lower Than A Level;0;120;N;15.0;True;False;False;0.0;0.0;0.0;0.0;0.0;0.0;1
EEE;2013J;490081;M;East Anglian Region;Lower Than A Level;0;85;N;55.0;True;False;False;0.0;1.0;0.0;0.0;102.09022967295027;3.8107843137254904;0
FFF;2013J;486551;M;South Region;A Level or Equivalent;0;60;N;55.0;True;False;False;0.0;0.9166666666666666;0.0;0.0;114.7285458190818;3.524866706257261;0
BBB;2014B;1840034;F;East Midlands Region;Lower Than A Level;0;60;Y;15.0;False;True;False;0.0;0.9090909090909091;0.0;0.0;106.87762497093699;1.5019791263013769;0
DDD;2013J;563847;F;Ireland;Lower Than A Level;0;75;N;25.0;True;False;False;0.0;0.0;0.0;0.0;0.0;0.0;1
FFF;2013B;529991;M;South Region;Lower Than A Level;1;120;N;85.0;False;True;False;0.0;0.8333333333333334;0.0;0.0;98.1733343781503;3.4752960072508943;0
FFF;2014B;611905;M;Wales;Lower Than A Level;0;60;N;15.0;False;True;False;0.0;0.0;0.0;0.0;0.0;0.0;1
AAA;2014J;2601889;M;West Midlands Region;HE Qualification;0;60;N;75.0;False;True;False;0.0;1.0;0.0;0.0;82.47657069483797;3.193892578847063;0
DDD;2014J;534827;F;South East Region;A Level or Equivalent;0;60;Y;55.0;True;False;False;0.0;0.0;0.0;0.0;0.0;0.0;1
CCC;2014J;605545;M;South East Region;Post Graduate Qualification;0;60;N;45.0;False;True;False;0.0;0.125;0.0;0.0;19.60515873015873;4.182539682539683;0
GGG;2013J;601199;F;Yorkshire Region;Lower Than A Level;0;30;N;5.0;True;False;False;0.0;0.8888888888888888;0.0;0.0;91.77497744455871;2.996830599613851;0
DDD;2014J;583276;F;West Midlands Region;A Level or Equivalent;0;60;N;45.0;True;False;False;0.0;0.0;0.0;0.0;0.0;0.0;1
FFF;2013J;360986;M;London Region;A Level or Equivalent;1;120;N;15.0;False;True;False;0.0;0.9166666666666666;0.0;0.0;104.0316012291736;2.9611536625570674;0
BBB;2013B;540184;F;South Region;Lower Than A Level;0;60;N;45.0;True;False;False;0.0;1.0;0.0;0.0;106.20163664961265;2.398599179297352;0
GGG;2014J;1917808;F;West Midlands Region;A Level or Equivalent;0;30;N;75.0;False;True;False;0.0;0.0;0.0;0.0;0.0;0.0;1
FFF;2013J;397292;F;North Western Region;Lower Than A Level;0;60;N;5.0;True;False;False;0.0;0.0;0.0;0.0;0.0;0.0;1
BBB;2013J;587702;F;South Region;A Level or Equivalent;0;60;N;25.0;True;False;False;0.0;0.9090909090909091;0.0;0.0;138.24727944733667;1.728547011342341;0
BBB;2013J;573433;F;Wales;HE Qualification;0;60;N;25.0;False;True;False;0.0;0.9090909090909091;0.0;0.0;103.51495677671404;1.2378574638901494;0
FFF;2014B;629120;M;Scotland;A Level or Equivalent;0;60;N;25.0;True;False;False;0.0;0.08333333333333333;0.0;0.0;9.015694789081886;2.1480355665839537;0
CCC;2014J;632866;F;Yorkshire Region;Lower Than A Level;0;60;N;65.0;True;False;False;0.0;0.0;0.0;0.0;0.0;0.0;1
FFF;2014B;480531;M;East Midlands Region;A Level or Equivalent;0;60;N;55.0;True;False;False;0.0;0.0;0.0;0.0;0.0;0.0;1
FFF;2014J;692962;M;West Midlands Region;HE Qualification;0;60;N;95.0;True;False;False;0.0;1.0;0.0;0.0;88.20200420142075;2.764698942981687;0
BBB;2013J;592081;F;Wales;Lower Than A Level;0;60;N;5.0;True;False;False;0.0;0.36363636363636365;0.0;0.0;21.891668807707745;2.0484621080333643;0
GGG;2014J;698548;M;South East Region;HE Qualification;0;30;N;35.0;False;True;False;0.0;1.0;0.0;0.0;113.99490256807331;2.585662666150471;0
BBB;2013B;1776925;M;Yorkshire Region;HE Qualification;1;120;N;65.0;False;True;False;0.0;0.6363636363636364;0.0;0.0;83.41121576835863;1.600885225885226;0
BBB;2014B;626555;M;West Midlands Region;Lower Than A Level;0;60;N;15.0;True;False;False;0.0;0.7272727272727273;0.0;0.0;100.6429530045499;1.5509568081098386;0
EEE;2014J;567681;M;Wales;Lower Than A Level;0;90;N;65.0;True;False;False;0.0;0.0;0.0;0.0;0.0;0.0;1
DDD;2014B;501123;F;West Midlands Region;A Level or Equivalent;0;180;N;55.0;True;False;False;0.0;0.0;0.0;0.0;0.0;0.0;1
CCC;2014B;610575;M;West Midlands Region;HE Qualification;0;60;N;45.0;True;False;False;0.0;0.75;1.0;44.0;91.4813807715381;2.4794083019217155;0
CCC;2014B;2131908;M;East Anglian Region;A Level or Equivalent;0;60;N;35.0;False;True;False;0.0;0.5;1.0;100.0;129.033630866488;2.6226862731624636;0
DDD;2013B;549125;M;South West Region;A Level or Equivalent;0;120;N;35.0;True;False;False;0.0;0.8461538461538461;1.0;64.0;89.83662880329548;1.6088707588707587;0
BBB;2013J;2001687;F;South Region;A Level or Equivalent;0;60;Y;45.0;False;True;False;0.0;0.9090909090909091;0.0;0.0;139.3825888250037;1.7832922126538955;0
DDD;2014B;336936;M;East Midlands Region;Lower Than A Level;0;60;N;15.0;True;False;False;0.0;0.0;0.0;0.0;0.0;0.0;1
DDD;2013B;466158;F;South Region;Lower Than A Level;0;90;Y;35.0;True;False;False;0.0;0.0;0.0;0.0;0.0;0.0;1
DDD;2014B;2336922;F;South East Region;A Level or Equivalent;1;120;N;85.0;False;True;False;0.0;0.8333333333333334;1.0;87.0;107.15897331189178;1.442357755939102;0
CCC;2014J;1478775;F;East Anglian Region;Lower Than A Level;0;120;N;45.0;False;True;False;0.0;0.5;1.0;56.0;89.6003948720656;3.67648224404322;0
BBB;2013B;483371;F;Scotland;HE Qualification;0;120;N;65.0;False;True;False;0.0;0.0;0.0;0.0;0.0;0.0;1
CCC;2014J;425919;F;East Anglian Region;Lower Than A Level;0;60;N;55.0;False;True;False;0.0;0.0;0.0;0.0;0.0;0.0;1
EEE;2013J;505722;M;North Western Region;A Level or Equivalent;0;60;N;5.0;False;True;False;0.0;1.0;0.0;0.0;85.86086602676261;4.699504444006341;0
CCC;2014J;574637;M;South Region;A Level or Equivalent;0;30;N;75.0;True;False;False;0.0;0.625;1.0;70.0;117.27249284549285;2.434347269347269;0
FFF;2013B;559451;F;Ireland;A Level or Equivalent;0;60;N;47.115494568324756;False;True;False;0.0;0.3333333333333333;0.0;0.0;35.4114852323442;3.26285261087615;0
EEE;2013J;107339;F;Scotland;HE Qualification;0;60;N;15.0;True;False;False;0.0;1.0;0.0;0.0;105.69067119684905;3.7104975617135385;0
BBB;2013J;566407;M;East Midlands Region;A Level or Equivalent;0;60;N;25.0;True;False;False;0.0;0.8181818181818182;0.0;0.0;86.04373077099692;1.7874753179960507;0
FFF;2014B;1928947;M;Wales;A Level or Equivalent;0;150;N;75.0;False;True;False;0.0;0.8333333333333334;0.0;0.0;118.93795161327017;3.8863407603589692;0
GGG;2014B;627764;F;East Anglian Region;Lower Than A Level;0;30;Y;25.0;False;True;False;0.0;0.7777777777777778;0.0;0.0;97.77268518518518;2.3430224867724867;0
FFF;2014J;641307;M;North Western Region;A Level or Equivalent;0;120;N;25.0;False;False;True;0.0;0.0;0.0;0.0;0.0;0.0;1
CCC;2014J;67685;M;South Region;A Level or Equivalent;0;180;N;15.0;True;False;False;0.0;0.0;0.0;0.0;0.0;0.0;1
FFF;2013B;554365;M;North Western Region;Lower Than A Level;0;120;N;65.0;True;False;False;0.0;0.0;0.0;0.0;0.0;0.0;1
EEE;2014J;642342;M;Wales;A Level or Equivalent;0;60;N;65.0;True;False;False;0.0;1.0;0.0;0.0;100.86835247427732;7.657430309933998;0
GGG;2014B;566818;F;London Region;Lower Than A Level;0;30;Y;35.0;True;False;False;0.0;0.1111111111111111;0.0;0.0;57.882051282051286;3.5487179487179485;0
GGG;2014J;682413;F;West Midlands Region;A Level or Equivalent;0;30;Y;75.0;True;False;False;0.0;1.0;0.0;0.0;142.7858013937282;3.31280487804878;0
EEE;2014B;291674;F;West Midlands Region;A Level or Equivalent;1;60;N;15.0;True;False;False;0.0;1.0;0.0;0.0;101.30377934882253;3.9108466530958874;0
DDD;2014J;123957;F;North Western Region;Lower Than A Level;1;60;N;75.0;True;False;False;0.0;0.6666666666666666;0.0;0.0;125.76190476190476;1.984126984126984;0
DDD;2014J;2205559;F;Yorkshire Region;A Level or Equivalent;0;60;N;75.0;False;True;False;0.0;0.0;0.0;0.0;0.0;0.0;1
BBB;2014B;621905;F;East Anglian Region;A Level or Equivalent;0;90;N;35.0;True;False;False;0.0;0.8181818181818182;0.0;0.0;48.98059618078891;1.955391912985098;0
FFF;2014J;653183;M;East Midlands Region;Lower Than A Level;0;90;N;35.0;True;False;False;0.0;0.0;0.0;0.0;0.0;0.0;1
DDD;2014B;627416;F;South West Region;A Level or Equivalent;0;60;N;55.0;True;False;False;0.0;0.0;0.0;0.0;0.0;0.0;1
CCC;2014J;643757;M;West Midlands Region;HE Qualification;0;120;N;5.0;True;False;False;0.0;0.5929054054054054;0.5845845845845846;39.888888888888886;21.179012345679013;1.6722222222222223;0
GGG;2014J;646881;F;Scotland;HE Qualification;0;30;Y;65.0;False;True;False;0.0;0.7862398822663723;0.0;0.0;9.346153846153847;2.8141025641025643;0
FFF;2014J;580459;M;North Region;A Level or Equivalent;0;60;N;55.0;True;False;False;0.0;1.0;0.0;0.0;122.41656942351592;2.7042045832646187;0
CCC;2014J;651764;M;East Anglian Region;A Level or Equivalent;0;90;N;85.0;True;False;False;0.0;1.0;1.0;100.0;111.88573260964736;2.0079076913567535;0
BBB;2014J;655546;F;Ireland;HE Qualification;0;60;N;47.115494568324756;False;True;False;0.0;1.0;0.0;0.0;92.56510871177387;3.7417116847826146;0
FFF;2013B;528517;M;South Region;A Level or Equivalent;0;60;N;85.0;True;False;False;0.0;1.0;0.0;0.0;99.61292076659724;3.138557830068525;0
CCC;2014B;383347;M;North Region;Post Graduate Qualification;0;60;N;47.115494568324756;False;False;True;0.0;1.0;1.0;96.0;104.99966032002466;2.46477988353395;0
EEE;2014J;646070;M;North Western Region;A Level or Equivalent;0;60;N;35.0;True;False;False;0.0;1.0;0.0;0.0;93.86437509704338;3.4519872259307856;0
FFF;2013J;587912;M;South West Region;Lower Than A Level;0;120;N;35.0;True;False;False;0.0;0.0;0.0;0.0;0.0;0.0;1
DDD;2013J;594925;F;Ireland;Lower Than A Level;0;60;N;25.0;True;False;False;0.0;0.6666666666666666;1.0;49.0;105.92383740614645;1.729878412934642;0
EEE;2014J;269220;M;West Midlands Region;Lower Than A Level;0;60;Y;75.0;True;False;False;0.0;1.0;0.0;0.0;105.21482411437769;4.077422676529819;0
BBB;2013B;522373;F;North Western Region;A Level or Equivalent;0;120;N;25.0;True;False;False;0.0;1.0;0.0;0.0;104.5612055637302;1.6399206704625424;0
BBB;2014J;595365;F;South East Region;Lower Than A Level;0;60;N;45.0;True;False;False;0.0;0.8;0.0;0.0;87.35669127522716;3.3479351237375043;0
BBB;2013J;595345;F;Scotland;HE Qualification;0;60;N;85.0;False;True;False;0.0;1.0;0.0;0.0;125.56975478524168;1.7217577357724654;0
BBB;2014J;63467;F;North Western Region;A Level or Equivalent;0;120;N;55.0;False;True;False;0.0;0.8;0.0;0.0;89.05747166480863;2.7144084779954345;0
EEE;2014J;683246;M;Yorkshire Region;A Level or Equivalent;0;60;N;85.0;True;False;False;0.0;0.25;0.0;0.0;20.84848484848485;4.367715617715618;0
BBB;2014B;622208;F;North Region;Lower Than A Level;0;120;N;85.0;True;False;False;0.0;1.0;0.0;0.0;110.12521638854972;1.5951813023077392;0
FFF;2014J;606904;F;South Region;A Level or Equivalent;1;90;N;85.0;True;False;False;0.0;0.9166666666666666;0.0;0.0;86.71211638860515;3.2758628419021676;0
DDD;2013J;40419;M;East Midlands Region;Lower Than A Level;1;60;N;25.0;False;True;False;0.0;1.0;1.0;69.0;142.4977981427175;1.8015017106549365;0
FFF;2014B;623232;M;South West Region;Lower Than A Level;0;60;Y;35.0;True;False;False;0.0;0.0;0.0;0.0;0.0;0.0;1
CCC;2014J;636124;M;East Midlands Region;Post Graduate Qualification;0;60;N;65.0;False;True;False;0.0;1.0;1.0;96.0;121.13135870375795;2.8540321677689833;0
DDD;2014J;474246;M;South East Region;Lower Than A Level;2;60;N;15.0;True;False;False;0.0;0.3333333333333333;0.0;0.0;13.493544973544973;2.0561111111111114;0
FFF;2013J;2195853;F;North Region;A Level or Equivalent;2;180;N;5.0;True;False;False;0.0;0.16666666666666666;0.0;0.0;4.233004926108375;3.4650246305418717;0
CCC;2014B;2513997;M;London Region;HE Qualification;0;60;N;55.0;False;False;True;0.0;0.625;0.0;0.0;114.9300265625847;1.5828832362348093;0
BBB;2013B;2528966;F;North Western Region;A Level or Equivalent;1;120;Y;15.0;False;True;False;0.0;0.6363636363636364;0.0;0.0;110.46902781500341;1.6845422734447126;0
DDD;2014B;601329;F;South East Region;A Level or Equivalent;0;60;N;95.0;True;False;False;0.0;0.0;0.0;0.0;0.0;0.0;1
FFF;2013B;2481646;M;South West Region;HE Qualification;0;60;N;35.0;False;True;False;0.0;1.0;0.0;0.0;105.82808012920299;3.871245637678014;0
FFF;2014J;653356;F;Yorkshire Region;Lower Than A Level;0;60;N;55.0;True;False;False;0.0;0.0;0.0;0.0;0.0;0.0;1
BBB;2013B;472348;F;London Region;No Formal quals;1;120;N;15.0;True;False;False;0.0;0.0;0.0;0.0;0.0;0.0;1
EEE;2013J;197730;M;Scotland;HE Qualification;0;140;N;95.0;False;True;False;0.0;0.0;0.0;0.0;0.0;0.0;1
BBB;2014B;2153200;F;South Region;A Level or Equivalent;0;60;N;95.0;False;True;False;0.0;0.5454545454545454;0.0;0.0;35.57091830484733;2.195520597511658;0
BBB;2013J;577659;F;Ireland;Lower Than A Level;0;60;N;47.115494568324756;True;False;False;0.0;0.0;0.0;0.0;0.0;0.0;1
CCC;2014J;562437;M;South East Region;A Level or Equivalent;0;60;N;55.0;True;False;False;0.0;0.0;0.0;0.0;0.0;0.0;1
FFF;2014B;527744;F;Wales;A Level or Equivalent;2;120;N;15.0;True;False;False;0.0;0.0;0.0;0.0;0.0;0.0;1
DDD;2013B;925553;M;London Region;HE Qualification;0;90;N;95.0;False;False;True;0.0;0.0;0.0;0.0;0.0;0.0;1
EEE;2014B;633310;M;East Midlands Region;A Level or Equivalent;0;60;N;45.0;True;False;False;0.0;1.0;0.0;0.0;77.14788592360021;5.439366823652539;0
DDD;2014J;697283;F;London Region;A Level or Equivalent;0;120;N;25.0;True;False;False;0.0;0.0;0.0;0.0;0.0;0.0;1
DDD;2013J;568741;F;South Region;A Level or Equivalent;0;60;N;55.0;False;True;False;0.0;0.0;0.0;0.0;0.0;0.0;1
FFF;2014J;630186;M;East Midlands Region;A Level or Equivalent;0;120;N;95.0;True;False;False;0.0;0.0;0.0;0.0;0.0;0.0;1
CCC;2014B;596029;M;London Region;Lower Than A Level;0;120;N;25.0;True;False;False;0.0;0.0;0.0;0.0;0.0;0.0;1
EEE;2013J;387648;M;North Western Region;HE Qualification;0;60;N;15.0;True;False;False;0.0;1.0;0.0;0.0;111.96731049684162;2.4248298604320753;0
BBB;2014B;252652;F;London Region;A Level or Equivalent;2;120;N;55.0;False;True;False;0.0;0.9090909090909091;0.0;0.0;160.44295634920636;1.5100709475709477;0
DDD;2014B;513957;M;West Midlands Region;A Level or Equivalent;1;60;N;5.0;True;False;False;0.0;0.6666666666666666;1.0;64.0;119.6904853128991;1.9880459770114944;0
CCC;2014B;505815;M;Yorkshire Region;A Level or Equivalent;0;90;Y;45.0;True;False;False;0.0;0.0;0.0;0.0;0.0;0.0;1
CCC;2014B;618096;M;South West Region;A Level or Equivalent;0;60;N;75.0;True;False;False;0.0;0.5;1.0;96.0;117.43869637695693;1.8756866939168588;0
FFF;2014J;632276;F;South Region;A Level or Equivalent;0;120;N;65.0;True;False;False;0.0;0.0;0.0;0.0;0.0;0.0;1
FFF;2014J;682588;M;South East Region;Lower Than A Level;0;60;N;95.0;False;True;False;0.0;0.5;0.0;0.0;72.00658083767681;2.72921564618041;0
BBB;2014J;653086;F;East Anglian Region;A Level or Equivalent;0;60;Y;95.0;False;True;False;0.0;0.8;0.0;0.0;99.72515331890331;2.6273115773115774;0
FFF;2014J;695869;M;South Region;A Level or Equivalent;0;60;N;95.0;False;True;False;0.0;1.0;0.0;0.0;114.47931413608104;3.138719241340653;0
DDD;2013J;85325;F;South Region;Lower Than A Level;0;120;N;85.0;True;False;False;0.0;0.0;0.0;0.0;0.0;0.0;1
BBB;2013J;522650;F;East Anglian Region;Lower Than A Level;0;60;N;95.0;True;False;False;0.0;0.0;0.0;0.0;0.0;0.0;1
BBB;2013J;577347;F;Ireland;Lower Than A Level;0;60;N;25.0;False;True;False;0.0;0.8181818181818182;0.0;0.0;123.7818783068783;2.4346560846560847;0
BBB;2013B;442183;F;Yorkshire Region;A Level or Equivalent;1;120;N;15.0;True;False;False;0.0;1.0;0.0;0.0;101.22666112956811;1.83140642303433;0
FFF;2013B;962951;M;South Region;A Level or Equivalent;2;150;N;55.0;False;True;False;0.0;0.0;0.0;0.0;0.0;0.0;1
CCC;2014J;572754;M;Scotland;A Level or Equivalent;0;90;Y;85.0;True;False;False;0.0;0.0;0.0;0.0;0.0;0.0;1
FFF;2013J;2323944;M;South Region;A Level or Equivalent;0;90;Y;95.0;True;False;False;0.0;1.0;0.0;0.0;107.95603399998093;3.6457740122833857;0
DDD;2014B;1671761;M;East Anglian Region;A Level or Equivalent;0;60;N;55.0;False;True;False;0.0;0.5;0.0;0.0;53.99882099449936;1.2551953721152256;0
CCC;2014B;308391;M;West Midlands Region;A Level or Equivalent;0;60;N;35.0;True;False;False;0.0;0.0;0.0;0.0;0.0;0.0;1
BBB;2013J;410842;F;Scotland;A Level or Equivalent;0;60;N;65.0;True;False;False;0.0;1.0;0.0;0.0;127.80428854905385;1.8927709338776988;0
DDD;2014J;640691;M;East Anglian Region;HE Qualification;0;120;N;85.0;True;False;False;0.0;0.0;0.0;0.0;0.0;0.0;1
DDD;2013J;523583;F;London Region;A Level or Equivalent;0;120;Y;25.0;False;True;False;0.0;0.0;0.0;0.0;0.0;0.0;1
EEE;2014B;382910;M;East Anglian Region;HE Qualification;0;90;N;95.0;True;False;False;0.0;1.0;0.0;0.0;130.4455934618867;3.2822475764019554;0
DDD;2013B;2191819;F;Wales;HE Qualification;0;90;N;65.0;False;True;False;0.0;0.0;0.0;0.0;0.0;0.0;1
GGG;2014J;694292;M;Yorkshire Region;Lower Than A Level;0;30;N;15.0;False;True;False;0.0;1.0;0.0;0.0;120.97929558497154;3.493225227358354;0
DDD;2014J;676787;F;South Region;A Level or Equivalent;0;60;N;85.0;True;False;False;0.0;1.0;1.0;40.0;89.10934643922442;1.4927164730390288;0
FFF;2014B;501302;F;Scotland;HE Qualification;1;60;N;45.0;True;False;False;0.0;0.16666666666666666;0.0;0.0;12.696327419856832;2.5393246187363836;0
BBB;2013J;80717;F;South West Region;Lower Than A Level;0;60;N;65.0;False;True;False;0.0;1.0;0.0;0.0;136.3512228653751;2.3223419488966286;0
FFF;2014J;305659;M;South East Region;A Level or Equivalent;0;90;N;85.0;True;False;False;0.0;1.0;0.0;0.0;109.0974753312132;4.089046305979487;0
FFF;2014J;624282;M;London Region;HE Qualification;0;60;N;25.0;False;True;False;0.0;1.0;0.0;0.0;110.48853565761512;3.3158600626590418;0
EEE;2014B;625953;M;London Region;HE Qualification;0;90;N;15.0;False;True;False;0.0;1.0;0.0;0.0;71.40669523700758;3.5471891915400033;0
BBB;2014J;698256;F;West Midlands Region;Lower Than A Level;0;60;N;75.0;True;False;False;0.0;0.8;0.0;0.0;120.77979900075785;2.9670194822740643;0
BBB;2013B;528904;F;Scotland;A Level or Equivalent;0;60;N;55.0;True;False;False;0.0;0.9090909090909091;0.0;0.0;94.97699269589798;1.6231395726757964;0
FFF;2013B;91164;M;London Region;HE Qualification;0;60;Y;5.0;False;True;False;0.0;0.7267809384877219;0.0;0.0;2.4285714285714284;02.май;0
EEE;2013J;602037;M;South East Region;Lower Than A Level;0;30;N;65.0;True;False;False;0.0;0.0;0.0;0.0;0.0;0.0;1
DDD;2013B;501158;M;Ireland;Lower Than A Level;0;120;N;47.115494568324756;True;False;False;0.0;0.8461538461538461;1.0;56.0;113.02724907833678;1.5379419685160731;0
DDD;2013J;2356801;M;East Anglian Region;HE Qualification;0;60;N;75.0;False;True;False;0.0;1.0;1.0;76.0;126.91529575692196;1.7358789024945631;0
GGG;2014J;697456;M;North Western Region;Lower Than A Level;0;30;N;15.0;True;False;False;0.0;0.0;0.0;0.0;0.0;0.0;0
FFF;2013J;604879;F;South West Region;HE Qualification;0;120;N;25.0;True;False;False;0.0;1.0;0.0;0.0;121.01121806225244;2.503616777959757;0
FFF;2014J;558764;M;East Midlands Region;Lower Than A Level;0;60;N;15.0;True;False;False;0.0;1.0;0.0;0.0;91.95749170447947;3.4631075170380035;0
BBB;2013B;338912;F;South West Region;A Level or Equivalent;0;90;N;25.0;True;False;False;0.0;0.0;0.0;0.0;0.0;0.0;1
DDD;2013B;549135;F;South Region;A Level or Equivalent;0;60;Y;55.0;True;False;False;0.0;0.7692307692307693;1.0;49.0;98.96668712158403;1.6563164784814268;0
DDD;2013J;561819;F;West Midlands Region;A Level or Equivalent;0;120;N;55.0;True;False;False;0.0;1.0;1.0;96.0;72.02033944112853;1.4991244935002999;0
BBB;2013J;522434;M;Scotland;Lower Than A Level;0;60;N;5.0;False;True;False;0.0;1.0;0.0;0.0;112.87354752238568;1.6429094041108583;0
FFF;2014B;496590;M;South West Region;Lower Than A Level;1;120;N;25.0;True;False;False;0.0;0.4166666666666667;0.0;0.0;29.894259585133046;3.2924158801258465;0
CCC;2014J;401011;M;Wales;Lower Than A Level;0;30;Y;15.0;True;False;False;0.0;0.0;0.0;0.0;0.0;0.0;1
DDD;2013B;418490;M;South Region;A Level or Equivalent;0;60;N;75.0;False;True;False;0.0;0.6923076923076923;1.0;60.0;60.54456692316296;1.4206147767389286;0
BBB;2013B;519602;F;West Midlands Region;Lower Than A Level;0;60;Y;25.0;True;False;False;0.0;0.5454545454545454;0.0;0.0;119.68127705627705;1.7555988455988456;0
BBB;2013J;595816;F;Wales;Lower Than A Level;0;120;N;15.0;False;True;False;0.0;0.0;0.0;0.0;0.0;0.0;0
GGG;2014J;692256;F;Wales;Lower Than A Level;0;30;N;45.0;True;False;False;0.0;0.8888888888888888;0.0;0.0;112.76475966562174;3.8021421107628006;0
FFF;2013B;499372;M;London Region;A Level or Equivalent;1;120;Y;15.0;False;True;False;0.0;1.0;0.0;0.0;73.6880956911064;3.4088227784704146;0
FFF;2014B;594374;M;Yorkshire Region;Lower Than A Level;0;120;N;15.0;True;False;False;0.0;0.9166666666666666;0.0;0.0;136.61337907206695;3.81079252300096;0
GGG;2014B;632631;M;South East Region;Lower Than A Level;0;30;N;75.0;True;False;False;0.0;0.1111111111111111;0.0;0.0;30.99074074074074;1.846296296296296;0
EEE;2014J;697482;M;South East Region;A Level or Equivalent;0;60;N;25.0;True;False;False;0.0;0.5;0.0;0.0;37.58631501831502;3.9505860805860804;0
FFF;2014J;681120;M;East Midlands Region;Lower Than A Level;0;120;Y;15.0;True;False;False;0.0;0.0;0.0;0.0;0.0;0.0;1
BBB;2014J;656222;F;East Anglian Region;A Level or Equivalent;0;120;N;45.0;False;True;False;0.0;0.4;0.0;0.0;5.102171637885924;3.0411826268969127;0
FFF;2013J;569474;M;Yorkshire Region;Lower Than A Level;0;60;N;35.0;False;True;False;0.0;1.0;0.0;0.0;85.85195089986705;2.520319905117944;0
EEE;2013J;516047;M;North Region;HE Qualification;0;60;N;5.0;True;False;False;0.0;0.0;0.0;0.0;0.0;0.0;1
CCC;2014B;482745;M;South East Region;A Level or Equivalent;0;60;N;75.0;True;False;False;0.0;0.375;1.0;36.0;124.49148044304293;3.8272297444172447;0
EEE;2014J;677232;M;North Western Region;HE Qualification;0;30;N;35.0;False;True;False;0.0;0.5;0.0;0.0;25.54246088341483;3.4028585814770023;0
CCC;2014J;676138;F;Wales;A Level or Equivalent;0;120;N;15.0;True;False;False;0.0;0.0;0.0;0.0;0.0;0.0;1
FFF;2014J;680747;M;West Midlands Region;Lower Than A Level;0;60;N;75.0;False;True;False;0.0;1.0;0.0;0.0;88.28362312932113;3.316619863649653;0
DDD;2014B;625714;M;East Anglian Region;HE Qualification;0;90;N;55.0;True;False;False;0.0;0.6666666666666666;1.0;53.0;46.17679935556279;1.1988726874479563;0
DDD;2013B;331351;M;Wales;A Level or Equivalent;0;90;N;15.0;True;False;False;0.0;0.6377753701697364;0.5652582159624413;31.854460093896712;сент.75;янв.75;0
FFF;2014B;617212;M;South Region;A Level or Equivalent;0;60;N;25.0;True;False;False;0.0;0.0;0.0;0.0;0.0;0.0;1
AAA;2013J;236284;M;Scotland;Post Graduate Qualification;0;60;N;95.0;True;False;False;17.0;1.0;0.0;0.0;154.27316202090591;4.510504258614015;0
GGG;2013J;156127;F;North Western Region;Lower Than A Level;0;30;N;5.0;True;False;False;0.0;0.3333333333333333;0.0;0.0;103.5492335823218;3.055064386865858;0
DDD;2014J;530807;M;South Region;A Level or Equivalent;0;120;N;55.0;True;False;False;0.0;0.0;0.0;0.0;0.0;0.0;1
BBB;2013B;557351;F;South West Region;A Level or Equivalent;0;90;N;55.0;True;False;False;0.0;0.36363636363636365;0.0;0.0;39.726695485886665;1.684963588800905;0
BBB;2013B;2249372;F;South Region;A Level or Equivalent;0;120;N;55.0;False;True;False;0.0;1.0;0.0;0.0;129.77412241751065;1.8546730526352007;0
FFF;2014J;562762;M;London Region;Lower Than A Level;2;120;Y;25.0;True;False;False;0.0;0.0;0.0;0.0;0.0;0.0;1
CCC;2014B;593071;M;Scotland;A Level or Equivalent;0;90;N;95.0;False;True;False;0.0;0.0;0.0;0.0;0.0;0.0;1
BBB;2013J;90243;F;Wales;HE Qualification;0;60;N;75.0;False;True;False;0.0;1.0;0.0;0.0;81.00853400611845;1.7936546119605778;0
FFF;2013J;107028;M;East Midlands Region;Lower Than A Level;0;90;N;15.0;True;False;False;0.0;0.5;0.0;0.0;70.85386312554462;1.7973696416904623;0
AAA;2014J;429858;M;Ireland;Lower Than A Level;0;300;N;47.115494568324756;True;False;False;0.0;1.0;0.0;0.0;166.24295167198395;2.2855015951790145;0
BBB;2013B;560319;F;East Anglian Region;Lower Than A Level;0;60;N;65.0;True;False;False;0.0;1.0;0.0;0.0;71.9844347182197;1.789175855154544;0
DDD;2013J;607854;F;South West Region;HE Qualification;0;90;N;45.0;True;False;False;0.0;0.8333333333333334;1.0;24.0;89.26639939143594;1.7752334504892984;0
GGG;2014B;610336;F;North Western Region;A Level or Equivalent;1;60;N;25.0;False;True;False;0.0;0.2222222222222222;0.0;0.0;64.0;1.0;0
DDD;2014J;399628;F;South East Region;Lower Than A Level;0;120;N;45.0;True;False;False;0.0;0.6666666666666666;1.0;20.0;94.4817619047619;1.7772857142857144;0
FFF;2014J;595676;M;London Region;Lower Than A Level;1;60;N;15.0;False;True;False;0.0;0.5;0.0;0.0;-9.4;02.июнь;0
GGG;2013J;2343354;F;East Midlands Region;A Level or Equivalent;0;30;N;35.0;True;False;False;0.0;1.0;0.0;0.0;126.90023824994586;2.12356508555339;0
CCC;2014J;2422258;M;South West Region;A Level or Equivalent;0;90;Y;25.0;True;False;False;0.0;0.0;0.0;0.0;0.0;0.0;1
BBB;2014J;683779;F;Wales;Lower Than A Level;0;60;N;25.0;True;False;False;0.0;1.0;0.0;0.0;79.84328100215197;2.9712306659887306;0
CCC;2014J;131933;M;Scotland;Post Graduate Qualification;1;30;N;65.0;False;True;False;0.0;0.375;1.0;46.0;174.49830952380952;7.868499007936508;0
BBB;2014J;579031;F;West Midlands Region;A Level or Equivalent;0;180;N;35.0;True;False;False;0.0;0.0;0.0;0.0;0.0;0.0;1
EEE;2014J;555051;M;South East Region;Lower Than A Level;0;60;N;95.0;True;False;False;0.0;0.0;0.0;0.0;0.0;0.0;1
DDD;2013B;259750;M;South East Region;Lower Than A Level;0;60;N;35.0;True;False;False;0.0;0.6377753701697364;0.5652582159624413;31.854460093896712;-6.5625;1.578125;0
BBB;2013B;501879;F;East Anglian Region;A Level or Equivalent;1;180;N;65.0;False;True;False;0.0;1.0;0.0;0.0;112.00123336522067;1.6413433176168943;0
BBB;2013B;547472;M;London Region;Lower Than A Level;0;60;N;65.0;False;True;False;0.0;0.0;0.0;0.0;0.0;0.0;1
FFF;2014B;618665;M;South Region;Lower Than A Level;0;90;N;15.0;True;False;False;0.0;0.9166666666666666;0.0;0.0;144.64305597076307;4.592153829354346;0
BBB;2013B;98313;F;Scotland;HE Qualification;0;60;N;35.0;False;True;False;0.0;1.0;0.0;0.0;150.44285714285715;1.8923395445134576;0
FFF;2014B;547128;M;Wales;A Level or Equivalent;1;190;Y;25.0;False;True;False;0.0;0.9166666666666666;0.0;0.0;131.55675648036993;4.467703342409225;0
CCC;2014J;2147889;F;Scotland;A Level or Equivalent;0;60;N;65.0;False;True;False;0.0;0.0;0.0;0.0;0.0;0.0;1
DDD;2013J;600635;F;South Region;A Level or Equivalent;0;120;N;65.0;True;False;False;0.0;0.5;1.0;71.0;81.13666226555716;1.749623720660945;0
FFF;2013J;381058;M;London Region;A Level or Equivalent;0;60;N;25.0;True;False;False;0.0;0.16666666666666666;0.0;0.0;14.81254658385093;1.7866356107660455;0
BBB;2013J;475215;F;Scotland;A Level or Equivalent;0;120;N;45.0;True;False;False;0.0;0.0;0.0;0.0;0.0;0.0;1
FFF;2014J;640140;M;London Region;Lower Than A Level;0;240;N;25.0;True;False;False;0.0;0.0;0.0;0.0;0.0;0.0;1
FFF;2013J;572910;M;North Western Region;Lower Than A Level;0;60;N;15.0;True;False;False;0.0;0.0;0.0;0.0;0.0;0.0;1
DDD;2013B;144923;M;Scotland;Lower Than A Level;1;120;N;75.0;False;True;False;0.0;0.46153846153846156;0.0;0.0;34.4947619047619;1.8295238095238096;0
EEE;2014J;654240;M;North Western Region;A Level or Equivalent;0;60;N;65.0;True;False;False;0.0;1.0;0.0;0.0;109.52347522793009;5.605766014351859;0
FFF;2013J;284036;M;South West Region;Lower Than A Level;2;60;N;25.0;True;False;False;0.0;0.3333333333333333;0.0;0.0;18.158580445872804;2.987412181888926;0
FFF;2013J;599683;F;Scotland;HE Qualification;0;90;N;35.0;True;False;False;0.0;1.0;0.0;0.0;107.35969073941719;2.889583784560263;0
AAA;2014J;165226;F;Wales;A Level or Equivalent;0;60;N;35.0;True;False;False;0.0;0.2;0.0;0.0;8.465505226480836;4.157462253193961;0
BBB;2013J;1910175;F;Scotland;A Level or Equivalent;0;60;N;85.0;False;True;False;0.0;1.0;0.0;0.0;118.82287316651603;1.759647249575821;0
CCC;2014J;636443;M;North Region;A Level or Equivalent;0;90;N;65.0;True;False;False;0.0;0.0;0.0;0.0;0.0;0.0;1
DDD;2013J;511282;F;North Western Region;A Level or Equivalent;0;90;N;15.0;True;False;False;0.0;1.0;1.0;78.0;97.24192622462897;1.4679593677760967;0
FFF;2014J;626552;F;East Midlands Region;A Level or Equivalent;0;300;N;45.0;True;False;False;0.0;1.0;0.0;0.0;91.85350147741663;3.870824237673119;0
FFF;2014B;488758;M;North Region;A Level or Equivalent;1;60;N;35.0;True;False;False;0.0;0.08333333333333333;0.0;0.0;46.99444444444445;2.6263888888888887;0
FFF;2014B;630950;M;South Region;Lower Than A Level;0;60;N;85.0;True;False;False;0.0;0.0;0.0;0.0;0.0;0.0;1
DDD;2014J;2231512;M;South East Region;HE Qualification;0;60;N;95.0;False;True;False;0.0;1.0;1.0;100.0;166.18981146001076;1.550482317601883;0
FFF;2014J;439950;M;Ireland;Lower Than A Level;2;90;N;25.0;True;False;False;0.0;0.75;0.0;0.0;120.69474555616796;3.205976494769598;0
GGG;2013J;591819;F;East Anglian Region;Lower Than A Level;0;30;N;55.0;False;True;False;0.0;0.7931081264414598;0.0;0.0;5.228571428571429;1.7857142857142858;0
BBB;2013J;570157;F;North Western Region;A Level or Equivalent;0;60;N;85.0;False;True;False;0.0;1.0;0.0;0.0;127.17328945034075;2.1227267722780545;0
BBB;2014B;2524295;F;London Region;HE Qualification;0;60;N;55.0;False;True;False;0.0;0.6363636363636364;0.0;0.0;123.25;2.716666666666667;0
EEE;2013J;2588201;M;South Region;Lower Than A Level;0;60;N;35.0;True;False;False;0.0;1.0;0.0;0.0;102.0234687535251;4.354776789751159;0
FFF;2014J;650716;M;London Region;A Level or Equivalent;0;120;N;75.0;False;True;False;0.0;0.08333333333333333;0.0;0.0;31.705314009661834;2.738647342995169;0
DDD;2013B;549690;F;North Western Region;A Level or Equivalent;0;60;N;5.0;True;False;False;0.0;0.6923076923076923;1.0;62.0;99.6555428698286;1.8418153275296132;0
FFF;2013B;526549;M;South Region;A Level or Equivalent;1;180;N;75.0;True;False;False;0.0;0.9166666666666666;0.0;0.0;96.44834529396512;2.6527958940441705;0
FFF;2013J;132453;M;East Midlands Region;A Level or Equivalent;0;60;N;95.0;True;False;False;0.0;0.9166666666666666;0.0;0.0;96.30143088550956;2.970566398418815;0
EEE;2014B;599554;F;South Region;HE Qualification;0;60;N;75.0;False;True;False;0.0;1.0;0.0;0.0;110.11638958638342;4.4169965518086665;0
GGG;2013J;300508;F;East Midlands Region;Lower Than A Level;0;30;N;35.0;False;True;False;0.0;1.0;0.0;0.0;143.4495547812621;2.391308555942702;0
BBB;2014B;533527;F;East Anglian Region;Lower Than A Level;0;90;N;5.0;True;False;False;0.0;1.0;0.0;0.0;76.7020999468368;1.9833732057416267;0
BBB;2013B;515174;M;London Region;Lower Than A Level;1;120;N;15.0;False;True;False;0.0;0.0;0.0;0.0;0.0;0.0;1
AAA;2013J;240884;M;South Region;A Level or Equivalent;0;120;N;95.0;True;False;False;07.апр;1.0;0.0;0.0;103.60030525030525;2.335105056980057;0
EEE;2013J;581716;F;Ireland;Lower Than A Level;0;180;N;5.0;True;False;False;0.0;1.0;0.0;0.0;97.66699772972315;3.3865632963372323;0
BBB;2014J;2487573;F;South East Region;Lower Than A Level;0;150;N;95.0;False;True;False;0.0;0.8;0.0;0.0;102.9886346119823;3.069094562844563;0
GGG;2013J;596143;F;North Western Region;Lower Than A Level;0;30;N;25.0;True;False;False;0.0;1.0;0.0;0.0;167.37503720238095;4.5085565476190474;0
EEE;2014B;2388492;F;Scotland;Lower Than A Level;0;30;N;75.0;False;True;False;0.0;0.0;0.0;0.0;0.0;0.0;1
BBB;2013J;584342;F;West Midlands Region;Lower Than A Level;0;60;N;25.0;True;False;False;0.0;0.0;0.0;0.0;0.0;0.0;1
BBB;2014J;2497624;F;Scotland;Lower Than A Level;0;120;Y;65.0;False;True;False;0.0;1.0;0.0;0.0;87.62618343395876;2.877876917762388;0
DDD;2013J;548825;F;South West Region;Lower Than A Level;0;60;N;75.0;False;True;False;0.0;0.0;0.0;0.0;0.0;0.0;1
AAA;2014J;304465;F;West Midlands Region;A Level or Equivalent;0;60;N;55.0;True;False;False;0.0;1.0;0.0;0.0;105.15967341897316;3.585302301193057;0
EEE;2014B;613501;M;East Anglian Region;Lower Than A Level;0;60;N;75.0;True;False;False;0.0;0.75;0.0;0.0;107.82539627250488;4.09477842226233;0
AAA;2014J;402727;F;East Anglian Region;A Level or Equivalent;0;60;Y;65.0;True;False;False;0.0;1.0;0.0;0.0;80.05062407571724;2.2855422838031534;0
DDD;2013J;513954;F;South West Region;Lower Than A Level;1;60;N;95.0;True;False;False;0.0;0.5;0.0;0.0;38.059393939393935;2.0942424242424242;0
DDD;2014J;679427;M;East Anglian Region;Lower Than A Level;0;120;N;15.0;True;False;False;0.0;0.0;0.0;0.0;0.0;0.0;1
EEE;2013J;43564;M;Scotland;HE Qualification;0;60;N;85.0;False;True;False;0.0;1.0;0.0;0.0;95.4830728052885;3.906524061240926;0
FFF;2013J;497349;M;Scotland;A Level or Equivalent;1;60;Y;75.0;True;False;False;0.0;0.25;0.0;0.0;16.166666666666668;2.8055555555555554;0
CCC;2014J;561826;F;London Region;HE Qualification;0;30;N;5.0;True;False;False;0.0;1.0;1.0;84.0;76.31087500741016;2.002924337462165;0
CCC;2014B;581328;M;London Region;Lower Than A Level;0;90;N;15.0;True;False;False;0.0;0.0;0.0;0.0;0.0;0.0;1
FFF;2013J;607586;M;Yorkshire Region;A Level or Equivalent;0;60;N;35.0;True;False;False;0.0;0.16666666666666666;0.0;0.0;14.360602512241856;3.285905897381307;0
FFF;2014B;610778;M;East Midlands Region;A Level or Equivalent;1;120;N;45.0;True;False;False;0.0;0.0;0.0;0.0;0.0;0.0;1
FFF;2014J;625515;M;South East Region;Lower Than A Level;0;60;N;65.0;True;False;False;0.0;0.9166666666666666;0.0;0.0;99.6441956913406;4.572691274068606;0
FFF;2013B;547953;M;Ireland;A Level or Equivalent;0;60;N;47.115494568324756;True;False;False;0.0;0.4166666666666667;0.0;0.0;58.51176323456996;3.1834788536338694;0
BBB;2014J;677462;F;Scotland;A Level or Equivalent;0;120;N;5.0;False;True;False;0.0;1.0;0.0;0.0;152.34209784924073;1.7628753521610663;0
BBB;2014B;627509;F;Wales;A Level or Equivalent;0;120;N;35.0;True;False;False;0.0;1.0;0.0;0.0;67.81105241552156;2.7195548137585344;0
FFF;2013B;534037;M;East Anglian Region;Lower Than A Level;0;60;N;95.0;False;True;False;0.0;1.0;0.0;0.0;83.52136381004665;3.382581733436282;0
BBB;2014B;614561;F;South West Region;Lower Than A Level;0;60;N;45.0;True;False;False;0.0;0.0;0.0;0.0;0.0;0.0;1
BBB;2013J;598199;F;East Anglian Region;A Level or Equivalent;0;120;N;5.0;True;False;False;0.0;0.0;0.0;0.0;0.0;0.0;1
CCC;2014J;471810;M;South East Region;Lower Than A Level;0;90;N;65.0;False;True;False;0.0;0.0;0.0;0.0;0.0;0.0;1
CCC;2014J;382378;M;Scotland;A Level or Equivalent;1;120;N;55.0;True;False;False;0.0;0.0;0.0;0.0;0.0;0.0;1
CCC;2014B;628993;M;South Region;HE Qualification;0;60;N;75.0;True;False;False;0.0;0.0;0.0;0.0;0.0;0.0;1
BBB;2014B;627748;F;North Western Region;A Level or Equivalent;0;60;N;15.0;True;False;False;0.0;0.0;0.0;0.0;0.0;0.0;1
DDD;2013J;489209;F;East Midlands Region;A Level or Equivalent;0;60;N;95.0;False;True;False;0.0;0.8333333333333334;1.0;58.0;103.23382684139114;2.0477419111583646;0
GGG;2014J;648522;F;West Midlands Region;Lower Than A Level;0;30;N;15.0;True;False;False;0.0;0.8888888888888888;0.0;0.0;94.60594602157101;2.7560261325886324;0
DDD;2014B;523583;F;London Region;A Level or Equivalent;1;120;Y;25.0;False;True;False;0.0;0.3333333333333333;0.0;0.0;17.25;февр.25;0
CCC;2014J;598665;M;South Region;Lower Than A Level;0;30;N;95.0;False;True;False;0.0;0.75;1.0;100.0;121.94342616783634;2.64732806264113;0
BBB;2014J;647807;F;South West Region;Lower Than A Level;0;60;N;45.0;True;False;False;0.0;0.0;0.0;0.0;0.0;0.0;1
DDD;2014B;628386;M;South West Region;A Level or Equivalent;0;60;Y;65.0;True;False;False;0.0;1.0;1.0;44.0;112.64681869357631;1.7630558666108402;0
EEE;2013J;572279;M;East Anglian Region;Lower Than A Level;0;90;N;35.0;True;False;False;0.0;0.5;0.0;0.0;60.24754224270353;3.875832053251408;0
FFF;2014B;620473;M;East Anglian Region;A Level or Equivalent;0;60;Y;55.0;True;False;False;0.0;1.0;0.0;0.0;100.14906141518884;3.3627348765048786;0
CCC;2014J;592494;F;West Midlands Region;A Level or Equivalent;0;30;N;5.0;True;False;False;0.0;0.75;1.0;76.0;125.3835458007874;2.6657224753777613;0
FFF;2014J;607679;M;Wales;A Level or Equivalent;0;90;N;15.0;True;False;False;0.0;1.0;0.0;0.0;92.0231903732037;3.1123482734006207;0
BBB;2013J;385820;F;London Region;Lower Than A Level;0;120;Y;15.0;False;True;False;0.0;1.0;0.0;0.0;121.25340140396443;1.5750275066370008;0
EEE;2014B;574580;F;North Region;Lower Than A Level;1;150;Y;5.0;True;False;False;0.0;0.808768656716418;0.0;0.0;25.436111111111114;4.086375661375661;0
FFF;2014B;81216;M;South Region;Lower Than A Level;0;60;N;15.0;True;False;False;0.0;0.0;0.0;0.0;0.0;0.0;1
AAA;2013J;132976;F;East Anglian Region;Lower Than A Level;0;120;N;85.0;False;True;False;март.15;1.0;0.0;0.0;127.30988475177305;3.700576241134752;0
BBB;2013J;1934047;F;London Region;Lower Than A Level;0;90;N;65.0;True;False;False;0.0;0.0;0.0;0.0;0.0;0.0;1
FFF;2014J;408872;M;Wales;Lower Than A Level;0;60;Y;15.0;True;False;False;0.0;0.0;0.0;0.0;0.0;0.0;1
CCC;2014B;291805;F;Wales;HE Qualification;0;30;N;15.0;True;False;False;0.0;0.125;1.0;50.0;143.41800124448457;5.886420297206094;0
FFF;2014J;639993;M;East Anglian Region;A Level or Equivalent;0;60;Y;65.0;True;False;False;0.0;0.0;0.0;0.0;0.0;0.0;1
FFF;2013J;596231;M;North Western Region;A Level or Equivalent;0;90;N;15.0;True;False;False;0.0;0.0;0.0;0.0;0.0;0.0;1
BBB;2014B;608110;F;South West Region;A Level or Equivalent;0;60;N;25.0;True;False;False;0.0;0.8181818181818182;0.0;0.0;44.19822222222222;2.1026666666666665;0
GGG;2014J;677216;M;East Anglian Region;Lower Than A Level;0;30;N;55.0;True;False;False;0.0;0.7777777777777778;0.0;0.0;168.41995531350372;1.8870548806032676;0
FFF;2014J;674387;M;North Western Region;Lower Than A Level;0;60;N;35.0;False;True;False;0.0;1.0;0.0;0.0;110.5987804391768;2.861990249477027;0
CCC;2014J;437482;M;East Anglian Region;A Level or Equivalent;0;60;N;95.0;True;False;False;0.0;1.0;1.0;84.0;119.83231948383266;2.1465241677662297;0
FFF;2013J;2499949;M;Yorkshire Region;Lower Than A Level;0;210;N;5.0;True;False;False;0.0;0.0;0.0;0.0;0.0;0.0;1
GGG;2014B;575693;F;London Region;A Level or Equivalent;0;30;N;75.0;True;False;False;0.0;0.0;0.0;0.0;0.0;0.0;1
DDD;2013B;543845;M;Scotland;A Level or Equivalent;0;180;N;15.0;False;True;False;0.0;0.0;0.0;0.0;0.0;0.0;1
DDD;2014J;694384;F;South West Region;A Level or Equivalent;0;60;N;35.0;True;False;False;0.0;1.0;1.0;53.0;88.84927319412614;1.594657923775571;0
BBB;2013J;471434;F;London Region;A Level or Equivalent;0;60;N;15.0;False;True;False;0.0;0.0;0.0;0.0;0.0;0.0;1
BBB;2014J;675231;F;Scotland;A Level or Equivalent;0;60;N;95.0;True;False;False;0.0;1.0;0.0;0.0;72.33464984382707;2.5697787093356714;0
FFF;2014J;191504;M;Ireland;Lower Than A Level;0;90;N;15.0;True;False;False;0.0;0.0;0.0;0.0;0.0;0.0;1
DDD;2014B;617801;M;East Anglian Region;A Level or Equivalent;0;60;N;45.0;False;True;False;0.0;1.0;1.0;76.0;105.64676606606619;1.7983708393114817;0
CCC;2014J;566135;M;North Western Region;A Level or Equivalent;0;30;N;75.0;True;False;False;0.0;1.0;1.0;48.0;130.13903741287254;2.39643559679402;0
EEE;2014J;554459;M;North Western Region;A Level or Equivalent;1;60;N;45.0;True;False;False;0.0;0.75;0.0;0.0;72.35932835280661;2.1421933139324443;0
BBB;2013B;534373;F;West Midlands Region;A Level or Equivalent;0;60;N;45.0;True;False;False;0.0;1.0;0.0;0.0;125.89596147526633;1.9034097363330578;0
EEE;2013J;607600;M;South Region;Lower Than A Level;0;30;N;35.0;True;False;False;0.0;1.0;0.0;0.0;100.00378310107256;4.011806670805272;0
GGG;2014J;410043;F;London Region;Post Graduate Qualification;0;30;N;15.0;False;True;False;0.0;0.1111111111111111;0.0;0.0;40.35634118967452;2.2551627384960717;0
DDD;2013J;466880;F;South West Region;A Level or Equivalent;1;120;N;85.0;True;False;False;0.0;0.8333333333333334;1.0;71.0;64.37687846334835;2.042470325747434;0
DDD;2013B;382339;M;West Midlands Region;Lower Than A Level;1;120;Y;25.0;False;True;False;0.0;0.15384615384615385;0.0;0.0;5.0;1.0;0
BBB;2013B;518879;F;East Midlands Region;Lower Than A Level;0;60;Y;65.0;False;True;False;0.0;1.0;0.0;0.0;108.28494631486137;1.4758041898715046;0
DDD;2013J;445785;F;East Midlands Region;A Level or Equivalent;0;60;N;25.0;True;False;False;0.0;0.0;0.0;0.0;0.0;0.0;1
FFF;2014J;696082;M;South Region;A Level or Equivalent;0;60;N;47.115494568324756;True;False;False;0.0;1.0;0.0;0.0;112.21517433640976;3.550436227979663;0
BBB;2013J;410281;F;Ireland;A Level or Equivalent;1;180;N;65.0;False;True;False;0.0;0.6363636363636364;0.0;0.0;92.35968267717618;1.5141900312110566;0
FFF;2013J;541768;M;East Midlands Region;A Level or Equivalent;0;90;N;15.0;True;False;False;0.0;0.9166666666666666;0.0;0.0;92.32988430272471;2.953898266280002;0
CCC;2014J;560064;M;South West Region;Lower Than A Level;0;30;N;35.0;False;True;False;0.0;0.625;1.0;24.0;104.36474300677457;2.2948222904291486;0
FFF;2014J;688127;M;East Midlands Region;A Level or Equivalent;0;60;N;65.0;True;False;False;0.0;1.0;0.0;0.0;109.70751214615143;3.632965288058817;0
DDD;2014B;370865;M;East Anglian Region;HE Qualification;0;60;N;25.0;False;True;False;0.0;0.8333333333333334;1.0;40.0;96.05179306290418;2.250440917107584;0
FFF;2013J;484242;M;Wales;A Level or Equivalent;1;120;N;55.0;True;False;False;0.0;0.16666666666666666;0.0;0.0;19.97117117117117;1.2513513513513512;0
CCC;2014J;630541;M;North Western Region;Lower Than A Level;0;90;N;5.0;True;False;False;0.0;0.0;0.0;0.0;0.0;0.0;1
FFF;2013B;1896915;M;South Region;Lower Than A Level;0;60;N;15.0;False;True;False;0.0;0.7267809384877219;0.0;0.0;27.38832593688363;2.0802736686390535;0
DDD;2014B;624829;M;Scotland;Lower Than A Level;0;60;N;95.0;False;True;False;0.0;0.5;0.0;0.0;17.295440718732316;1.5803798811544991;0
FFF;2013B;546682;M;South Region;HE Qualification;0;60;N;85.0;True;False;False;0.0;1.0;0.0;0.0;97.36410521428618;3.431645858623903;0
GGG;2014J;637246;F;West Midlands Region;Lower Than A Level;0;60;N;15.0;True;False;False;0.0;0.0;0.0;0.0;0.0;0.0;1
CCC;2014B;1763378;M;Scotland;A Level or Equivalent;0;40;N;5.0;False;True;False;0.0;0.125;0.0;0.0;24.364176570458405;2.867430673457838;0
BBB;2014B;624350;F;East Midlands Region;Lower Than A Level;0;60;N;15.0;True;False;False;0.0;0.0;0.0;0.0;0.0;0.0;1
BBB;2013B;362760;F;Wales;A Level or Equivalent;0;180;N;15.0;True;False;False;0.0;0.8181818181818182;0.0;0.0;63.800242905242904;1.922202982202982;0
FFF;2014J;654732;F;London Region;Lower Than A Level;0;120;N;15.0;True;False;False;0.0;0.0;0.0;0.0;0.0;0.0;1
GGG;2014J;679409;F;East Midlands Region;A Level or Equivalent;0;30;N;5.0;True;False;False;0.0;1.0;0.0;0.0;105.72979797979798;1.7727272727272727;0
FFF;2013J;563430;F;London Region;Lower Than A Level;0;120;N;15.0;True;False;False;0.0;0.0;0.0;0.0;0.0;0.0;1
FFF;2013J;587934;F;North Western Region;A Level or Equivalent;0;90;Y;15.0;False;True;False;0.0;0.0;0.0;0.0;0.0;0.0;1
FFF;2014J;647171;M;London Region;Lower Than A Level;0;120;Y;15.0;True;False;False;0.0;0.08333333333333333;0.0;0.0;14.61701734957549;1.636766334440753;0
FFF;2013J;608422;M;North Region;A Level or Equivalent;0;90;N;47.115494568324756;False;True;False;0.0;1.0;0.0;0.0;105.84179907031053;5.142010421612672;0
DDD;2013J;596104;F;South West Region;Lower Than A Level;0;60;N;75.0;False;True;False;0.0;0.6666666666666666;1.0;51.0;70.97097544720145;1.7878990057561486;0
CCC;2014J;686268;M;South Region;A Level or Equivalent;0;120;N;85.0;True;False;False;0.0;0.875;1.0;54.0;151.5344134725746;2.6256730456244526;0
EEE;2014J;686058;F;North Region;Lower Than A Level;0;120;N;47.115494568324756;False;True;False;0.0;1.0;0.0;0.0;117.08483169421267;4.069961340975874;0
GGG;2013J;601892;M;North Western Region;Lower Than A Level;0;30;N;75.0;True;False;False;0.0;0.0;0.0;0.0;0.0;0.0;0
DDD;2014B;300592;M;West Midlands Region;A Level or Equivalent;0;90;N;5.0;True;False;False;0.0;1.0;1.0;36.0;119.1857005428434;1.8205095169380883;0
FFF;2014B;334224;M;North Western Region;Lower Than A Level;1;150;Y;5.0;True;False;False;0.0;0.0;0.0;0.0;0.0;0.0;1
BBB;2013J;607097;F;North Region;A Level or Equivalent;0;120;N;75.0;True;False;False;0.0;1.0;0.0;0.0;57.04722405654609;2.073771886201265;0
GGG;2014J;595041;F;North Western Region;A Level or Equivalent;1;30;N;25.0;True;False;False;0.0;0.0;0.0;0.0;0.0;0.0;1
FFF;2014J;649336;M;South West Region;A Level or Equivalent;0;60;N;45.0;True;False;False;0.0;0.0;0.0;0.0;0.0;0.0;1
DDD;2013J;2539092;M;Scotland;Lower Than A Level;1;60;N;15.0;True;False;False;0.0;0.6982071713147411;0.6420982735723771;41.732403718459494;0.17500000000000004;1.5416666666666667;0
BBB;2014J;687154;F;South Region;Lower Than A Level;0;60;N;25.0;True;False;False;0.0;0.0;0.0;0.0;0.0;0.0;1
DDD;2014J;447510;F;East Midlands Region;A Level or Equivalent;0;120;N;25.0;True;False;False;0.0;0.6666666666666666;1.0;53.0;78.33141523389982;1.2412374618998196;0
DDD;2014B;598179;F;Scotland;HE Qualification;0;60;N;55.0;True;False;False;0.0;0.3333333333333333;1.0;64.0;102.50185988373845;2.501292129755128;0
GGG;2014B;633643;F;East Midlands Region;A Level or Equivalent;0;30;N;85.0;False;True;False;0.0;0.7777777777777778;0.0;0.0;125.2260085978836;2.564546130952381;0
FFF;2014B;570264;M;East Midlands Region;Lower Than A Level;0;60;N;25.0;False;True;False;0.0;0.75;0.0;0.0;45.30359653457986;2.997255093284707;0
DDD;2013B;67602;M;Ireland;Lower Than A Level;1;60;N;35.0;True;False;False;0.0;0.7692307692307693;1.0;49.0;90.98841480904946;1.3709661364815642;0
DDD;2013B;550725;M;South West Region;A Level or Equivalent;0;60;N;15.0;True;False;False;0.0;1.0;1.0;82.0;80.70092861002344;1.549683201935357;0
GGG;2014J;688819;F;London Region;A Level or Equivalent;0;30;N;75.0;False;True;False;0.0;1.0;0.0;0.0;90.76527865371493;3.360251720659926;0
BBB;2014J;678144;F;London Region;Lower Than A Level;0;60;Y;15.0;False;True;False;0.0;0.4;0.0;0.0;26.301587301587304;2.158730158730159;0
FFF;2014J;2544766;M;South West Region;HE Qualification;0;60;N;95.0;False;True;False;0.0;1.0;0.0;0.0;133.92833254873855;2.7701607677630693;0
FFF;2014B;617638;M;Scotland;Lower Than A Level;0;60;N;35.0;True;False;False;0.0;0.0;0.0;0.0;0.0;0.0;1
DDD;2013B;536999;M;North Region;Lower Than A Level;0;60;Y;47.115494568324756;False;True;False;0.0;0.0;0.0;0.0;0.0;0.0;1
EEE;2013J;556836;M;East Anglian Region;A Level or Equivalent;0;150;N;85.0;True;False;False;0.0;0.0;0.0;0.0;0.0;0.0;1
FFF;2014J;677655;M;North Western Region;Lower Than A Level;0;60;N;45.0;False;True;False;0.0;1.0;0.0;0.0;95.73658875058622;3.4228548445628935;0
CCC;2014J;567597;F;East Anglian Region;A Level or Equivalent;0;90;Y;45.0;True;False;False;0.0;0.625;1.0;62.0;68.95541950113379;3.2496900982615267;0
CCC;2014J;543788;F;South Region;A Level or Equivalent;0;60;N;95.0;False;True;False;0.0;1.0;1.0;84.0;89.39250450878072;2.487099217800705;0
BBB;2014J;687578;F;London Region;Lower Than A Level;0;60;N;15.0;True;False;False;0.0;0.0;0.0;0.0;0.0;0.0;1
BBB;2013B;530483;F;East Midlands Region;A Level or Equivalent;0;60;N;35.0;True;False;False;0.0;0.0;0.0;0.0;0.0;0.0;1
BBB;2014J;648519;F;Wales;Lower Than A Level;0;180;N;85.0;False;True;False;0.0;0.0;0.0;0.0;0.0;0.0;1
FFF;2014B;612982;M;East Anglian Region;Lower Than A Level;0;60;N;35.0;True;False;False;0.0;1.0;0.0;0.0;95.45205007562151;3.2259904372776633;0
EEE;2014J;656815;M;Wales;Lower Than A Level;0;60;N;75.0;True;False;False;0.0;1.0;0.0;0.0;103.54287832587319;3.5339312529644156;0
FFF;2014B;618279;M;North Western Region;Lower Than A Level;0;90;N;5.0;True;False;False;0.0;0.08333333333333333;0.0;0.0;16.820084485407065;2.0736367127496163;0
FFF;2014J;2036893;M;Scotland;Lower Than A Level;0;60;Y;25.0;False;True;False;0.0;0.0;0.0;0.0;0.0;0.0;1
BBB;2014J;631248;M;London Region;Lower Than A Level;0;120;N;45.0;False;True;False;0.0;1.0;0.0;0.0;152.81729177940116;2.226952561327561;0
BBB;2014B;629103;F;East Anglian Region;A Level or Equivalent;0;60;N;85.0;True;False;False;0.0;0.9090909090909091;0.0;0.0;68.3138888888889;2.4409571909571905;0
FFF;2013B;542003;M;Ireland;Lower Than A Level;0;60;N;35.0;True;False;False;0.0;1.0;0.0;0.0;61.327736161657484;2.883022031120523;0
BBB;2013B;492590;F;North Western Region;Lower Than A Level;0;60;N;35.0;True;False;False;0.0;0.45454545454545453;0.0;0.0;43.76571354890321;1.7374113721527515;0
FFF;2013J;592689;M;East Anglian Region;HE Qualification;0;60;N;85.0;True;False;False;0.0;0.9166666666666666;0.0;0.0;98.27689411454902;3.8256572679880048;0
BBB;2014B;612082;F;Scotland;HE Qualification;0;60;N;55.0;True;False;False;0.0;1.0;0.0;0.0;128.45411501511822;1.5534919247345873;0
DDD;2014J;696826;M;South Region;Lower Than A Level;0;120;Y;95.0;True;False;False;0.0;0.8333333333333334;0.0;0.0;41.99742321170893;1.5529993815708103;0
DDD;2014B;2394090;F;West Midlands Region;A Level or Equivalent;0;90;N;35.0;True;False;False;0.0;1.0;1.0;96.0;121.79024291742493;1.3815840011483747;0
EEE;2014J;651156;M;Yorkshire Region;A Level or Equivalent;0;120;N;5.0;True;False;False;0.0;0.0;0.0;0.0;0.0;0.0;1
BBB;2013J;585693;F;South East Region;Lower Than A Level;0;60;N;55.0;False;True;False;0.0;1.0;0.0;0.0;148.75820093594515;1.6286760512386553;0
CCC;2014B;570872;F;London Region;A Level or Equivalent;0;90;Y;35.0;True;False;False;0.0;1.0;1.0;42.0;87.29195156695157;2.1687326176909507;0
FFF;2013J;595235;F;East Anglian Region;A Level or Equivalent;0;150;N;95.0;True;False;False;0.0;1.0;0.0;0.0;93.57498541013396;3.6079025862017047;0
BBB;2014J;689808;F;North Western Region;A Level or Equivalent;0;120;N;45.0;True;False;False;0.0;0.0;0.0;0.0;0.0;0.0;1
FFF;2014B;325089;M;West Midlands Region;Lower Than A Level;1;120;N;5.0;True;False;False;0.0;0.9166666666666666;0.0;0.0;95.49521947154197;3.4600984325084903;0
FFF;2014B;618280;M;East Anglian Region;A Level or Equivalent;0;60;N;35.0;False;True;False;0.0;1.0;0.0;0.0;97.61534261623385;3.208301372728369;0
DDD;2013J;610913;F;North Western Region;Lower Than A Level;0;60;N;5.0;True;False;False;0.0;0.0;0.0;0.0;0.0;0.0;1
DDD;2014J;2452111;M;South Region;Lower Than A Level;0;120;N;85.0;True;False;False;0.0;0.0;0.0;0.0;0.0;0.0;1
BBB;2014J;610437;F;North Western Region;Lower Than A Level;0;120;N;65.0;True;False;False;0.0;0.0;0.0;0.0;0.0;0.0;1
FFF;2014B;611581;M;South West Region;A Level or Equivalent;0;60;Y;15.0;True;False;False;0.0;0.0;0.0;0.0;0.0;0.0;1
BBB;2014B;604106;F;South West Region;Lower Than A Level;0;120;N;35.0;True;False;False;0.0;1.0;0.0;0.0;104.0970972479901;1.584724799010513;0
FFF;2014B;391114;M;South East Region;A Level or Equivalent;0;60;N;35.0;True;False;False;0.0;1.0;0.0;0.0;76.6630208120114;3.5558057680689195;0
FFF;2013B;180974;M;South West Region;A Level or Equivalent;0;120;N;45.0;False;True;False;0.0;0.0;0.0;0.0;0.0;0.0;1
CCC;2014B;575703;M;East Anglian Region;A Level or Equivalent;0;60;N;65.0;False;True;False;0.0;0.0;0.0;0.0;0.0;0.0;1
FFF;2013B;483117;F;East Anglian Region;Lower Than A Level;0;120;N;25.0;True;False;False;0.0;0.0;0.0;0.0;0.0;0.0;1
BBB;2014J;2629503;F;West Midlands Region;Lower Than A Level;1;240;Y;85.0;True;False;False;0.0;0.0;0.0;0.0;0.0;0.0;1
BBB;2014B;268301;M;Scotland;HE Qualification;0;75;N;65.0;False;True;False;0.0;1.0;0.0;0.0;111.07031720559;1.525809030084138;0
CCC;2014J;1561750;F;Scotland;Lower Than A Level;1;60;N;5.0;False;True;False;0.0;0.375;0.0;0.0;65.22880592389845;2.1475348314891645;0
AAA;2013J;564450;M;West Midlands Region;HE Qualification;0;120;N;85.0;True;False;False;64.0;1.0;0.0;0.0;116.27177419354838;2.696753515301902;0
BBB;2014J;611275;M;South Region;A Level or Equivalent;0;60;N;85.0;False;True;False;0.0;0.0;0.0;0.0;0.0;0.0;1
EEE;2014B;1894419;M;London Region;A Level or Equivalent;0;60;N;85.0;False;True;False;0.0;0.75;0.0;0.0;103.52250302958062;2.9193232612193816;0
GGG;2014B;627821;F;South Region;A Level or Equivalent;0;30;N;45.0;False;True;False;0.0;0.8888888888888888;0.0;0.0;111.14138154027043;2.4749265138154026;0
FFF;2013B;552987;M;South East Region;HE Qualification;0;60;N;15.0;False;True;False;0.0;1.0;0.0;0.0;92.71383704087738;3.5775117482431287;0
CCC;2014B;237934;M;Scotland;HE Qualification;0;60;N;85.0;True;False;False;0.0;0.25;0.0;0.0;30.600490196078432;2.5661764705882355;0
FFF;2013B;552284;M;East Anglian Region;A Level or Equivalent;0;60;N;85.0;True;False;False;0.0;0.0;0.0;0.0;0.0;0.0;1
FFF;2014J;2540871;M;North Western Region;Lower Than A Level;0;60;N;5.0;True;False;False;0.0;0.5;0.0;0.0;61.940138702334075;2.4893744155926587;0
FFF;2014J;654441;M;Yorkshire Region;A Level or Equivalent;0;60;N;65.0;True;False;False;0.0;0.8333333333333334;0.0;0.0;112.92356178984794;3.905222001383342;0
FFF;2013J;595119;M;London Region;A Level or Equivalent;0;60;N;15.0;True;False;False;0.0;0.0;0.0;0.0;0.0;0.0;1
BBB;2013B;542260;F;Wales;Lower Than A Level;0;60;Y;5.0;False;True;False;0.0;0.36363636363636365;0.0;0.0;34.42728937728938;1.9656078296703297;0
EEE;2014J;381185;M;Scotland;HE Qualification;0;120;N;85.0;False;True;False;0.0;1.0;0.0;0.0;91.6616524428835;4.687954679539609;0
FFF;2013J;101420;M;Yorkshire Region;Lower Than A Level;0;120;N;35.0;True;False;False;0.0;1.0;0.0;0.0;113.51727947994732;3.2155716609606455;0
BBB;2014J;685740;F;Yorkshire Region;Lower Than A Level;0;60;N;5.0;True;False;False;0.0;0.0;0.0;0.0;0.0;0.0;1
DDD;2014J;408344;F;Scotland;A Level or Equivalent;0;100;N;55.0;True;False;False;0.0;0.7706143424433542;0.665031534688157;42.11072179397337;17.833333333333332;3.6666666666666665;0
BBB;2014J;642122;F;Scotland;HE Qualification;0;60;N;25.0;False;True;False;0.0;1.0;0.0;0.0;51.483802216538784;14.905136402387042;0
DDD;2014B;625080;M;North Region;Post Graduate Qualification;0;60;N;47.115494568324756;False;True;False;0.0;0.0;0.0;0.0;0.0;0.0;1
BBB;2013J;556175;M;Wales;Lower Than A Level;1;60;N;15.0;False;True;False;0.0;0.9090909090909091;0.0;0.0;105.1125430550718;1.9261807087477587;0
FFF;2014J;474667;M;London Region;Lower Than A Level;1;60;N;65.0;True;False;False;0.0;1.0;0.0;0.0;120.2561219009891;4.913256984014781;0
BBB;2013J;382920;F;East Anglian Region;Lower Than A Level;0;60;N;55.0;True;False;False;0.0;1.0;0.0;0.0;114.90705837409915;1.8559741975739252;0
FFF;2013J;587685;M;South East Region;Lower Than A Level;0;60;N;75.0;True;False;False;0.0;1.0;0.0;0.0;92.72456655666787;3.4177161748727074;0
FFF;2014B;619118;M;Scotland;A Level or Equivalent;0;60;N;5.0;True;False;False;0.0;0.08333333333333333;0.0;0.0;9.50421888053467;2.840727766385661;0
FFF;2014J;648254;M;East Midlands Region;Lower Than A Level;0;60;N;5.0;True;False;False;0.0;1.0;0.0;0.0;112.87370193740685;4.52163942705746;0
FFF;2014J;157225;M;South East Region;A Level or Equivalent;0;150;N;65.0;False;True;False;0.0;0.0;0.0;0.0;0.0;0.0;1
CCC;2014J;587082;M;South West Region;Lower Than A Level;0;60;N;75.0;True;False;False;0.0;0.25;0.0;0.0;33.85200302343159;1.849962207105064;0
DDD;2013J;607498;F;North Region;A Level or Equivalent;0;90;N;47.115494568324756;True;False;False;0.0;1.0;1.0;51.0;84.83306254533014;1.5292612793488194;0
DDD;2013J;250456;F;East Anglian Region;A Level or Equivalent;0;150;N;85.0;True;False;False;0.0;0.0;0.0;0.0;0.0;0.0;1
FFF;2014B;626422;F;Yorkshire Region;HE Qualification;0;120;N;5.0;True;False;False;0.0;0.0;0.0;0.0;0.0;0.0;1
BBB;2014J;132055;F;East Anglian Region;HE Qualification;0;60;N;95.0;True;False;False;0.0;0.0;0.0;0.0;0.0;0.0;1
CCC;2014J;596845;M;East Anglian Region;A Level or Equivalent;0;60;N;95.0;True;False;False;0.0;1.0;1.0;76.0;139.95674087816946;3.6929863503843094;0
BBB;2014J;2464901;F;Yorkshire Region;A Level or Equivalent;0;120;Y;25.0;True;False;False;0.0;0.0;0.0;0.0;0.0;0.0;1
BBB;2013J;599640;F;South Region;Lower Than A Level;0;120;N;45.0;False;True;False;0.0;0.09090909090909091;0.0;0.0;5.636761904761905;1.9014285714285715;0
DDD;2013J;583438;F;London Region;A Level or Equivalent;0;300;N;95.0;True;False;False;0.0;0.0;0.0;0.0;0.0;0.0;1
DDD;2013B;414803;F;South West Region;A Level or Equivalent;1;120;N;75.0;True;False;False;0.0;0.6153846153846154;0.0;0.0;99.86040842757696;1.843249150072851;0
DDD;2013B;494806;M;Scotland;Lower Than A Level;0;90;N;95.0;False;True;False;0.0;0.6377753701697364;0.5652582159624413;31.854460093896712;6.545454545454546;1.1818181818181819;0
DDD;2014J;649880;M;East Midlands Region;A Level or Equivalent;0;60;N;5.0;True;False;False;0.0;0.6666666666666666;1.0;78.0;103.77581433535725;1.5035704738992628;0
DDD;2013B;2195445;F;North Western Region;HE Qualification;0;60;Y;5.0;True;False;False;0.0;0.9230769230769231;1.0;60.0;23.888998711809776;1.3189563227828427;0
BBB;2014J;697912;M;North Western Region;Lower Than A Level;0;120;N;85.0;False;True;False;0.0;0.2;0.0;0.0;-0.06349206349206347;3.1893424036281184;0
FFF;2013B;338089;M;East Anglian Region;Lower Than A Level;0;60;N;45.0;True;False;False;0.0;0.25;0.0;0.0;4.886689952363378;2.040458686753785;0
FFF;2014J;2298106;M;West Midlands Region;A Level or Equivalent;0;60;N;55.0;False;True;False;0.0;1.0;0.0;0.0;102.11425114092384;5.927960351734506;0
FFF;2013J;583381;M;North Region;A Level or Equivalent;0;60;N;15.0;True;False;False;0.0;1.0;0.0;0.0;114.18282691178037;3.1766149400469574;0
BBB;2013J;78255;F;North Region;Lower Than A Level;1;120;N;5.0;True;False;False;0.0;0.0;0.0;0.0;0.0;0.0;1
FFF;2013B;58549;M;North Region;A Level or Equivalent;0;120;N;47.115494568324756;True;False;False;0.0;1.0;0.0;0.0;84.49775131621986;3.2853996064469104;0
FFF;2013J;572816;M;East Midlands Region;Lower Than A Level;0;120;N;35.0;True;False;False;0.0;0.0;0.0;0.0;0.0;0.0;1
FFF;2014J;686498;M;North Region;HE Qualification;0;60;N;15.0;True;False;False;0.0;0.9166666666666666;0.0;0.0;114.00073581284943;3.3730374705575947;0
CCC;2014J;678395;M;East Midlands Region;A Level or Equivalent;0;120;N;95.0;True;False;False;0.0;0.5;1.0;98.0;36.593733052330876;3.6399348756474503;0
BBB;2013J;607861;F;South West Region;A Level or Equivalent;0;60;Y;5.0;True;False;False;0.0;0.0;0.0;0.0;0.0;0.0;1
CCC;2014B;569108;M;South East Region;A Level or Equivalent;0;30;Y;75.0;True;False;False;0.0;1.0;1.0;98.0;99.42309505875049;2.384950078768681;0
BBB;2014B;607529;F;Scotland;HE Qualification;0;60;N;55.0;True;False;False;0.0;1.0;0.0;0.0;105.41332036913126;1.689282926285268;0
FFF;2013J;593511;M;South Region;HE Qualification;0;60;N;75.0;True;False;False;0.0;0.0;0.0;0.0;0.0;0.0;1
BBB;2013B;434094;F;Wales;A Level or Equivalent;1;60;N;5.0;True;False;False;0.0;0.0;0.0;0.0;0.0;0.0;0
EEE;2014J;656553;M;North Western Region;A Level or Equivalent;0;60;N;5.0;True;False;False;0.0;0.75;0.0;0.0;79.62507472686045;7.372926544355116;0
FFF;2014J;642560;M;East Midlands Region;HE Qualification;0;60;N;65.0;True;False;False;0.0;0.0;0.0;0.0;0.0;0.0;1
DDD;2014J;511345;M;East Midlands Region;A Level or Equivalent;0;60;N;25.0;True;False;False;0.0;1.0;1.0;80.0;144.93704427429807;1.4832773109243698;0
CCC;2014J;590397;F;Ireland;A Level or Equivalent;0;60;N;47.115494568324756;True;False;False;0.0;1.0;1.0;82.0;142.13638991418733;2.5697610288664245;0
DDD;2014J;442549;M;Ireland;A Level or Equivalent;0;60;N;25.0;True;False;False;0.0;0.8333333333333334;0.0;0.0;63.88217043988321;1.835020894196426;0
DDD;2013B;552789;F;East Anglian Region;A Level or Equivalent;0;60;N;55.0;True;False;False;0.0;0.9230769230769231;1.0;49.0;123.28328582472521;1.8887880289503667;0
BBB;2014B;2437062;F;South Region;Lower Than A Level;0;60;N;75.0;False;True;False;0.0;0.0;0.0;0.0;0.0;0.0;1
FFF;2014B;601155;M;Wales;A Level or Equivalent;0;60;N;5.0;True;False;False;0.0;0.0;0.0;0.0;0.0;0.0;1
DDD;2013B;60135;F;West Midlands Region;A Level or Equivalent;0;60;N;47.115494568324756;True;False;False;0.0;0.6923076923076923;1.0;40.0;54.44717645044968;1.7866093182531428;0
DDD;2013J;487556;M;East Midlands Region;HE Qualification;0;60;N;95.0;True;False;False;0.0;0.0;0.0;0.0;0.0;0.0;1
EEE;2013J;407876;F;East Anglian Region;A Level or Equivalent;0;60;N;55.0;True;False;False;0.0;0.25;0.0;0.0;23.357738095238094;1.8830357142857144;0
BBB;2014J;700458;F;Wales;HE Qualification;0;60;N;25.0;True;False;False;0.0;0.2;0.0;0.0;54.24753416518122;1.6507978949155422;0
DDD;2013J;591202;F;East Midlands Region;A Level or Equivalent;0;120;N;15.0;True;False;False;0.0;0.6666666666666666;1.0;67.0;103.30459320574245;1.5631165880279638;0
EEE;2014J;674941;M;East Midlands Region;A Level or Equivalent;0;60;N;75.0;True;False;False;0.0;1.0;0.0;0.0;86.08379298171685;2.8406813477747734;0
FFF;2013J;395814;M;North Western Region;A Level or Equivalent;0;120;N;45.0;True;False;False;0.0;0.0;0.0;0.0;0.0;0.0;1
CCC;2014J;618590;M;South Region;A Level or Equivalent;1;60;Y;65.0;True;False;False;0.0;0.375;0.0;0.0;48.69;2.1066666666666665;0
DDD;2014B;625864;F;South East Region;Lower Than A Level;0;60;N;65.0;False;True;False;0.0;1.0;1.0;60.0;102.10198352803924;2.0604504732803854;0
FFF;2013B;544212;F;North Region;A Level or Equivalent;0;60;N;65.0;True;False;False;0.0;1.0;0.0;0.0;87.26094528697672;3.3025510245660725;0
FFF;2014J;674236;M;Wales;A Level or Equivalent;0;120;N;5.0;True;False;False;0.0;1.0;0.0;0.0;146.00087870395055;4.998947137906082;0
FFF;2013J;504700;M;South West Region;A Level or Equivalent;0;120;N;25.0;True;False;False;0.0;0.0;0.0;0.0;0.0;0.0;1
CCC;2014B;369908;M;Scotland;HE Qualification;0;60;N;75.0;False;True;False;0.0;0.0;0.0;0.0;0.0;0.0;1
FFF;2013J;567901;M;London Region;Lower Than A Level;0;135;N;15.0;True;False;False;0.0;1.0;0.0;0.0;78.43769770875684;3.4549111985405037;0
FFF;2014J;646539;F;Scotland;HE Qualification;0;90;N;5.0;True;False;False;0.0;0.9166666666666666;0.0;0.0;106.33703647673248;3.5258290141094144;0
EEE;2014J;572599;M;West Midlands Region;Lower Than A Level;0;60;Y;15.0;True;False;False;0.0;1.0;0.0;0.0;112.74410273744746;4.45626212482482;0
GGG;2013J;583623;F;South West Region;A Level or Equivalent;0;30;N;65.0;True;False;False;0.0;0.8888888888888888;0.0;0.0;134.32538325871658;2.6179724596391263;0
BBB;2013J;570271;F;South Region;A Level or Equivalent;0;120;N;95.0;True;False;False;0.0;1.0;0.0;0.0;112.78914780951722;1.8878566599644993;0
DDD;2013B;531888;F;East Anglian Region;Lower Than A Level;0;90;N;45.0;True;False;False;0.0;0.0;0.0;0.0;0.0;0.0;1
FFF;2014J;354713;M;North Region;A Level or Equivalent;0;60;N;35.0;True;False;False;0.0;0.7190721649484536;0.0;0.0;40.0;янв.25;0
BBB;2014B;634353;F;South Region;A Level or Equivalent;0;60;N;85.0;True;False;False;0.0;0.36363636363636365;0.0;0.0;39.36423992673993;1.9056776556776556;0
FFF;2013B;529762;F;South West Region;Lower Than A Level;0;60;N;25.0;True;False;False;0.0;1.0;0.0;0.0;86.49682245484055;4.416242065629564;0
EEE;2014J;2535666;M;West Midlands Region;Lower Than A Level;0;60;N;55.0;False;True;False;0.0;1.0;0.0;0.0;112.9282132378737;3.8737256572920393;0
BBB;2013B;361603;M;North Western Region;A Level or Equivalent;1;60;N;55.0;True;False;False;0.0;1.0;0.0;0.0;55.931752685964845;1.7779684932602908;0
BBB;2014B;555603;F;Wales;A Level or Equivalent;1;150;N;65.0;True;False;False;0.0;0.0;0.0;0.0;0.0;0.0;1
DDD;2014B;614217;M;South West Region;HE Qualification;0;60;N;65.0;False;True;False;0.0;0.0;0.0;0.0;0.0;0.0;1
BBB;2013J;602009;F;Wales;HE Qualification;0;60;N;55.0;True;False;False;0.0;1.0;0.0;0.0;122.28105339105339;2.0141357676140283;0
DDD;2014J;2328759;M;North Western Region;Lower Than A Level;0;60;N;55.0;False;True;False;0.0;0.0;0.0;0.0;0.0;0.0;1
CCC;2014B;571992;M;London Region;Lower Than A Level;0;120;N;15.0;True;False;False;0.0;0.0;0.0;0.0;0.0;0.0;1
FFF;2014J;348906;M;Scotland;Lower Than A Level;0;60;N;5.0;True;False;False;0.0;0.0;0.0;0.0;0.0;0.0;1
FFF;2014J;677081;M;South West Region;Lower Than A Level;0;240;N;5.0;True;False;False;0.0;0.0;0.0;0.0;0.0;0.0;1
GGG;2014B;2264282;F;East Midlands Region;Lower Than A Level;0;30;N;25.0;False;True;False;0.0;0.0;0.0;0.0;0.0;0.0;1
BBB;2013J;522446;F;Scotland;A Level or Equivalent;0;60;N;65.0;False;True;False;0.0;1.0;0.0;0.0;95.22067194868924;1.849543768945041;0
BBB;2014J;695516;F;East Anglian Region;Lower Than A Level;0;60;N;35.0;True;False;False;0.0;0.0;0.0;0.0;0.0;0.0;1
BBB;2014J;591159;M;South Region;Lower Than A Level;0;60;Y;85.0;True;False;False;0.0;0.0;0.0;0.0;0.0;0.0;1
FFF;2014B;2581654;M;North Western Region;A Level or Equivalent;0;120;N;55.0;False;True;False;0.0;0.9166666666666666;0.0;0.0;77.88848367985692;2.876826700946419;0
FFF;2013J;543763;M;East Midlands Region;A Level or Equivalent;0;60;N;45.0;True;False;False;0.0;1.0;0.0;0.0;87.57487002376709;3.355368018419489;0
BBB;2014J;644069;F;Scotland;A Level or Equivalent;0;60;N;35.0;True;False;False;0.0;0.8;0.0;0.0;54.302188552188554;2.354455667789001;0
FFF;2013B;516519;M;London Region;Lower Than A Level;1;150;Y;25.0;True;False;False;0.0;0.0;0.0;0.0;0.0;0.0;1
GGG;2014J;682481;F;East Anglian Region;Lower Than A Level;0;30;N;65.0;False;True;False;0.0;0.0;0.0;0.0;0.0;0.0;1
DDD;2013J;592189;M;Wales;HE Qualification;0;60;N;55.0;True;False;False;0.0;1.0;1.0;71.0;73.03348992035838;1.8344479356783363;0
BBB;2014J;501414;F;East Midlands Region;A Level or Equivalent;0;60;N;35.0;False;True;False;0.0;0.0;0.0;0.0;0.0;0.0;1
BBB;2013J;595791;M;East Anglian Region;A Level or Equivalent;0;120;N;95.0;False;True;False;0.0;0.0;0.0;0.0;0.0;0.0;1
DDD;2014J;625765;F;East Anglian Region;A Level or Equivalent;0;60;N;95.0;True;False;False;0.0;0.8333333333333334;1.0;42.0;68.11987983599238;1.8654934437543134;0
BBB;2014J;504066;F;East Midlands Region;Lower Than A Level;0;120;N;55.0;True;False;False;0.0;0.0;0.0;0.0;0.0;0.0;1
BBB;2014B;2444501;F;East Anglian Region;A Level or Equivalent;0;120;Y;65.0;False;True;False;0.0;0.0;0.0;0.0;0.0;0.0;1
BBB;2013J;610553;F;East Anglian Region;A Level or Equivalent;0;60;N;55.0;True;False;False;0.0;0.9090909090909091;0.0;0.0;44.50748411534702;2.2317806521435553;0
DDD;2014J;523817;M;South Region;A Level or Equivalent;0;90;N;95.0;True;False;False;0.0;0.0;0.0;0.0;0.0;0.0;1
GGG;2014J;689878;F;London Region;A Level or Equivalent;0;30;N;65.0;False;True;False;0.0;1.0;0.0;0.0;143.34295297829277;2.948374712203722;0
FFF;2013J;379070;M;Scotland;HE Qualification;0;60;N;5.0;True;False;False;0.0;1.0;0.0;0.0;126.74913353792442;4.747736359029225;0
GGG;2014J;2239862;M;North Western Region;Lower Than A Level;0;30;N;55.0;False;True;False;0.0;0.0;0.0;0.0;0.0;0.0;1
EEE;2014B;625541;M;Yorkshire Region;Lower Than A Level;0;30;N;25.0;True;False;False;0.0;1.0;0.0;0.0;93.68589021461304;4.010066747460909;0
BBB;2013J;532869;F;Yorkshire Region;Lower Than A Level;0;60;N;55.0;True;False;False;0.0;1.0;0.0;0.0;138.54966710541345;1.993842475755097;0
FFF;2013J;604184;M;East Midlands Region;A Level or Equivalent;0;120;N;15.0;True;False;False;0.0;0.9166666666666666;0.0;0.0;102.42062017083465;3.6227434296978958;0
BBB;2014B;626126;F;Yorkshire Region;A Level or Equivalent;0;60;N;45.0;True;False;False;0.0;0.9090909090909091;0.0;0.0;72.44198941490609;2.263574439963329;0
FFF;2014J;592295;M;South Region;Lower Than A Level;0;60;Y;95.0;True;False;False;0.0;1.0;0.0;0.0;135.12426456412524;4.030359269213759;0
DDD;2014J;626799;M;Scotland;Lower Than A Level;0;120;N;45.0;True;False;False;0.0;0.0;0.0;0.0;0.0;0.0;1
EEE;2013J;595244;M;East Midlands Region;A Level or Equivalent;0;90;N;45.0;False;True;False;0.0;1.0;0.0;0.0;97.268652128445;4.181172952693666;0
BBB;2013B;504936;F;East Anglian Region;Lower Than A Level;0;60;N;95.0;False;True;False;0.0;0.9090909090909091;0.0;0.0;107.41818394024276;1.757524120759415;0
EEE;2013J;554052;M;North Region;HE Qualification;0;30;N;5.0;True;False;False;0.0;1.0;0.0;0.0;94.20043035151895;3.804906486340874;0
BBB;2013B;550278;F;North Region;Lower Than A Level;0;60;N;15.0;False;True;False;0.0;0.0;0.0;0.0;0.0;0.0;1
BBB;2013J;596107;F;Wales;Lower Than A Level;0;60;N;25.0;True;False;False;0.0;0.8181818181818182;0.0;0.0;146.93682795698925;2.1995967741935485;0
FFF;2014B;587696;M;Wales;Lower Than A Level;1;120;N;35.0;True;False;False;0.0;0.0;0.0;0.0;14.63485344843906;2.13631092214347;0
DDD;2013J;572909;M;South East Region;A Level or Equivalent;0;120;N;55.0;True;False;False;0.0;0.16666666666666666;0.0;0.0;27.86842105263158;1.105263157894737;0
BBB;2013J;545247;F;West Midlands Region;Lower Than A Level;0;60;N;5.0;True;False;False;0.0;0.0;0.0;0.0;0.0;0.0;0
FFF;2014J;567213;M;South Region;A Level or Equivalent;1;60;N;95.0;False;True;False;0.0;0.0;0.0;0.0;0.0;0.0;1
FFF;2014J;692010;F;South East Region;A Level or Equivalent;0;120;N;95.0;False;True;False;0.0;1.0;0.0;0.0;98.3392630495342;2.776965132177792;0
FFF;2013B;541753;M;East Anglian Region;A Level or Equivalent;0;60;N;95.0;True;False;False;0.0;1.0;0.0;0.0;103.75417854213231;3.189640157342774;0
BBB;2013B;496070;F;London Region;A Level or Equivalent;0;60;N;55.0;True;False;False;0.0;1.0;0.0;0.0;102.90614504358692;1.706812661498708;0
DDD;2014B;490164;F;South East Region;Lower Than A Level;1;120;Y;95.0;True;False;False;0.0;0.6337579617834395;0.554140127388535;38.28768577494692;15.5875;янв.75;0
CCC;2014J;584077;M;North Western Region;A Level or Equivalent;1;90;N;25.0;True;False;False;0.0;0.0;0.0;0.0;0.0;0.0;1
BBB;2013J;185597;F;East Anglian Region;Lower Than A Level;0;90;N;85.0;True;False;False;0.0;0.0;0.0;0.0;0.0;0.0;1
CCC;2014J;2623427;M;Scotland;Lower Than A Level;0;60;N;15.0;False;True;False;0.0;0.375;0.0;0.0;40.22199921290831;2.396107932471569;0
DDD;2014J;569749;F;South Region;Lower Than A Level;0;90;N;65.0;True;False;False;0.0;0.0;0.0;0.0;0.0;0.0;1
FFF;2013J;592607;M;Scotland;HE Qualification;0;60;N;5.0;True;False;False;0.0;0.0;0.0;0.0;0.0;0.0;1
FFF;2014B;2256318;M;Yorkshire Region;A Level or Equivalent;1;120;Y;25.0;True;False;False;0.0;1.0;0.0;0.0;67.96436647684948;3.4407366324374986;0
FFF;2014B;580425;M;West Midlands Region;A Level or Equivalent;1;120;N;65.0;True;False;False;0.0;0.0;0.0;0.0;0.0;0.0;1
FFF;2013J;586259;M;Wales;A Level or Equivalent;0;60;N;85.0;True;False;False;0.0;0.16666666666666666;0.0;0.0;34.47279203331835;2.6762614973141288;0
BBB;2013J;444821;F;Yorkshire Region;A Level or Equivalent;0;60;N;45.0;True;False;False;0.0;1.0;0.0;0.0;86.72531890736659;2.0309006211180125;0
GGG;2014J;683336;F;East Midlands Region;A Level or Equivalent;0;30;N;95.0;True;False;False;0.0;1.0;0.0;0.0;62.091978051188576;3.820115819852662;0
CCC;2014J;614623;M;East Midlands Region;A Level or Equivalent;0;120;N;15.0;True;False;False;0.0;0.0;0.0;0.0;0.0;0.0;1
FFF;2013J;561865;M;Wales;HE Qualification;0;60;N;25.0;False;True;False;0.0;1.0;0.0;0.0;102.23003322581712;3.2701072063024776;0
DDD;2014J;46016;M;North Western Region;Lower Than A Level;0;60;N;45.0;True;False;False;0.0;0.0;0.0;0.0;0.0;0.0;1
BBB;2013B;532000;F;East Anglian Region;Lower Than A Level;1;120;N;85.0;True;False;False;0.0;0.0;0.0;0.0;0.0;0.0;1
GGG;2013J;548190;F;East Anglian Region;Lower Than A Level;0;30;N;95.0;False;True;False;0.0;1.0;0.0;0.0;119.47595463923051;2.86914985397744;0
FFF;2014B;629540;M;Wales;HE Qualification;0;60;N;5.0;False;True;False;0.0;1.0;0.0;0.0;103.2887726954757;3.1558500985220523;0
DDD;2013J;925553;M;London Region;HE Qualification;1;120;N;95.0;False;False;True;0.0;0.0;0.0;0.0;0.0;0.0;1
EEE;2014J;687367;F;London Region;Lower Than A Level;0;120;N;5.0;True;False;False;0.0;0.0;0.0;0.0;0.0;0.0;1
BBB;2013J;598562;M;East Anglian Region;Lower Than A Level;0;60;N;5.0;True;False;False;0.0;0.0;0.0;0.0;19.0;февр.25;0
GGG;2013J;596697;F;London Region;Lower Than A Level;0;30;N;35.0;False;True;False;0.0;0.8888888888888888;0.0;0.0;127.34807708420612;2.810884115884116;0
DDD;2013J;501203;M;South Region;Lower Than A Level;0;60;N;95.0;False;True;False;0.0;0.6666666666666666;0.0;0.0;66.84332667332667;2.0741000666000664;0
CCC;2014J;72609;F;Wales;Lower Than A Level;0;120;N;55.0;False;True;False;0.0;0.75;1.0;24.0;131.6920903404133;2.644237617575066;0
FFF;2014J;645529;F;South West Region;Lower Than A Level;0;120;N;15.0;True;False;False;0.0;0.0;0.0;0.0;0.0;0.0;1
FFF;2013B;2532323;M;East Anglian Region;A Level or Equivalent;1;150;N;45.0;False;True;False;0.0;1.0;0.0;0.0;100.3176762048137;4.666399796872261;0
BBB;2014B;634412;F;North Western Region;A Level or Equivalent;0;120;N;5.0;False;True;False;0.0;0.9090909090909091;0.0;0.0;82.95364873662758;1.8245585675194116;0
BBB;2013B;498455;F;Wales;Lower Than A Level;0;60;N;15.0;True;False;False;0.0;0.5454545454545454;0.0;0.0;61.39078571428571;1.5623333333333331;0
CCC;2014B;476937;M;South East Region;Lower Than A Level;0;60;N;65.0;False;True;False;0.0;0.5;0.0;0.0;71.6716472387416;2.6497998718544773;0
FFF;2013J;580358;M;London Region;HE Qualification;0;210;N;45.0;True;False;False;0.0;0.0;0.0;0.0;0.0;0.0;1
FFF;2013J;582494;M;West Midlands Region;Lower Than A Level;0;60;N;35.0;True;False;False;0.0;1.0;0.0;0.0;116.29785391953783;3.6970073197869873;0
CCC;2014J;557650;M;London Region;Lower Than A Level;0;30;N;35.0;False;True;False;0.0;1.0;1.0;66.0;108.12059563886635;2.015403588065966;0
FFF;2014J;687930;F;East Anglian Region;Lower Than A Level;0;60;N;95.0;False;True;False;0.0;1.0;0.0;0.0;119.07977760219806;2.4791888827965067;0
FFF;2013B;554372;M;South West Region;Lower Than A Level;0;60;N;75.0;True;False;False;0.0;1.0;0.0;0.0;74.48769098436368;2.919060943423708;0
FFF;2013B;370312;M;London Region;A Level or Equivalent;0;60;Y;65.0;True;False;False;0.0;1.0;0.0;0.0;74.6688298325028;4.070985858730957;0
DDD;2014B;627879;M;South West Region;A Level or Equivalent;0;60;N;65.0;True;False;False;0.0;0.8333333333333334;1.0;51.0;68.22070823200515;1.815236201222285;0
FFF;2013J;444856;M;South Region;Lower Than A Level;0;60;N;25.0;True;False;False;0.0;0.8333333333333334;0.0;0.0;107.30771151877528;5.184545238140494;0
DDD;2013B;515595;M;Scotland;A Level or Equivalent;1;180;N;5.0;False;True;False;0.0;0.8461538461538461;1.0;42.0;95.61566914979903;1.4432232862592325;0
FFF;2014B;242254;F;London Region;A Level or Equivalent;1;180;N;15.0;True;False;False;0.0;0.9166666666666666;0.0;0.0;99.44809245335561;3.614891395154553;0
BBB;2014B;2539641;M;London Region;Lower Than A Level;0;120;N;15.0;True;False;False;0.0;0.6363636363636364;0.0;0.0;50.997721928277485;1.569077013521458;0
DDD;2014B;631029;M;Scotland;A Level or Equivalent;0;60;N;95.0;True;False;False;0.0;0.6666666666666666;0.0;0.0;45.23388975231271;1.5139941252223228;0
BBB;2014B;2436707;M;South Region;A Level or Equivalent;0;60;N;15.0;True;False;False;0.0;0.09090909090909091;0.0;0.0;18.492207792207793;2.8902597402597405;0
BBB;2014J;638417;F;South West Region;A Level or Equivalent;0;120;N;35.0;True;False;False;0.0;0.0;0.0;0.0;0.0;0.0;1
FFF;2014B;604234;M;North Western Region;A Level or Equivalent;0;90;N;35.0;True;False;False;0.0;0.08333333333333333;0.0;0.0;13.74702380952381;2.047619047619048;0
DDD;2013J;585525;M;West Midlands Region;Lower Than A Level;0;120;Y;25.0;True;False;False;0.0;0.0;0.0;0.0;0.0;0.0;1
EEE;2014J;649310;M;Ireland;A Level or Equivalent;0;60;N;55.0;True;False;False;0.0;0.8505347593582888;0.0;0.0;23.июнь;01.июнь;0
CCC;2014J;649141;M;Ireland;A Level or Equivalent;0;90;N;75.0;False;True;False;0.0;0.0;0.0;0.0;0.0;0.0;1
BBB;2014J;675042;F;Yorkshire Region;No Formal quals;0;60;N;5.0;True;False;False;0.0;1.0;0.0;0.0;104.9719715956558;3.0917161199715566;0
FFF;2013J;43958;M;Wales;A Level or Equivalent;0;60;N;95.0;False;True;False;0.0;0.0;0.0;0.0;0.0;0.0;1
BBB;2013J;604917;F;Scotland;HE Qualification;0;60;N;65.0;False;True;False;0.0;1.0;0.0;0.0;103.69948840295866;2.101838016839333;0
DDD;2014B;624007;M;Scotland;A Level or Equivalent;0;60;N;35.0;True;False;False;0.0;1.0;1.0;73.0;76.2374824929972;1.6299167444755678;0
FFF;2013J;603575;M;South Region;Lower Than A Level;0;120;N;15.0;True;False;False;0.0;0.0;0.0;0.0;0.0;0.0;1
FFF;2013J;591057;M;North Region;Lower Than A Level;0;120;N;35.0;True;False;False;0.0;0.0;0.0;0.0;0.0;0.0;1
FFF;2014B;581598;M;South West Region;A Level or Equivalent;0;60;N;35.0;True;False;False;0.0;1.0;0.0;0.0;92.58821128629918;5.832674811073906;0
FFF;2013B;43273;M;East Midlands Region;HE Qualification;0;90;N;65.0;False;True;False;0.0;1.0;0.0;0.0;132.35477412780887;4.266127063283507;0
BBB;2014B;535506;M;Wales;A Level or Equivalent;1;120;N;45.0;True;False;False;0.0;0.8181818181818182;0.0;0.0;146.09487340145233;1.9793984648926883;0
DDD;2014J;623586;M;East Anglian Region;Lower Than A Level;0;120;N;95.0;False;True;False;0.0;0.0;0.0;0.0;0.0;0.0;1
BBB;2014J;691683;F;East Midlands Region;Lower Than A Level;0;60;N;15.0;False;True;False;0.0;1.0;0.0;0.0;103.24489364982664;4.087750738960716;0
FFF;2013B;548893;M;East Anglian Region;Lower Than A Level;0;60;Y;75.0;True;False;False;0.0;0.0;0.0;0.0;0.0;0.0;1
FFF;2014B;140108;M;London Region;No Formal quals;0;120;N;15.0;True;False;False;0.0;0.6897457158651188;0.0;0.0;-11.8375;1.93125;0
BBB;2014J;679967;F;Ireland;A Level or Equivalent;0;60;N;95.0;True;False;False;0.0;1.0;0.0;0.0;95.63315673744245;3.5960825946540234;0
CCC;2014J;440103;M;East Anglian Region;Lower Than A Level;0;60;N;85.0;True;False;False;0.0;0.625;1.0;34.0;170.09799836141445;3.0335697399527186;0
DDD;2013J;543648;F;South Region;A Level or Equivalent;0;120;Y;65.0;True;False;False;0.0;0.6666666666666666;1.0;40.0;112.6858172266476;1.4984448118497893;0
GGG;2014B;491607;F;South West Region;A Level or Equivalent;0;30;N;55.0;True;False;False;0.0;0.0;0.0;0.0;0.0;0.0;1
FFF;2013B;517195;M;London Region;Lower Than A Level;1;120;N;25.0;True;False;False;0.0;1.0;0.0;0.0;112.44334879372691;3.690140244215249;0
DDD;2013J;587641;M;South West Region;A Level or Equivalent;0;60;N;75.0;True;False;False;0.0;1.0;1.0;56.0;90.93123141062516;2.0159579273326975;0
EEE;2013J;575763;M;North Western Region;A Level or Equivalent;0;30;N;25.0;True;False;False;0.0;1.0;0.0;0.0;89.22898736037625;3.453699294532628;0
EEE;2014J;544071;M;South Region;Lower Than A Level;0;150;N;95.0;True;False;False;0.0;0.0;0.0;0.0;0.0;0.0;1
BBB;2014B;500279;F;East Anglian Region;A Level or Equivalent;1;120;N;65.0;False;True;False;0.0;0.09090909090909091;0.0;0.0;3.1015151515151516;1.8484848484848484;0
FFF;2014B;602854;M;West Midlands Region;Lower Than A Level;0;90;N;85.0;True;False;False;0.0;1.0;0.0;0.0;92.15272485711692;2.5830669622564515;0
EEE;2014B;625207;M;West Midlands Region;HE Qualification;0;60;N;5.0;True;False;False;0.0;0.0;0.0;0.0;0.0;0.0;1
FFF;2014J;654228;F;Scotland;Post Graduate Qualification;0;60;N;95.0;False;True;False;0.0;0.0;0.0;0.0;0.0;0.0;1
BBB;2013B;561138;F;West Midlands Region;A Level or Equivalent;0;60;N;75.0;False;True;False;0.0;1.0;0.0;0.0;91.49818697434976;2.038155348039069;0
BBB;2013B;432870;M;North Western Region;A Level or Equivalent;1;240;N;5.0;True;False;False;0.0;0.7272727272727273;0.0;0.0;125.42437413151995;1.6365558850328086;0
CCC;2014B;608643;M;North Region;HE Qualification;0;120;N;45.0;True;False;False;0.0;0.0;0.0;0.0;0.0;0.0;1
BBB;2013J;605327;F;Ireland;Lower Than A Level;0;60;N;5.0;True;False;False;0.0;0.36363636363636365;0.0;0.0;21.23122009569378;2.1414900888585096;0
BBB;2013J;566133;F;East Anglian Region;A Level or Equivalent;0;60;N;65.0;True;False;False;0.0;1.0;0.0;0.0;80.2054170428502;2.4787141210938;0
AAA;2014J;108872;M;London Region;HE Qualification;0;60;N;85.0;False;False;True;0.0;1.0;0.0;0.0;92.54953023661268;3.4446139971507814;0
DDD;2014J;695759;M;East Midlands Region;A Level or Equivalent;0;60;N;85.0;True;False;False;0.0;1.0;1.0;80.0;115.49474099530322;1.4428566560875407;0
DDD;2013J;589007;F;Yorkshire Region;A Level or Equivalent;0;60;N;25.0;True;False;False;0.0;0.0;0.0;0.0;0.0;0.0;1
DDD;2013J;607427;F;South West Region;Lower Than A Level;0;150;Y;55.0;True;False;False;0.0;0.0;0.0;0.0;0.0;0.0;1
AAA;2013J;2457256;M;South Region;Lower Than A Level;0;180;N;85.0;False;True;False;0.0;1.0;0.0;0.0;104.11807020840968;4.21464931941178;0
BBB;2014J;631640;M;Wales;A Level or Equivalent;0;60;N;35.0;False;True;False;0.0;0.8;0.0;0.0;75.79901021711368;4.958477011494253;0
BBB;2013B;479267;F;South Region;Lower Than A Level;1;120;Y;35.0;True;False;False;0.0;0.0;0.0;0.0;0.0;0.0;1
FFF;2013J;561867;F;Wales;A Level or Equivalent;0;60;N;55.0;False;True;False;0.0;1.0;0.0;0.0;121.60700098831514;4.100845582888791;0
GGG;2013J;602655;F;North Western Region;A Level or Equivalent;0;60;N;55.0;False;True;False;0.0;0.0;0.0;0.0;0.0;0.0;1
DDD;2014B;599789;F;Scotland;HE Qualification;0;60;N;55.0;True;False;False;0.0;0.8333333333333334;1.0;51.0;85.58440643223986;1.5543609360936095;0
BBB;2014B;615212;F;East Midlands Region;A Level or Equivalent;0;60;N;25.0;True;False;False;0.0;0.0;0.0;0.0;0.0;0.0;1
BBB;2013J;590923;F;North Western Region;Lower Than A Level;0;60;N;5.0;True;False;False;0.0;0.2727272727272727;0.0;0.0;25.51388888888889;1.7658730158730158;0
BBB;2013J;492153;F;East Anglian Region;A Level or Equivalent;0;120;Y;95.0;False;True;False;0.0;0.9090909090909091;0.0;0.0;115.37603054881896;1.9186428052148474;0
DDD;2013J;590828;F;South East Region;A Level or Equivalent;0;120;Y;25.0;True;False;False;0.0;0.0;0.0;0.0;0.0;0.0;1
FFF;2013J;2503063;M;East Midlands Region;A Level or Equivalent;0;90;N;15.0;True;False;False;0.0;0.9166666666666666;0.0;0.0;92.38932432795742;3.53965387907918;0
BBB;2013J;573654;F;West Midlands Region;A Level or Equivalent;0;60;N;85.0;True;False;False;0.0;1.0;0.0;0.0;95.61399892435607;2.278620559334845;0
DDD;2013J;273106;M;East Midlands Region;Lower Than A Level;1;60;N;45.0;True;False;False;0.0;0.6666666666666666;0.0;0.0;66.38789399643822;1.7424462259028592;0
AAA;2013J;195262;M;London Region;A Level or Equivalent;0;60;N;95.0;True;False;False;0.0;0.0;0.0;0.0;0.0;0.0;1
BBB;2013B;557803;M;North Region;Lower Than A Level;0;60;N;85.0;True;False;False;0.0;0.0;0.0;0.0;0.0;0.0;0
FFF;2014J;678619;F;Scotland;HE Qualification;0;60;N;85.0;True;False;False;0.0;0.0;0.0;0.0;0.0;0.0;1
BBB;2014J;32930;F;South Region;A Level or Equivalent;0;60;N;45.0;False;True;False;0.0;0.8;0.0;0.0;109.2795571095571;2.1965384615384616;0
FFF;2013B;160193;M;Yorkshire Region;A Level or Equivalent;2;120;N;35.0;True;False;False;0.0;0.0;0.0;0.0;0.0;0.0;1
EEE;2013J;611344;M;South Region;Lower Than A Level;0;60;N;75.0;False;True;False;0.0;1.0;0.0;0.0;100.87552134113302;3.738532221792368;0
BBB;2014J;694458;F;London Region;A Level or Equivalent;0;60;N;15.0;True;False;False;0.0;0.0;0.0;0.0;0.0;0.0;1
FFF;2014B;345455;M;North Region;Lower Than A Level;0;60;N;47.115494568324756;True;False;False;0.0;0.6897457158651188;0.0;0.0;87.0;1.0;0
DDD;2014J;2615956;F;Wales;A Level or Equivalent;0;90;N;55.0;True;False;False;0.0;0.8333333333333334;1.0;27.0;72.4639947089947;1.9703615520282187;0
CCC;2014J;649001;M;London Region;Lower Than A Level;0;60;N;25.0;False;True;False;0.0;0.0;0.0;0.0;0.0;0.0;1
FFF;2014J;649434;M;London Region;Lower Than A Level;0;120;N;5.0;True;False;False;0.0;1.0;0.0;0.0;82.9714733989933;4.213798399855269;0
DDD;2014J;595787;M;Wales;HE Qualification;0;60;N;25.0;True;False;False;0.0;0.0;0.0;0.0;0.0;0.0;1
FFF;2014J;675989;M;London Region;A Level or Equivalent;0;60;N;55.0;False;True;False;0.0;1.0;0.0;0.0;120.18564979071266;3.0563082890666977;0
CCC;2014J;675902;F;London Region;Lower Than A Level;0;60;N;25.0;True;False;False;0.0;0.625;1.0;78.0;152.74989177489175;3.1863997113997113;0
FFF;2013B;151465;M;East Midlands Region;A Level or Equivalent;0;60;N;65.0;False;True;False;0.0;1.0;0.0;0.0;89.3058749570864;4.064161455389786;0
FFF;2014B;2360071;M;London Region;HE Qualification;0;90;N;85.0;True;False;False;0.0;0.0;0.0;0.0;0.0;0.0;1
BBB;2013J;594057;M;East Midlands Region;HE Qualification;0;120;N;15.0;False;True;False;0.0;0.0;0.0;0.0;0.0;0.0;1
BBB;2014J;695941;F;London Region;No Formal quals;0;60;N;5.0;True;False;False;0.0;0.0;0.0;0.0;0.0;0.0;1
CCC;2014B;615031;F;South East Region;Lower Than A Level;0;60;N;75.0;True;False;False;0.0;0.5;1.0;68.0;83.27439967439967;3.00919025997151;0
FFF;2014B;627886;M;North Western Region;Lower Than A Level;0;60;N;65.0;True;False;False;0.0;1.0;0.0;0.0;84.99059058773352;4.680553179427589;0
FFF;2014B;362661;M;North Western Region;A Level or Equivalent;0;90;N;35.0;True;False;False;0.0;1.0;0.0;0.0;117.72168180081795;3.1938160098190584;0
BBB;2013J;578717;F;East Anglian Region;A Level or Equivalent;0;60;N;35.0;True;False;False;0.0;1.0;0.0;0.0;102.78989886924668;1.42698605742084;0
GGG;2014B;623919;F;Scotland;Lower Than A Level;0;30;N;55.0;False;True;False;0.0;1.0;0.0;0.0;144.8591575091575;3.6741611975986976;0
FFF;2014B;627026;M;Scotland;HE Qualification;0;60;N;25.0;True;False;False;0.0;0.0;0.0;0.0;0.0;0.0;1
AAA;2013J;1456619;M;South West Region;A Level or Equivalent;0;60;N;95.0;False;True;False;0.0;0.0;0.0;0.0;0.0;0.0;1
CCC;2014B;571025;M;East Anglian Region;No Formal quals;0;60;N;25.0;True;False;False;0.0;0.0;0.0;0.0;0.0;0.0;1
GGG;2014J;644904;F;North Western Region;A Level or Equivalent;0;30;N;65.0;False;True;False;0.0;1.0;0.0;0.0;119.26085853392911;2.380434243200266;0
BBB;2013B;536856;F;Wales;Lower Than A Level;0;60;N;25.0;True;False;False;0.0;0.45454545454545453;0.0;0.0;50.03619618981809;1.5408728620880325;0
FFF;2014J;513428;F;Wales;A Level or Equivalent;2;90;N;5.0;True;False;False;0.0;1.0;0.0;0.0;136.97631422315857;3.3255576108731764;0
CCC;2014B;1877732;M;West Midlands Region;HE Qualification;0;90;N;75.0;False;True;False;0.0;0.0;0.0;0.0;0.0;0.0;1
GGG;2013J;500720;F;South Region;HE Qualification;0;60;N;85.0;True;False;False;0.0;0.8888888888888888;0.0;0.0;167.46123456790124;4.258827160493827;0
BBB;2013J;573683;M;South Region;A Level or Equivalent;0;60;N;75.0;True;False;False;0.0;0.0;0.0;0.0;0.0;0.0;1
EEE;2013J;191000;M;Scotland;Post Graduate Qualification;0;60;N;85.0;True;False;False;0.0;0.0;0.0;0.0;0.0;0.0;1
FFF;2013J;581341;M;East Midlands Region;A Level or Equivalent;0;150;N;75.0;True;False;False;0.0;0.0;0.0;0.0;0.0;0.0;1
FFF;2014J;576140;F;North Region;Lower Than A Level;0;60;N;5.0;True;False;False;0.0;0.0;0.0;0.0;0.0;0.0;1
FFF;2013J;603341;M;North Region;Lower Than A Level;0;60;N;47.115494568324756;True;False;False;0.0;0.9166666666666666;0.0;0.0;93.36310107881536;2.5909413866556728;0
FFF;2013J;321486;F;West Midlands Region;A Level or Equivalent;0;60;Y;25.0;True;False;False;0.0;0.0;0.0;0.0;0.0;0.0;1
DDD;2013J;599649;M;East Midlands Region;HE Qualification;0;150;N;55.0;True;False;False;0.0;0.0;0.0;0.0;0.0;0.0;1
EEE;2014J;656929;F;London Region;A Level or Equivalent;0;210;N;15.0;True;False;False;0.0;0.5;0.0;0.0;66.57066115702479;2.428168044077135;0
EEE;2014J;693910;M;London Region;A Level or Equivalent;0;90;N;15.0;True;False;False;0.0;1.0;0.0;0.0;74.7887348378475;3.1238940040059444;0
CCC;2014J;554065;M;North Region;Lower Than A Level;0;90;N;47.115494568324756;False;True;False;0.0;1.0;1.0;100.0;87.83380731740344;2.48686997986478;0
CCC;2014J;371429;F;North Western Region;HE Qualification;0;60;N;85.0;False;True;False;0.0;0.0;0.0;0.0;0.0;0.0;1
FFF;2014J;2283708;M;North Region;A Level or Equivalent;0;90;N;25.0;True;False;False;0.0;0.0;0.0;0.0;0.0;0.0;1
FFF;2013B;490082;F;East Anglian Region;HE Qualification;0;60;N;75.0;True;False;False;0.0;1.0;0.0;0.0;94.1507547184102;2.4405751149883526;0
GGG;2013J;573331;F;West Midlands Region;A Level or Equivalent;0;30;N;75.0;False;True;False;0.0;0.8888888888888888;0.0;0.0;122.21310268317853;3.4658157157599887;0
FFF;2014J;654407;M;North Region;Lower Than A Level;0;150;N;5.0;True;False;False;0.0;0.0;0.0;0.0;0.0;0.0;1
AAA;2013J;2574583;M;Yorkshire Region;Lower Than A Level;0;60;N;75.0;False;True;False;0.0;1.0;0.0;0.0;83.7697186293941;5.26582240542577;0
EEE;2014J;581082;M;East Anglian Region;A Level or Equivalent;0;60;N;95.0;True;False;False;0.0;1.0;0.0;0.0;98.81170486715442;6.9367709964009725;0
FFF;2013B;437752;M;North Western Region;No Formal quals;0;90;N;35.0;True;False;False;0.0;0.0;0.0;0.0;0.0;0.0;1
GGG;2014J;645928;F;London Region;Lower Than A Level;0;30;N;55.0;False;True;False;0.0;1.0;0.0;0.0;117.31204649323844;3.1177958006905375;0
DDD;2013B;2209728;F;South Region;A Level or Equivalent;1;60;N;95.0;False;True;False;0.0;0.9230769230769231;1.0;44.0;79.45114898410252;1.6043562949577974;0
BBB;2013B;1937864;F;Scotland;A Level or Equivalent;1;120;N;55.0;False;True;False;0.0;1.0;0.0;0.0;116.2982142857143;1.9136904761904763;0
BBB;2013B;485568;F;South West Region;Lower Than A Level;0;180;N;35.0;True;False;False;0.0;0.7314562719968125;0.0;0.0;6.929838154269972;2.15495867768595;0
CCC;2014J;2598961;M;East Anglian Region;HE Qualification;0;30;N;25.0;True;False;False;0.0;1.0;1.0;96.0;117.90461714557988;2.1618305932395794;0
DDD;2013J;482083;F;South Region;Lower Than A Level;0;60;N;75.0;False;True;False;0.0;1.0;1.0;76.0;87.44438284257131;1.740520917097645;0
DDD;2013J;604281;F;London Region;HE Qualification;0;60;N;25.0;True;False;False;0.0;1.0;1.0;89.0;102.45998024489738;1.7463949256637503;0
BBB;2013J;566415;F;East Midlands Region;Lower Than A Level;0;60;N;95.0;True;False;False;0.0;0.6363636363636364;0.0;0.0;146.62628790646693;2.220295944464742;0
FFF;2014J;651608;F;East Anglian Region;A Level or Equivalent;0;120;N;65.0;False;True;False;0.0;0.0;0.0;0.0;0.0;0.0;1
GGG;2014J;692206;F;North Western Region;A Level or Equivalent;0;30;N;5.0;True;False;False;0.0;0.7777777777777778;0.0;0.0;70.37423821548822;2.163162578162578;0
BBB;2013J;598901;F;South East Region;A Level or Equivalent;0;120;Y;35.0;False;True;False;0.0;0.0;0.0;0.0;0.0;0.0;1
FFF;2013J;418007;F;South Region;HE Qualification;0;60;N;95.0;True;False;False;0.0;1.0;0.0;0.0;132.25837053675318;3.5673366152346087;0
CCC;2014B;608152;F;Scotland;HE Qualification;0;60;N;95.0;True;False;False;0.0;0.75;1.0;24.0;100.80190018315018;2.4469169719169717;0
BBB;2013J;607699;F;London Region;A Level or Equivalent;0;60;N;45.0;True;False;False;0.0;0.6363636363636364;0.0;0.0;63.72394755003451;1.6010826432022083;0
CCC;2014J;689004;M;London Region;HE Qualification;0;90;N;35.0;False;True;False;0.0;1.0;1.0;88.0;89.01997325813839;2.8768447016583485;0
FFF;2014B;593206;M;East Anglian Region;Lower Than A Level;1;180;N;65.0;True;False;False;0.0;0.0;0.0;0.0;0.0;0.0;1
BBB;2014B;630333;F;East Anglian Region;A Level or Equivalent;0;60;N;35.0;True;False;False;0.0;0.9090909090909091;0.0;0.0;43.88978288633461;2.00801404853129;0
BBB;2013J;434397;F;West Midlands Region;A Level or Equivalent;0;120;N;35.0;True;False;False;0.0;0.9090909090909091;0.0;0.0;83.14628814488759;2.051604901219747;0
FFF;2014J;646085;F;Yorkshire Region;A Level or Equivalent;0;60;N;65.0;False;True;False;0.0;1.0;0.0;0.0;94.06197784171304;3.199904937426339;0
FFF;2014B;613255;M;South East Region;Lower Than A Level;0;60;N;95.0;False;True;False;0.0;1.0;0.0;0.0;107.31983131542968;4.134604034937656;0
DDD;2013B;497475;M;North Western Region;Lower Than A Level;0;60;N;75.0;False;True;False;0.0;0.0;0.0;0.0;0.0;0.0;1
DDD;2014B;603690;F;South Region;Lower Than A Level;0;120;N;45.0;True;False;False;0.0;0.8333333333333334;1.0;69.0;105.53527375023728;1.4775191450954965;0
EEE;2014B;565838;M;East Midlands Region;A Level or Equivalent;0;60;N;55.0;True;False;False;0.0;0.25;0.0;0.0;4.137287528647823;3.4692386045327224;0
FFF;2013J;602948;M;South Region;A Level or Equivalent;0;90;N;75.0;False;True;False;0.0;1.0;0.0;0.0;105.12882290294026;3.373229738402216;0
FFF;2013B;523841;M;Yorkshire Region;A Level or Equivalent;0;120;N;85.0;True;False;False;0.0;0.08333333333333333;0.0;0.0;49.35228835978835;2.6119179894179894;0
CCC;2014J;522754;M;South West Region;A Level or Equivalent;0;60;Y;5.0;True;False;False;0.0;0.75;1.0;52.0;94.79498344792462;2.5780239368474662;0
CCC;2014J;655498;F;South West Region;A Level or Equivalent;0;120;N;55.0;True;False;False;0.0;1.0;1.0;80.0;141.78026382698363;2.778078223256983;0
BBB;2013J;577449;M;Ireland;Lower Than A Level;0;60;N;65.0;True;False;False;0.0;0.0;0.0;0.0;0.0;0.0;1
BBB;2014J;515349;F;Yorkshire Region;HE Qualification;0;120;N;45.0;False;True;False;0.0;1.0;0.0;0.0;108.6867627401838;2.7658897243107767;0
BBB;2013B;476457;F;North Region;Lower Than A Level;1;120;N;25.0;True;False;False;0.0;0.0;0.0;0.0;0.0;0.0;1
FFF;2014J;676610;M;North Region;A Level or Equivalent;0;120;N;47.115494568324756;True;False;False;0.0;1.0;0.0;0.0;113.1777271186864;3.456620091161608;0
BBB;2013B;544455;F;North Western Region;Lower Than A Level;0;60;N;5.0;True;False;False;0.0;0.9090909090909091;0.0;0.0;87.12716773007307;1.5394869400861164;0
EEE;2014B;634744;M;Scotland;HE Qualification;0;60;N;47.115494568324756;True;False;False;0.0;0.25;0.0;0.0;32.110573476702506;4.886618174151381;0
EEE;2014J;653090;M;Scotland;Lower Than A Level;0;60;N;45.0;False;True;False;0.0;0.0;0.0;0.0;0.0;0.0;0
DDD;2013J;160178;M;East Anglian Region;A Level or Equivalent;0;60;N;55.0;True;False;False;0.0;0.0;0.0;0.0;0.0;0.0;1
FFF;2013J;184720;M;Wales;Lower Than A Level;2;90;N;15.0;True;False;False;0.0;0.0;0.0;0.0;0.0;0.0;1
EEE;2014J;683728;M;North Region;A Level or Equivalent;0;60;N;45.0;False;True;False;0.0;1.0;0.0;0.0;105.03957637562266;3.568104163060769;0
BBB;2013B;2375144;F;East Anglian Region;Lower Than A Level;0;90;N;45.0;True;False;False;0.0;0.0;0.0;0.0;0.0;0.0;1
BBB;2014B;630134;F;East Anglian Region;Lower Than A Level;0;60;N;85.0;True;False;False;0.0;0.0;0.0;0.0;0.0;0.0;1
EEE;2014B;2295254;M;North Western Region;HE Qualification;0;30;N;15.0;False;True;False;0.0;0.0;0.0;0.0;0.0;0.0;1
FFF;2013B;550961;M;London Region;A Level or Equivalent;0;90;N;35.0;True;False;False;0.0;0.3333333333333333;0.0;0.0;51.66321997321997;2.040905580905581;0
BBB;2013J;582443;F;Yorkshire Region;A Level or Equivalent;0;60;N;75.0;True;False;False;0.0;0.0;0.0;0.0;0.0;0.0;1
DDD;2014J;584038;M;London Region;Lower Than A Level;0;120;N;25.0;False;True;False;0.0;0.0;0.0;0.0;0.0;0.0;1
EEE;2014J;600267;M;Scotland;A Level or Equivalent;0;90;Y;15.0;True;False;False;0.0;0.0;0.0;0.0;0.0;0.0;1
FFF;2013J;603437;M;London Region;Lower Than A Level;0;120;N;25.0;True;False;False;0.0;1.0;0.0;0.0;113.72633098373859;3.684397416195843;0
DDD;2014J;675699;F;Scotland;A Level or Equivalent;0;60;N;35.0;True;False;False;0.0;0.16666666666666666;0.0;0.0;61.0090237348858;1.9455217196596508;0
BBB;2014J;509935;F;Yorkshire Region;Lower Than A Level;1;60;N;45.0;True;False;False;0.0;1.0;0.0;0.0;86.02464047175735;2.7804926497650957;0
BBB;2013J;565518;F;South West Region;Lower Than A Level;0;330;N;95.0;False;True;False;0.0;0.0;0.0;0.0;0.0;0.0;1
FFF;2013J;184925;M;East Midlands Region;Lower Than A Level;0;60;N;15.0;False;True;False;0.0;0.0;0.0;0.0;0.0;0.0;1
EEE;2014J;647083;M;Yorkshire Region;A Level or Equivalent;0;180;N;15.0;True;False;False;0.0;0.5;0.0;0.0;65.47318601495357;4.079615327950679;0
BBB;2014J;648778;F;Scotland;A Level or Equivalent;0;60;N;85.0;True;False;False;0.0;1.0;0.0;0.0;98.58443271525768;2.9148512504297455;0
GGG;2014J;674467;M;West Midlands Region;A Level or Equivalent;0;30;Y;45.0;True;False;False;0.0;0.0;0.0;0.0;0.0;0.0;1
EEE;2014B;359460;F;South East Region;A Level or Equivalent;0;90;Y;65.0;True;False;False;0.0;0.0;0.0;0.0;0.0;0.0;1
EEE;2014B;629765;M;London Region;Lower Than A Level;0;30;N;15.0;False;True;False;0.0;0.0;0.0;0.0;0.0;0.0;1
FFF;2013B;479922;M;Yorkshire Region;A Level or Equivalent;1;180;N;25.0;True;False;False;0.0;1.0;0.0;0.0;97.83190900106915;5.131885312172436;0
DDD;2014J;146943;F;North Western Region;Lower Than A Level;0;120;Y;35.0;False;True;False;0.0;0.0;0.0;0.0;0.0;0.0;1
EEE;2014J;675442;M;North Region;Lower Than A Level;0;60;N;25.0;True;False;False;0.0;0.25;0.0;0.0;23.2875;3.223148148148148;0
BBB;2014J;678661;F;South Region;Lower Than A Level;0;60;N;45.0;True;False;False;0.0;1.0;0.0;0.0;88.97289430325145;2.943666999024142;0
FFF;2014J;682025;F;South East Region;Lower Than A Level;0;240;Y;25.0;True;False;False;0.0;0.0;0.0;0.0;0.0;0.0;1
FFF;2014J;579221;F;Scotland;Lower Than A Level;0;60;Y;35.0;True;False;False;0.0;0.0;0.0;0.0;0.0;0.0;1
CCC;2014B;1930146;M;West Midlands Region;A Level or Equivalent;0;45;N;45.0;False;True;False;0.0;0.375;1.0;42.0;101.28358527921449;3.354368287202182;0
FFF;2013B;545485;M;South Region;A Level or Equivalent;0;90;N;55.0;True;False;False;0.0;0.0;0.0;0.0;0.0;0.0;1
FFF;2013J;562448;F;East Midlands Region;Lower Than A Level;0;90;N;5.0;False;True;False;0.0;0.9166666666666666;0.0;0.0;101.25979617222478;3.4972027719123715;0
CCC;2014B;630211;M;Ireland;HE Qualification;0;30;N;47.115494568324756;False;True;False;0.0;1.0;1.0;82.0;102.42616850259392;3.1775425358718694;0
BBB;2014B;635788;F;Wales;A Level or Equivalent;0;60;N;25.0;False;True;False;0.0;0.9090909090909091;0.0;0.0;129.23759065054276;1.6391299388855598;0
FFF;2013B;355143;M;North Western Region;A Level or Equivalent;1;150;N;75.0;False;True;False;0.0;0.9166666666666666;0.0;0.0;114.603195586724;4.315199213257737;0
FFF;2014J;650473;M;West Midlands Region;A Level or Equivalent;0;60;N;5.0;True;False;False;0.0;1.0;0.0;0.0;104.13791235911835;3.0427009461526247;0
CCC;2014B;514000;M;East Midlands Region;A Level or Equivalent;0;30;N;15.0;True;False;False;0.0;0.125;0.0;0.0;33.315;3.712777777777778;0
BBB;2014J;476769;F;South East Region;A Level or Equivalent;0;60;N;75.0;True;False;False;0.0;1.0;0.0;0.0;128.574882629108;2.023513302034429;0
CCC;2014B;363906;M;North Western Region;HE Qualification;0;30;N;5.0;False;True;False;0.0;1.0;1.0;34.0;81.28320551017171;2.4766163719451346;0
BBB;2014J;648760;F;East Midlands Region;Lower Than A Level;0;120;N;85.0;True;False;False;0.0;0.8;0.0;0.0;61.81144405130474;3.9041867704019406;0
FFF;2013J;537328;M;Wales;A Level or Equivalent;0;120;N;85.0;True;False;False;0.0;0.9166666666666666;0.0;0.0;89.33531842528217;2.8307752859025648;0
DDD;2013J;516343;M;East Midlands Region;Lower Than A Level;1;60;N;55.0;True;False;False;0.0;0.5;0.0;0.0;66.38789399643822;1.7424462259028592;0
BBB;2013J;535833;F;South West Region;Lower Than A Level;0;60;N;25.0;True;False;False;0.0;1.0;0.0;0.0;142.21046365914788;2.3255169172932333;0
BBB;2013B;549196;F;South Region;A Level or Equivalent;0;120;N;5.0;True;False;False;0.0;0.9090909090909091;0.0;0.0;105.50565820519768;1.4429111348190296;0
DDD;2014J;276935;F;South Region;Lower Than A Level;0;60;N;95.0;False;True;False;0.0;1.0;1.0;84.0;122.24530762073833;2.383556333891623;0
DDD;2013B;540592;F;Wales;A Level or Equivalent;0;60;N;55.0;True;False;False;0.0;0.8461538461538461;1.0;33.0;36.67446692143376;1.598949305296367;0
GGG;2014J;648257;M;North Western Region;Lower Than A Level;0;30;N;65.0;True;False;False;0.0;0.0;0.0;0.0;0.0;0.0;1
DDD;2014J;687384;M;North Region;Lower Than A Level;0;60;N;47.115494568324756;True;False;False;0.0;0.0;0.0;0.0;0.0;0.0;1
BBB;2014J;636064;F;South Region;HE Qualification;0;60;N;65.0;True;False;False;0.0;0.0;0.0;0.0;0.0;0.0;1
FFF;2014B;545119;M;South Region;Lower Than A Level;2;150;Y;95.0;False;True;False;0.0;0.8333333333333334;0.0;0.0;85.42841657059441;4.321256362184401;0
GGG;2014B;380238;F;South Region;Lower Than A Level;0;30;Y;85.0;True;False;False;0.0;0.7777777777777778;0.0;0.0;157.27437641723355;3.246031746031746;0
FFF;2014B;447036;M;East Anglian Region;Lower Than A Level;3;150;N;85.0;True;False;False;0.0;0.0;0.0;0.0;0.0;0.0;1
BBB;2013J;592815;F;West Midlands Region;No Formal quals;0;60;N;5.0;True;False;False;0.0;0.0;0.0;0.0;0.0;0.0;1
BBB;2014J;423613;F;West Midlands Region;HE Qualification;0;120;Y;25.0;True;False;False;0.0;0.0;0.0;0.0;0.0;0.0;1
FFF;2014B;244961;F;East Midlands Region;A Level or Equivalent;0;60;N;55.0;True;False;False;0.0;1.0;0.0;0.0;74.77110555042559;2.847528131263602;0
BBB;2014J;697514;F;East Anglian Region;Lower Than A Level;0;60;N;35.0;True;False;False;0.0;0.0;0.0;0.0;0.0;0.0;1
FFF;2014J;503684;M;East Anglian Region;Lower Than A Level;1;180;N;45.0;False;True;False;0.0;0.0;0.0;0.0;0.0;0.0;1
FFF;2013B;254463;F;North Western Region;A Level or Equivalent;0;60;N;35.0;True;False;False;0.0;1.0;0.0;0.0;84.59763609864416;3.308456849764853;0
CCC;2014J;549922;M;South East Region;A Level or Equivalent;0;120;N;85.0;True;False;False;0.0;0.0;0.0;0.0;0.0;0.0;1
GGG;2014B;615283;F;North Western Region;No Formal quals;0;30;N;5.0;True;False;False;0.0;0.6666666666666666;0.0;0.0;123.23782870184962;4.31934553792892;0
DDD;2013B;284734;M;Yorkshire Region;HE Qualification;1;90;N;45.0;True;False;False;0.0;0.0;0.0;0.0;13.101851851851853;1.2438271604938271;0
FFF;2013B;537394;M;Yorkshire Region;A Level or Equivalent;0;60;N;75.0;True;False;False;0.0;0.0;0.0;0.0;0.0;0.0;1
BBB;2014J;694490;F;Ireland;A Level or Equivalent;0;60;N;55.0;False;True;False;0.0;0.8;0.0;0.0;83.33906349206349;3.324063492063492;0
BBB;2014B;607487;F;East Anglian Region;No Formal quals;0;60;N;25.0;True;False;False;0.0;0.0;0.0;0.0;0.0;0.0;1
DDD;2014J;96874;F;South East Region;Lower Than A Level;0;90;N;65.0;True;False;False;0.0;0.16666666666666666;0.0;0.0;37.34469696969697;1.2720588235294117;0
FFF;2013J;599805;M;South Region;A Level or Equivalent;0;180;N;45.0;True;False;False;0.0;0.0;0.0;0.0;0.0;0.0;1
EEE;2013J;590877;M;South East Region;Lower Than A Level;0;60;N;45.0;True;False;False;0.0;1.0;0.0;0.0;85.13444177942917;3.225769527013704;0
CCC;2014J;499420;M;West Midlands Region;A Level or Equivalent;0;60;N;65.0;True;False;False;0.0;0.5;1.0;90.0;111.60192458256414;2.950481199713816;0
FFF;2014J;695369;F;North Western Region;Lower Than A Level;0;120;N;5.0;True;False;False;0.0;0.0;0.0;0.0;0.0;0.0;1
CCC;2014B;575166;M;East Anglian Region;A Level or Equivalent;0;60;N;25.0;True;False;False;0.0;0.0;0.0;0.0;0.0;0.0;1
DDD;2013J;315082;M;West Midlands Region;A Level or Equivalent;0;60;N;55.0;True;False;False;0.0;0.6982071713147411;0.6420982735723771;41.732403718459494;0.29166666666666674;1.53125;0
GGG;2014B;617886;F;London Region;Lower Than A Level;0;30;N;25.0;True;False;False;0.0;1.0;0.0;0.0;127.11260278355462;2.5499989335039728;0
GGG;2014B;593965;F;West Midlands Region;A Level or Equivalent;0;30;N;75.0;True;False;False;0.0;1.0;0.0;0.0;109.87671729628885;2.9696887788219333;0
FFF;2013B;551492;M;North Western Region;Lower Than A Level;0;90;N;5.0;True;False;False;0.0;0.0;0.0;0.0;0.0;0.0;1
BBB;2013B;546455;M;Wales;A Level or Equivalent;0;60;N;45.0;False;True;False;0.0;0.7314562719968125;0.0;0.0;20.476190476190474;2.380952380952381;0
DDD;2014J;570863;F;East Anglian Region;A Level or Equivalent;0;60;N;35.0;True;False;False;0.0;1.0;1.0;53.0;113.86546888983743;1.3867200254829593;0
FFF;2013J;570428;M;North Western Region;A Level or Equivalent;0;120;N;25.0;True;False;False;0.0;1.0;0.0;0.0;94.23338342144932;3.242547848212348;0
FFF;2014J;1424608;M;South Region;A Level or Equivalent;0;60;N;95.0;False;True;False;0.0;0.0;0.0;0.0;0.0;0.0;1
BBB;2013J;475682;F;Yorkshire Region;Lower Than A Level;1;60;N;5.0;True;False;False;0.0;0.0;0.0;0.0;0.0;0.0;1
DDD;2013B;307932;M;Scotland;HE Qualification;0;120;N;95.0;True;False;False;0.0;0.0;0.0;0.0;0.0;0.0;1
BBB;2013J;582305;M;Wales;Lower Than A Level;0;120;N;95.0;True;False;False;0.0;1.0;0.0;0.0;80.52620345308597;2.388161879672781;0
CCC;2014B;204725;M;South Region;A Level or Equivalent;0;30;N;95.0;True;False;False;0.0;0.625;1.0;70.0;93.10953245865547;2.517735013137462;0
GGG;2014B;583101;F;North Western Region;A Level or Equivalent;0;150;N;15.0;False;True;False;0.0;0.1111111111111111;0.0;0.0;71.16285714285715;1.951904761904762;0
DDD;2014J;617249;F;South West Region;A Level or Equivalent;0;120;N;55.0;True;False;False;0.0;0.0;0.0;0.0;0.0;0.0;1
FFF;2013B;362356;M;London Region;A Level or Equivalent;2;120;N;15.0;False;True;False;0.0;0.0;0.0;0.0;0.0;0.0;1
BBB;2013B;505499;M;South East Region;A Level or Equivalent;0;60;N;65.0;True;False;False;0.0;0.0;0.0;0.0;0.0;0.0;1
BBB;2014J;689727;F;South West Region;A Level or Equivalent;0;60;Y;55.0;True;False;False;0.0;1.0;0.0;0.0;88.38714469492771;2.6121161071632772;0
FFF;2014J;648613;M;East Anglian Region;A Level or Equivalent;0;60;N;55.0;True;False;False;0.0;1.0;0.0;0.0;120.33453071942131;5.772046086594708;0
BBB;2013B;544491;F;West Midlands Region;Lower Than A Level;0;60;N;15.0;True;False;False;0.0;0.0;0.0;0.0;0.0;0.0;1
BBB;2014B;550269;F;Scotland;Lower Than A Level;1;120;N;15.0;True;False;False;0.0;1.0;0.0;0.0;120.63395721925134;2.7698554169142406;0
CCC;2014J;586497;M;East Midlands Region;A Level or Equivalent;0;60;N;95.0;True;False;False;0.0;0.875;1.0;98.0;140.49862118803335;3.408104948730351;0
CCC;2014J;599169;M;Scotland;A Level or Equivalent;0;120;Y;65.0;True;False;False;0.0;0.875;1.0;90.0;88.43657420595356;1.8190419596971679;0
BBB;2014B;614583;F;East Anglian Region;HE Qualification;0;120;N;35.0;True;False;False;0.0;1.0;0.0;0.0;93.99528491030954;2.0121160312047013;0
DDD;2014J;695611;M;North Western Region;A Level or Equivalent;0;120;N;75.0;True;False;False;0.0;0.0;0.0;0.0;0.0;0.0;1
GGG;2014J;442987;F;East Midlands Region;Lower Than A Level;0;30;N;55.0;False;True;False;0.0;0.8888888888888888;0.0;0.0;104.37123609677789;5.603243197863941;0
BBB;2013J;599432;F;East Anglian Region;A Level or Equivalent;0;120;N;5.0;True;False;False;0.0;0.0;0.0;0.0;0.0;0.0;1
CCC;2014B;146125;M;Yorkshire Region;Lower Than A Level;0;60;N;85.0;True;False;False;0.0;0.0;0.0;0.0;0.0;0.0;1
AAA;2013J;306466;M;East Anglian Region;A Level or Equivalent;0;60;N;95.0;False;True;False;10.125;1.0;0.0;0.0;115.03901236752694;3.5652512082119476;0
GGG;2014B;618621;F;North Region;Lower Than A Level;0;30;N;75.0;False;True;False;0.0;0.7777777777777778;0.0;0.0;97.69630630630631;1.8183848133848133;0
EEE;2014B;633998;F;Scotland;HE Qualification;0;60;N;55.0;False;False;True;0.0;1.0;0.0;0.0;119.06702888947788;4.628175339399829;0
DDD;2013J;470119;M;West Midlands Region;Lower Than A Level;1;240;N;45.0;True;False;False;0.0;0.0;0.0;0.0;0.0;0.0;1
BBB;2013J;531287;F;Yorkshire Region;A Level or Equivalent;0;60;N;5.0;False;True;False;0.0;0.0;0.0;0.0;0.0;0.0;1
FFF;2014J;692297;M;South Region;Lower Than A Level;0;60;Y;55.0;False;True;False;0.0;0.16666666666666666;0.0;0.0;49.71399176954733;1.8106995884773662;0
BBB;2014J;694561;F;East Midlands Region;A Level or Equivalent;0;60;N;65.0;True;False;False;0.0;1.0;0.0;0.0;77.35123635661161;4.340595318587205;0
CCC;2014J;576453;M;Scotland;HE Qualification;0;90;N;85.0;False;True;False;0.0;1.0;1.0;100.0;94.0258350800647;2.3722357236936817;0
DDD;2013B;248511;F;South West Region;A Level or Equivalent;4;120;N;65.0;False;True;False;0.0;0.5384615384615384;1.0;49.0;97.7066601264443;1.7832219480336282;0
DDD;2013J;531888;F;East Anglian Region;Lower Than A Level;1;60;N;45.0;False;True;False;0.0;0.0;0.0;0.0;0.0;0.0;0
DDD;2014J;614471;F;South East Region;Lower Than A Level;1;120;N;45.0;True;False;False;0.0;0.0;0.0;0.0;0.0;0.0;1
BBB;2014B;363396;F;South West Region;A Level or Equivalent;0;60;N;35.0;True;False;False;0.0;0.9090909090909091;0.0;0.0;123.68999626249627;1.4665010465010466;0
CCC;2014J;533512;F;East Anglian Region;Lower Than A Level;0;60;N;45.0;True;False;False;0.0;0.5;0.0;0.0;97.25796344178697;3.2239729225023344;0
FFF;2014B;487314;M;Wales;HE Qualification;0;60;N;75.0;True;False;False;0.0;1.0;0.0;0.0;85.41197897616897;2.863693593680675;0
FFF;2013B;549596;M;East Midlands Region;A Level or Equivalent;0;60;N;45.0;False;True;False;0.0;0.9166666666666666;0.0;0.0;77.96006254572949;3.342368460480749;0
CCC;2014B;440171;F;Scotland;HE Qualification;0;60;N;45.0;True;False;False;0.0;0.0;0.0;0.0;0.0;0.0;1
EEE;2014J;625614;M;North Region;Lower Than A Level;0;30;N;47.115494568324756;True;False;False;0.0;1.0;0.0;0.0;117.14493200620412;2.394497038672194;0
EEE;2014J;472762;M;West Midlands Region;A Level or Equivalent;0;180;N;65.0;True;False;False;0.0;1.0;0.0;0.0;117.10295004814522;3.5912322000627563;0
DDD;2014B;571000;M;East Anglian Region;Lower Than A Level;1;180;N;65.0;True;False;False;0.0;0.8333333333333334;1.0;42.0;102.36344679186229;1.3812938743572547;0
GGG;2014J;691519;F;Yorkshire Region;Lower Than A Level;0;30;N;15.0;False;True;False;0.0;0.7777777777777778;0.0;0.0;103.24212024416359;1.9994098287906337;0
CCC;2014B;626173;F;East Anglian Region;Lower Than A Level;0;60;N;65.0;True;False;False;0.0;0.0;0.0;0.0;0.0;0.0;1
FFF;2013J;601042;M;South West Region;Lower Than A Level;0;60;N;35.0;True;False;False;0.0;0.9166666666666666;0.0;0.0;93.6941944779143;3.0099297499780593;0
FFF;2013B;1997164;M;Ireland;Post Graduate Qualification;1;120;N;47.115494568324756;False;True;False;0.0;1.0;0.0;0.0;111.72253154389732;4.702537102760373;0
CCC;2014J;636243;F;North Western Region;A Level or Equivalent;0;120;N;25.0;True;False;False;0.0;0.0;0.0;0.0;0.0;0.0;1
FFF;2013J;571630;M;Yorkshire Region;A Level or Equivalent;0;120;N;35.0;False;True;False;0.0;0.0;0.0;0.0;0.0;0.0;1
EEE;2013J;584567;M;South Region;Lower Than A Level;0;60;N;95.0;True;False;False;0.0;0.25;0.0;0.0;18.24267676767677;3.010416666666667;0
FFF;2014B;552648;M;North Western Region;Lower Than A Level;1;90;N;5.0;True;False;False;0.0;1.0;0.0;0.0;154.48484776693732;4.891563466936601;0
DDD;2014J;685623;F;West Midlands Region;A Level or Equivalent;0;60;N;5.0;True;False;False;0.0;0.8333333333333334;1.0;67.0;75.24828132066938;1.9117706919945727;0
BBB;2013B;2635829;F;Scotland;HE Qualification;0;60;N;95.0;False;True;False;0.0;1.0;0.0;0.0;97.85946928554458;1.619586581826285;0
EEE;2014J;643200;M;North Western Region;Lower Than A Level;0;90;N;25.0;True;False;False;0.0;0.0;0.0;0.0;0.0;0.0;1
DDD;2013B;131145;M;South West Region;A Level or Equivalent;0;60;N;45.0;True;False;False;0.0;1.0;1.0;67.0;79.32900008950722;1.7477691170763188;0
FFF;2014J;651611;M;Yorkshire Region;Lower Than A Level;0;120;Y;5.0;True;False;False;0.0;0.0;0.0;0.0;0.0;0.0;1
DDD;2013J;591193;M;South Region;Lower Than A Level;0;60;N;95.0;False;True;False;0.0;1.0;1.0;93.0;93.34616024915253;1.874259649917174;0
CCC;2014J;547153;M;Wales;A Level or Equivalent;0;60;N;85.0;True;False;False;0.0;0.75;1.0;38.0;129.1198275664883;3.485621299886962;0
DDD;2013B;527789;M;Yorkshire Region;HE Qualification;0;90;N;5.0;True;False;False;0.0;0.6377753701697364;0.5652582159624413;31.854460093896712;14.613636363636363;1.7803030303030303;0
GGG;2013J;2349926;F;North Western Region;A Level or Equivalent;0;30;N;5.0;True;False;False;0.0;0.7931081264414598;0.0;0.0;9.058823529411764;1.5171568627450982;0
FFF;2014B;430516;M;East Midlands Region;Lower Than A Level;0;60;N;15.0;False;True;False;0.0;0.25;0.0;0.0;15.010028248587572;2.654647565240786;0
DDD;2014J;685224;M;West Midlands Region;A Level or Equivalent;0;60;N;25.0;False;True;False;0.0;1.0;1.0;100.0;123.61742354902474;1.682340120485243;0
FFF;2013J;599795;M;London Region;Lower Than A Level;0;60;N;55.0;False;True;False;0.0;0.0;0.0;0.0;0.0;0.0;1
DDD;2013J;567970;F;Wales;A Level or Equivalent;0;60;N;85.0;True;False;False;0.0;0.5;1.0;22.0;85.32143215469652;1.2766941877884688;0
EEE;2013J;482012;M;West Midlands Region;A Level or Equivalent;0;30;N;25.0;True;False;False;0.0;0.75;0.0;0.0;86.20919473952613;3.298502873545046;0
DDD;2013B;166713;M;North Region;Lower Than A Level;0;60;N;35.0;True;False;False;0.0;1.0;1.0;71.0;89.0222169236101;1.7121002902073226;0
FFF;2014J;648611;M;Yorkshire Region;Lower Than A Level;0;60;N;35.0;True;False;False;0.0;0.0;0.0;0.0;0.0;0.0;1
FFF;2014B;503183;M;East Anglian Region;A Level or Equivalent;0;60;N;75.0;True;False;False;0.0;1.0;0.0;0.0;92.84507462057161;2.979535625139558;0
BBB;2013J;577680;F;Scotland;Lower Than A Level;0;60;N;85.0;True;False;False;0.0;0.8181818181818182;0.0;0.0;69.24059058721933;1.8821772910979346;0
CCC;2014B;2567038;M;Scotland;A Level or Equivalent;0;60;N;95.0;True;False;False;0.0;0.875;1.0;54.0;104.66486233324298;2.349000429309699;0
EEE;2013J;493743;M;South East Region;A Level or Equivalent;0;90;N;65.0;True;False;False;0.0;0.0;0.0;0.0;0.0;0.0;1
DDD;2014J;444766;M;North Western Region;A Level or Equivalent;0;120;N;45.0;True;False;False;0.0;1.0;1.0;69.0;120.47939935879535;1.6159865295833404;0
FFF;2013B;557710;F;Scotland;HE Qualification;0;60;Y;65.0;False;True;False;0.0;1.0;0.0;0.0;110.55482560409511;3.1379556963058524;0
BBB;2013J;345083;F;South Region;A Level or Equivalent;0;60;Y;75.0;False;True;False;0.0;0.0;0.0;0.0;0.0;0.0;1
AAA;2013J;137873;M;South West Region;A Level or Equivalent;0;60;N;45.0;False;True;False;дек.96;1.0;0.0;0.0;106.66958725494754;6.9213234931604;0
GGG;2014J;688379;F;Scotland;Lower Than A Level;0;30;N;65.0;True;False;False;0.0;1.0;0.0;0.0;156.5304223930838;3.0961791572265027;0
BBB;2013B;534051;F;Wales;A Level or Equivalent;0;60;N;5.0;True;False;False;0.0;0.9090909090909091;0.0;0.0;45.94387025534852;1.9126128364389234;0
FFF;2014J;650464;M;London Region;Lower Than A Level;0;60;N;85.0;True;False;False;0.0;0.0;0.0;0.0;0.0;0.0;1
DDD;2013J;610603;F;North Region;A Level or Equivalent;0;60;Y;25.0;True;False;False;0.0;0.6666666666666666;1.0;64.0;77.18805330259825;1.3115850384662815;0
GGG;2014J;641073;F;Yorkshire Region;Lower Than A Level;0;30;N;25.0;True;False;False;0.0;0.0;0.0;0.0;0.0;0.0;1
BBB;2013B;484161;F;South West Region;Lower Than A Level;0;120;N;75.0;False;True;False;0.0;0.7314562719968125;0.0;0.0;18.0;2.0277777777777777;0
FFF;2014J;563108;F;East Anglian Region;Lower Than A Level;0;60;N;65.0;False;True;False;0.0;1.0;0.0;0.0;123.36432044530802;3.4472950549680292;0
CCC;2014J;698598;F;Scotland;HE Qualification;0;120;N;5.0;True;False;False;0.0;0.0;0.0;0.0;0.0;0.0;1
DDD;2014B;630948;F;South East Region;HE Qualification;0;60;N;65.0;False;True;False;0.0;1.0;1.0;64.0;106.71502267414137;1.5687282275501115;0
FFF;2013B;108330;M;West Midlands Region;A Level or Equivalent;1;60;N;35.0;False;True;False;0.0;1.0;0.0;0.0;85.21441600603872;3.3943347887191644;0
DDD;2014J;684095;M;South East Region;A Level or Equivalent;0;90;Y;55.0;True;False;False;0.0;0.6666666666666666;1.0;78.0;128.0529144861859;1.4846488764105406;0
FFF;2014J;2486215;M;East Anglian Region;A Level or Equivalent;0;180;N;75.0;True;False;False;0.0;0.0;0.0;0.0;0.0;0.0;1
DDD;2014B;624493;M;North Western Region;Lower Than A Level;0;60;N;15.0;True;False;False;0.0;1.0;1.0;89.0;84.55603775051999;1.548222378840979;0
BBB;2013B;357038;F;South West Region;HE Qualification;2;180;N;15.0;True;False;False;0.0;0.0;0.0;0.0;0.0;0.0;0
BBB;2014B;619980;M;Scotland;HE Qualification;0;120;N;75.0;True;False;False;0.0;0.0;0.0;0.0;0.0;0.0;0
BBB;2014J;648135;F;West Midlands Region;A Level or Equivalent;0;60;N;5.0;True;False;False;0.0;1.0;0.0;0.0;96.63315793216242;2.9049349356467324;0
EEE;2014B;630980;M;South West Region;A Level or Equivalent;0;30;N;85.0;False;True;False;0.0;0.0;0.0;0.0;0.0;0.0;1
BBB;2013J;603398;F;Scotland;Lower Than A Level;0;60;N;45.0;False;True;False;0.0;0.8181818181818182;0.0;0.0;64.71977205610926;1.8391934293097083;0
CCC;2014B;490282;M;South East Region;A Level or Equivalent;0;60;Y;65.0;False;True;False;0.0;1.0;1.0;44.0;104.52655252327172;2.2775805384242105;0
FFF;2013B;548764;M;East Anglian Region;A Level or Equivalent;0;60;N;35.0;True;False;False;0.0;1.0;0.0;0.0;130.62346042834375;5.172741809984241;0
BBB;2014B;608060;F;London Region;A Level or Equivalent;1;120;N;15.0;True;False;False;0.0;0.0;0.0;0.0;0.0;0.0;1
BBB;2013J;599802;F;Scotland;Lower Than A Level;0;60;N;65.0;False;True;False;0.0;0.09090909090909091;0.0;0.0;14.074736929736929;2.027963702963703;0
BBB;2013B;519800;F;Wales;Lower Than A Level;1;120;N;75.0;False;True;False;0.0;0.8181818181818182;0.0;0.0;68.96567921614927;2.160403719101108;0
BBB;2013B;179605;F;South West Region;A Level or Equivalent;0;60;N;65.0;True;False;False;0.0;0.0;0.0;0.0;0.0;0.0;1
FFF;2014B;628038;M;East Midlands Region;Lower Than A Level;0;90;N;45.0;False;True;False;0.0;0.8333333333333334;0.0;0.0;92.96131118153589;4.436441741778821;0
FFF;2014J;686522;M;West Midlands Region;HE Qualification;0;90;N;5.0;False;True;False;0.0;1.0;0.0;0.0;128.30385520639328;2.623470521668634;0
CCC;2014J;678204;M;South Region;HE Qualification;0;120;N;45.0;True;False;False;0.0;1.0;1.0;68.0;100.56926034845178;1.6946583237786548;0
BBB;2013B;561718;M;Wales;Lower Than A Level;0;60;N;85.0;True;False;False;0.0;0.09090909090909091;0.0;0.0;10.354166666666666;2.256944444444444;0
CCC;2014B;623052;F;London Region;A Level or Equivalent;0;90;N;25.0;False;True;False;0.0;1.0;1.0;84.0;64.71191017211726;2.354115393604246;0
BBB;2014J;682483;F;East Midlands Region;Lower Than A Level;0;60;N;35.0;True;False;False;0.0;0.8;0.0;0.0;79.54528999265841;3.026648692438166;0
FFF;2014J;651498;M;East Anglian Region;Lower Than A Level;0;60;N;85.0;True;False;False;0.0;1.0;0.0;0.0;120.95907586299725;3.0806953019022334;0
FFF;2013B;442436;M;West Midlands Region;HE Qualification;0;60;N;15.0;True;False;False;0.0;0.0;0.0;0.0;0.0;0.0;1
DDD;2014J;688128;F;West Midlands Region;Lower Than A Level;0;120;N;55.0;True;False;False;0.0;0.0;0.0;0.0;0.0;0.0;1
BBB;2013B;2302925;F;East Anglian Region;A Level or Equivalent;0;60;N;75.0;False;True;False;0.0;0.0;0.0;0.0;0.0;0.0;1
FFF;2013J;563299;M;South Region;A Level or Equivalent;0;120;N;15.0;True;False;False;0.0;1.0;0.0;0.0;91.45046119393663;3.2137161227792523;0
CCC;2014B;536032;M;Wales;A Level or Equivalent;0;30;N;25.0;True;False;False;0.0;0.0;0.0;0.0;36.82142857142857;2.976190476190476;0
CCC;2014J;578820;M;South Region;A Level or Equivalent;0;60;N;75.0;True;False;False;0.0;0.0;0.0;0.0;0.0;0.0;1
GGG;2014B;550515;F;East Midlands Region;Lower Than A Level;0;30;N;15.0;True;False;False;0.0;0.8888888888888888;0.0;0.0;88.25703672942045;2.5119592939360382;0
AAA;2014J;418731;M;Ireland;A Level or Equivalent;0;90;N;75.0;True;False;False;0.0;0.6;0.0;0.0;163.9592352092352;2.061940836940837;0
BBB;2013B;512805;F;West Midlands Region;Lower Than A Level;1;120;N;5.0;True;False;False;0.0;0.36363636363636365;0.0;0.0;101.4140889689209;1.5397292250233428;0
FFF;2013B;247666;M;North Western Region;A Level or Equivalent;1;60;N;25.0;True;False;False;0.0;0.9166666666666666;0.0;0.0;100.88811551528289;3.4770076113678248;0
EEE;2014B;2613219;M;Scotland;HE Qualification;0;30;N;75.0;False;True;False;0.0;1.0;0.0;0.0;51.6623489761245;2.555120572043228;0
GGG;2014J;682321;F;Scotland;Lower Than A Level;0;30;N;75.0;True;False;False;0.0;0.7777777777777778;0.0;0.0;115.19903312855183;2.0229881530603455;0
DDD;2014J;650478;M;South East Region;A Level or Equivalent;0;60;N;85.0;True;False;False;0.0;1.0;1.0;56.0;146.5973022312373;1.4890128465179175;0
EEE;2014B;630722;M;North Western Region;Lower Than A Level;0;30;N;65.0;True;False;False;0.0;1.0;0.0;0.0;88.002466887223;3.1610989469729307;0
BBB;2013B;434353;F;South East Region;HE Qualification;1;60;N;95.0;False;True;False;0.0;0.9090909090909091;0.0;0.0;101.98051377098837;1.751542614232008;0
FFF;2013B;556911;M;London Region;A Level or Equivalent;0;120;Y;15.0;True;False;False;0.0;0.0;0.0;0.0;0.0;0.0;1
BBB;2013B;532512;F;South Region;A Level or Equivalent;0;60;N;25.0;True;False;False;0.0;0.0;0.0;0.0;0.0;0.0;1
DDD;2014J;350361;F;North Western Region;Lower Than A Level;0;150;N;85.0;True;False;False;0.0;0.0;0.0;0.0;0.0;0.0;1
BBB;2014J;678995;F;Yorkshire Region;A Level or Equivalent;0;60;N;35.0;False;True;False;0.0;1.0;0.0;0.0;100.847657432472;3.386124544071699;0
FFF;2014B;315025;M;East Anglian Region;HE Qualification;0;60;N;95.0;False;True;False;0.0;1.0;0.0;0.0;90.38942306803612;3.3087941482380665;0
EEE;2013J;270638;M;South West Region;Lower Than A Level;0;60;N;25.0;False;True;False;0.0;1.0;0.0;0.0;95.22353187557363;4.512994035770806;0
DDD;2013J;66047;F;North Western Region;HE Qualification;4;90;Y;5.0;True;False;False;0.0;0.0;0.0;0.0;0.0;0.0;1
FFF;2013J;563196;M;East Midlands Region;Lower Than A Level;0;120;N;55.0;True;False;False;0.0;0.0;0.0;0.0;0.0;0.0;1
BBB;2014J;647774;F;South East Region;Lower Than A Level;0;120;N;85.0;True;False;False;0.0;0.0;0.0;0.0;0.0;0.0;1
EEE;2013J;600916;M;Scotland;Lower Than A Level;0;30;N;35.0;True;False;False;0.0;0.75;0.0;0.0;67.25903681162323;5.058838938792712;0
EEE;2014J;494270;M;London Region;A Level or Equivalent;0;90;N;85.0;False;True;False;0.0;1.0;0.0;0.0;90.91229686065515;3.96005874888236;0
BBB;2013J;533091;M;North Western Region;Lower Than A Level;0;60;N;85.0;False;True;False;0.0;0.9090909090909091;0.0;0.0;88.24040404040403;3.426262626262626;0
BBB;2014J;694222;F;South East Region;Lower Than A Level;0;60;N;15.0;True;False;False;0.0;0.0;0.0;0.0;0.0;0.0;1
GGG;2014B;627217;F;East Anglian Region;Lower Than A Level;0;30;N;45.0;False;True;False;0.0;1.0;0.0;0.0;116.59804284835535;2.6354664664039666;0
BBB;2014B;633570;M;South East Region;A Level or Equivalent;0;60;N;5.0;False;True;False;0.0;0.9090909090909091;0.0;0.0;124.07575757575758;2.2702020202020203;0
CCC;2014B;1938024;F;North Region;A Level or Equivalent;0;60;N;47.115494568324756;False;True;False;0.0;0.0;0.0;0.0;0.0;0.0;1
DDD;2013J;599206;M;East Midlands Region;Lower Than A Level;0;60;N;15.0;True;False;False;0.0;0.16666666666666666;0.0;0.0;22.48931623931624;2.2644993894993894;0
GGG;2014J;642905;F;North Western Region;Lower Than A Level;0;30;N;55.0;True;False;False;0.0;0.7777777777777778;0.0;0.0;104.22356490985474;2.776786634476712;0
FFF;2014B;516894;M;North Western Region;A Level or Equivalent;1;90;N;35.0;True;False;False;0.0;0.6897457158651188;0.0;0.0;19.4375;1.6041666666666665;0
BBB;2013B;548241;M;South Region;HE Qualification;0;120;N;85.0;True;False;False;0.0;0.9090909090909091;0.0;0.0;48.83373414527101;1.3533028898904476;0
FFF;2014J;2687012;M;North Western Region;Lower Than A Level;1;150;N;25.0;False;True;False;0.0;0.0;0.0;0.0;0.0;0.0;1
BBB;2013B;503878;F;South West Region;Lower Than A Level;0;180;Y;55.0;True;False;False;0.0;0.0;0.0;0.0;0.0;0.0;1
FFF;2014J;637980;F;Scotland;HE Qualification;0;60;N;55.0;True;False;False;0.0;1.0;0.0;0.0;98.59380321382083;3.090550021198913;0
FFF;2014J;645997;M;London Region;HE Qualification;0;90;N;15.0;True;False;False;0.0;1.0;0.0;0.0;119.07695543231976;2.847600395246236;0
BBB;2013J;2567158;F;West Midlands Region;A Level or Equivalent;0;180;N;55.0;False;True;False;0.0;1.0;0.0;0.0;92.66257388947484;1.9280519086664833;0
FFF;2014B;630045;M;North Western Region;Lower Than A Level;0;60;N;75.0;True;False;False;0.0;1.0;0.0;0.0;108.63403940761863;4.728460365101836;0
DDD;2014B;626798;M;East Midlands Region;Lower Than A Level;0;60;N;5.0;True;False;False;0.0;0.0;0.0;0.0;0.0;0.0;1
FFF;2013J;598285;M;South West Region;Lower Than A Level;0;120;Y;15.0;False;True;False;0.0;1.0;0.0;0.0;51.30040474500657;4.483273548118136;0
FFF;2013B;538941;M;South Region;A Level or Equivalent;0;60;N;75.0;True;False;False;0.0;1.0;0.0;0.0;93.08852310288236;2.911677068697073;0
CCC;2014B;1100639;F;South Region;A Level or Equivalent;0;30;N;65.0;False;True;False;0.0;0.0;0.0;0.0;0.0;0.0;1
FFF;2014J;628363;M;South East Region;Lower Than A Level;0;60;N;65.0;True;False;False;0.0;0.7190721649484536;0.0;0.0;4.474489795918367;1.8061224489795917;0
EEE;2013J;2607824;M;West Midlands Region;Lower Than A Level;0;60;N;65.0;False;True;False;0.0;1.0;0.0;0.0;99.16868377711104;3.709190604721783;0
DDD;2014J;2111313;M;South West Region;HE Qualification;0;60;N;45.0;False;True;False;0.0;1.0;1.0;67.0;104.18979860290712;1.3144365438483085;0
EEE;2014J;692928;M;Ireland;HE Qualification;0;60;N;47.115494568324756;False;True;False;0.0;1.0;0.0;0.0;102.87209906750823;4.071763480200469;0
FFF;2014J;595721;M;London Region;Lower Than A Level;0;120;N;55.0;True;False;False;0.0;0.9166666666666666;0.0;0.0;114.00642475030745;3.560229385353086;0
EEE;2014B;629654;F;South Region;A Level or Equivalent;0;60;N;35.0;True;False;False;0.0;0.75;0.0;0.0;75.5259199371639;3.4730382081961726;0
DDD;2014B;614074;M;North Region;Lower Than A Level;0;70;N;47.115494568324756;True;False;False;0.0;0.8333333333333334;1.0;69.0;94.13502884805716;1.6240616404617219;0
BBB;2013J;594208;F;Scotland;HE Qualification;0;60;N;15.0;True;False;False;0.0;0.0;0.0;0.0;0.0;0.0;1
BBB;2013B;2517864;F;South West Region;HE Qualification;0;210;N;35.0;False;True;False;0.0;0.9090909090909091;0.0;0.0;115.58402729852004;1.5983680168462777;0
FFF;2013J;104213;M;South West Region;A Level or Equivalent;0;60;N;75.0;True;False;False;0.0;1.0;0.0;0.0;82.870191053239;2.9630315536822387;0
EEE;2013J;526051;M;East Anglian Region;Lower Than A Level;0;90;Y;35.0;False;True;False;0.0;0.0;0.0;0.0;0.0;0.0;1
CCC;2014J;2070517;M;London Region;HE Qualification;0;30;N;5.0;False;True;False;0.0;1.0;1.0;96.0;103.70456567101654;1.9622896345760197;0
CCC;2014J;532744;M;East Anglian Region;Lower Than A Level;0;120;N;25.0;False;True;False;0.0;0.0;0.0;0.0;0.0;0.0;1
BBB;2014J;2462576;F;Scotland;HE Qualification;1;60;N;65.0;True;False;False;0.0;1.0;0.0;0.0;86.04784580498867;1.8564625850340137;0
BBB;2014B;618816;F;London Region;Lower Than A Level;0;60;N;5.0;True;False;False;0.0;0.7404752923425123;0.0;0.0;2.625;01.май;0
BBB;2014B;614403;F;North Region;Lower Than A Level;0;60;N;65.0;False;True;False;0.0;0.7404752923425123;0.0;0.0;6.317777777777778;1.2933333333333332;0
BBB;2014J;651544;F;Yorkshire Region;Lower Than A Level;0;120;N;25.0;True;False;False;0.0;0.8;0.0;0.0;97.1609956713801;3.0080093423085805;0
DDD;2014B;631600;M;South Region;Lower Than A Level;0;60;N;25.0;True;False;False;0.0;0.6337579617834395;0.554140127388535;38.28768577494692;-15.416666666666666;2.0833333333333335;0
BBB;2014B;320363;F;South Region;Lower Than A Level;0;60;N;25.0;False;True;False;0.0;0.8181818181818182;0.0;0.0;70.4836956521739;2.5014492753623188;0
BBB;2013J;597582;F;South West Region;Lower Than A Level;0;60;N;45.0;False;True;False;0.0;0.2727272727272727;0.0;0.0;29.560064935064936;1.7690746753246753;0
GGG;2014J;688388;F;Wales;A Level or Equivalent;0;30;N;55.0;False;True;False;0.0;1.0;0.0;0.0;126.95476816630664;4.458292372394936;0
FFF;2014J;2065972;M;East Midlands Region;Lower Than A Level;0;60;N;45.0;False;True;False;0.0;1.0;0.0;0.0;101.67405628712542;2.5379421234937714;0
EEE;2013J;467363;M;Ireland;A Level or Equivalent;0;60;N;35.0;True;False;False;0.0;0.0;0.0;0.0;0.0;0.0;1
DDD;2013J;584315;F;Scotland;A Level or Equivalent;0;120;N;65.0;True;False;False;0.0;0.5;0.0;0.0;94.14089682539684;3.37715873015873;0
BBB;2013J;609307;F;South East Region;A Level or Equivalent;0;60;N;15.0;True;False;False;0.0;0.9090909090909091;0.0;0.0;137.36583977513624;1.863392039216263;0
FFF;2014J;402695;M;East Midlands Region;Lower Than A Level;2;90;N;45.0;False;True;False;0.0;1.0;0.0;0.0;95.10229708362;4.394175339039474;0
GGG;2014J;646430;F;South East Region;A Level or Equivalent;0;30;N;65.0;False;True;False;0.0;1.0;0.0;0.0;131.40247362747363;3.5766709016709015;0
DDD;2013J;2615761;F;London Region;A Level or Equivalent;1;60;N;85.0;True;False;False;0.0;1.0;0.0;0.0;7.12987012987013;1.5487012987012987;0
CCC;2014J;697283;F;London Region;A Level or Equivalent;0;120;N;25.0;True;False;False;0.0;0.0;0.0;0.0;0.0;0.0;1
BBB;2014J;697345;F;North Region;A Level or Equivalent;0;60;N;35.0;True;False;False;0.0;0.4;0.0;0.0;50.57791806958474;2.37334455667789;0
EEE;2014J;490443;M;North Western Region;A Level or Equivalent;0;60;N;5.0;True;False;False;0.0;0.0;0.0;0.0;0.0;0.0;1
AAA;2013J;1765788;M;South East Region;HE Qualification;0;60;N;75.0;False;False;True;0.0;1.0;0.0;0.0;97.4782537502729;4.383404810155123;0
DDD;2013J;588537;M;North Western Region;A Level or Equivalent;0;60;N;45.0;False;True;False;0.0;0.0;0.0;0.0;0.0;0.0;1
BBB;2014J;350797;F;London Region;Lower Than A Level;1;60;N;55.0;False;True;False;0.0;1.0;0.0;0.0;75.77865890884183;2.701048646475476;0
EEE;2014J;566279;M;Scotland;A Level or Equivalent;1;90;N;5.0;True;False;False;0.0;1.0;0.0;0.0;123.94267121214608;2.9371692463280317;0
FFF;2013J;595230;F;London Region;A Level or Equivalent;0;150;N;15.0;True;False;False;0.0;1.0;0.0;0.0;77.49892537562886;3.0599894589930807;0
CCC;2014B;620243;M;South West Region;Lower Than A Level;0;90;N;85.0;True;False;False;0.0;0.0;0.0;0.0;0.0;0.0;1
GGG;2014J;569374;F;Yorkshire Region;Lower Than A Level;0;30;N;5.0;True;False;False;0.0;0.4444444444444444;0.0;0.0;73.726522875817;1.7770457516339868;0
FFF;2013J;524845;F;Scotland;A Level or Equivalent;0;150;Y;85.0;True;False;False;0.0;1.0;0.0;0.0;119.95509250418783;3.5311170400609817;0
EEE;2014B;612287;M;Wales;Lower Than A Level;0;60;N;35.0;True;False;False;0.0;0.0;0.0;0.0;0.0;0.0;1
CCC;2014B;544075;M;North Region;A Level or Equivalent;0;30;N;47.115494568324756;False;True;False;0.0;0.0;0.0;0.0;0.0;0.0;1
FFF;2014B;2494338;M;North Western Region;Lower Than A Level;0;60;Y;35.0;False;True;False;0.0;0.0;0.0;0.0;0.0;0.0;1
CCC;2014J;310765;M;Yorkshire Region;HE Qualification;0;30;N;45.0;False;True;False;0.0;1.0;1.0;76.0;21.781380120215804;1.5693458227480406;0
AAA;2013J;2643002;F;South West Region;A Level or Equivalent;0;60;N;85.0;False;True;False;0.0;0.8;0.0;0.0;102.73872182635697;2.1912936525350606;0
EEE;2014J;650816;M;Wales;A Level or Equivalent;0;60;N;15.0;True;False;False;0.0;1.0;0.0;0.0;114.06793860401304;5.028539987423541;0
FFF;2013B;556210;M;Yorkshire Region;Lower Than A Level;0;60;N;65.0;True;False;False;0.0;1.0;0.0;0.0;84.34868156904018;2.489387394041849;0
CCC;2014B;609645;M;South Region;A Level or Equivalent;0;120;N;95.0;True;False;False;0.0;0.625;1.0;26.0;116.85901032495455;2.6167114351321006;0
BBB;2014J;642836;F;South Region;HE Qualification;0;60;N;75.0;True;False;False;0.0;0.0;0.0;0.0;0.0;0.0;1
CCC;2014J;646406;M;North Region;A Level or Equivalent;0;60;N;65.0;True;False;False;0.0;0.5;1.0;98.0;113.17015292468896;2.0998072253359914;0
CCC;2014J;633047;M;North Western Region;A Level or Equivalent;0;30;N;35.0;True;False;False;0.0;0.0;0.0;0.0;41.52140151515152;2.61875;0
CCC;2014B;605688;M;South Region;A Level or Equivalent;0;60;N;35.0;False;True;False;0.0;1.0;1.0;96.0;106.66418881858387;2.7033774015892997;0
BBB;2014J;695982;F;East Midlands Region;Lower Than A Level;0;60;N;85.0;False;True;False;0.0;0.0;0.0;0.0;0.0;0.0;1
FFF;2013J;1941149;M;North Western Region;Lower Than A Level;0;120;N;75.0;False;True;False;0.0;0.0;0.0;0.0;0.0;0.0;1
FFF;2014J;554525;M;South West Region;A Level or Equivalent;0;60;N;95.0;False;True;False;0.0;1.0;0.0;0.0;85.18989652716573;4.152385620493789;0
BBB;2014B;616670;F;Scotland;A Level or Equivalent;0;60;N;5.0;True;False;False;0.0;0.9090909090909091;0.0;0.0;93.31952209962743;2.242087308559034;0
DDD;2013J;572854;F;South East Region;A Level or Equivalent;0;90;N;45.0;True;False;False;0.0;1.0;1.0;82.0;87.86817653569194;1.6555438451313595;0
CCC;2014J;602973;F;Scotland;Lower Than A Level;0;60;N;25.0;True;False;False;0.0;1.0;1.0;66.0;114.99340203235734;2.103881356283409;0
GGG;2013J;605920;F;East Anglian Region;A Level or Equivalent;0;30;N;65.0;False;True;False;0.0;0.8888888888888888;0.0;0.0;112.65998371313763;2.8920933624360874;0
FFF;2014B;628323;M;South West Region;Lower Than A Level;0;120;N;45.0;True;False;False;0.0;0.0;0.0;0.0;0.0;0.0;1
DDD;2014J;464968;M;South West Region;Lower Than A Level;0;60;N;35.0;True;False;False;0.0;1.0;1.0;84.0;93.95721434528774;1.3609327217125382;0
BBB;2013J;1797168;F;South West Region;Lower Than A Level;0;60;N;45.0;False;True;False;0.0;0.9090909090909091;0.0;0.0;134.0517732267732;2.834174159174159;0
FFF;2014B;629096;M;West Midlands Region;Lower Than A Level;0;60;N;45.0;True;False;False;0.0;1.0;0.0;0.0;84.83631959892656;3.3455768506987758;0
DDD;2014B;583348;M;West Midlands Region;A Level or Equivalent;0;120;N;15.0;False;True;False;0.0;0.0;0.0;0.0;0.0;0.0;1
BBB;2014J;1623795;F;Wales;Lower Than A Level;0;60;N;65.0;False;True;False;0.0;0.8;0.0;0.0;142.49626115377094;3.3317909690005156;0
FFF;2014J;590462;M;North Western Region;A Level or Equivalent;1;120;N;5.0;True;False;False;0.0;0.0;0.0;0.0;0.0;0.0;1
DDD;2014B;2465186;M;North Western Region;HE Qualification;0;60;N;45.0;False;True;False;0.0;0.6337579617834395;0.554140127388535;38.28768577494692;7.562037037037038;1.9046296296296295;0
AAA;2013J;2461190;M;South Region;HE Qualification;0;60;N;75.0;False;False;True;0.0;0.4;0.0;0.0;38.165046775554025;4.565793311626645;0
BBB;2013J;591787;F;London Region;Lower Than A Level;0;60;N;5.0;False;True;False;0.0;1.0;0.0;0.0;175.02087912087913;1.9985347985347985;0
EEE;2013J;595938;M;East Midlands Region;HE Qualification;0;30;N;35.0;False;True;False;0.0;1.0;0.0;0.0;84.89349183463699;3.426055534975715;0
DDD;2014J;2639339;F;West Midlands Region;A Level or Equivalent;0;120;N;55.0;False;True;False;0.0;0.0;0.0;0.0;0.0;0.0;1
CCC;2014B;398487;M;South East Region;A Level or Equivalent;0;30;N;55.0;True;False;False;0.0;0.75;1.0;32.0;123.11866950013109;4.3808523919213;0
DDD;2014J;680846;M;North Region;Lower Than A Level;0;60;N;55.0;True;False;False;0.0;0.0;0.0;0.0;0.0;0.0;1
BBB;2014B;614732;M;South Region;A Level or Equivalent;0;60;N;45.0;True;False;False;0.0;1.0;0.0;0.0;114.61714828381494;1.7519671686338354;0
DDD;2014J;526699;F;South Region;Lower Than A Level;2;90;Y;35.0;True;False;False;0.0;0.0;0.0;0.0;0.0;0.0;1
CCC;2014J;501617;F;Ireland;Lower Than A Level;0;30;N;47.115494568324756;True;False;False;0.0;0.625;1.0;96.0;117.63560916383497;3.020361060683641;0
AAA;2014J;62487;F;East Midlands Region;A Level or Equivalent;0;60;N;15.0;True;False;False;0.0;1.0;0.0;0.0;126.63284415886457;2.4175076812831913;0
FFF;2014J;605091;M;South East Region;No Formal quals;1;60;N;25.0;True;False;False;0.0;0.7190721649484536;0.0;0.0;-5.84;янв.44;0
BBB;2013J;1726951;F;Wales;A Level or Equivalent;0;60;N;95.0;False;True;False;0.0;1.0;0.0;0.0;153.79167007849102;2.1706238179057125;0
GGG;2013J;537670;F;North Western Region;Lower Than A Level;0;150;Y;5.0;True;False;False;0.0;0.8888888888888888;0.0;0.0;86.5415761626288;2.8433932052353104;0
CCC;2014J;567719;F;North Western Region;A Level or Equivalent;0;60;N;5.0;True;False;False;0.0;1.0;1.0;30.0;133.2030375481091;2.1855243558343718;0
DDD;2013J;274964;M;East Midlands Region;Lower Than A Level;0;120;N;25.0;False;True;False;0.0;0.3333333333333333;0.0;0.0;23.270134604229288;2.237123279544376;0
CCC;2014J;2333156;F;North Western Region;Lower Than A Level;0;60;N;5.0;True;False;False;0.0;1.0;1.0;98.0;99.10966821924546;2.762294862415265;0
FFF;2013B;501869;M;North Western Region;A Level or Equivalent;0;120;N;5.0;True;False;False;0.0;0.16666666666666666;0.0;0.0;18.770107226107225;2.300664668664669;0
GGG;2014B;624297;M;West Midlands Region;Lower Than A Level;0;90;N;5.0;False;True;False;0.0;0.0;0.0;0.0;0.0;0.0;1
BBB;2013B;443452;M;South East Region;Lower Than A Level;1;180;N;5.0;False;True;False;0.0;0.0;0.0;0.0;0.0;0.0;0
DDD;2014J;285481;M;East Anglian Region;A Level or Equivalent;0;60;N;85.0;True;False;False;0.0;1.0;1.0;64.0;82.02912572046095;1.3879112609920474;0
BBB;2013B;544186;M;South Region;Lower Than A Level;0;60;N;85.0;True;False;False;0.0;1.0;0.0;0.0;49.923585589310726;1.8671818041457766;0
DDD;2014J;637347;F;South West Region;Lower Than A Level;0;60;N;75.0;True;False;False;0.0;0.8333333333333334;1.0;29.0;77.97168086513402;1.5757916131792897;0
DDD;2013B;542054;M;North Western Region;A Level or Equivalent;0;90;N;5.0;True;False;False;0.0;1.0;1.0;69.0;77.68507968566206;1.567608627698585;0
BBB;2014J;689173;F;Ireland;Lower Than A Level;0;60;N;55.0;False;True;False;0.0;0.0;0.0;0.0;0.0;0.0;1
FFF;2013J;443300;M;South West Region;Lower Than A Level;0;120;N;85.0;True;False;False;0.0;0.0;0.0;0.0;0.0;0.0;1
EEE;2014J;679801;M;East Anglian Region;A Level or Equivalent;0;60;N;85.0;True;False;False;0.0;1.0;0.0;0.0;120.24405355638082;3.9169328652795077;0
BBB;2014J;649518;F;East Anglian Region;A Level or Equivalent;0;60;N;65.0;True;False;False;0.0;1.0;0.0;0.0;88.0993329312645;4.412308788859038;0
AAA;2014J;328734;F;East Anglian Region;A Level or Equivalent;0;180;N;85.0;True;False;False;0.0;0.0;0.0;0.0;0.0;0.0;1
BBB;2014B;629094;F;Yorkshire Region;Lower Than A Level;0;60;N;75.0;False;True;False;0.0;0.6363636363636364;0.0;0.0;78.65104166666667;2.244791666666667;0
DDD;2013B;555297;M;North Western Region;Lower Than A Level;0;60;N;75.0;True;False;False;0.0;0.0;0.0;0.0;0.0;0.0;1
CCC;2014J;497536;F;Ireland;Lower Than A Level;0;120;N;5.0;True;False;False;0.0;0.0;0.0;0.0;0.0;0.0;1
GGG;2014B;632483;F;Yorkshire Region;A Level or Equivalent;0;30;N;45.0;True;False;False;0.0;0.8888888888888888;0.0;0.0;115.40334686147187;3.6777299783549786;0
DDD;2014B;608724;M;North Region;A Level or Equivalent;0;120;N;47.115494568324756;True;False;False;0.0;0.8333333333333334;1.0;89.0;99.88336424988967;1.9773309442800968;0
CCC;2014J;685952;M;London Region;A Level or Equivalent;0;120;N;75.0;True;False;False;0.0;0.125;0.0;0.0;0.8625000000000002;1.66984126984127;0
CCC;2014J;608891;M;London Region;Lower Than A Level;0;60;N;65.0;True;False;False;0.0;0.5;0.0;0.0;63.702352691168485;1.8728656333919491;0
DDD;2013B;560743;M;East Anglian Region;A Level or Equivalent;0;60;N;35.0;True;False;False;0.0;0.0;0.0;0.0;0.0;0.0;1
DDD;2014J;629878;M;South Region;Lower Than A Level;0;60;N;85.0;False;True;False;0.0;1.0;1.0;31.0;105.69877677678646;1.8035234894737948;0
BBB;2014J;650531;F;London Region;HE Qualification;0;180;N;15.0;True;False;False;0.0;0.8;0.0;0.0;11.987745098039214;1.5514705882352942;0
DDD;2013J;258042;F;South East Region;HE Qualification;0;90;N;65.0;False;True;False;0.0;1.0;1.0;71.0;84.76213302776756;1.6364337677438137;0
BBB;2014J;650746;F;East Anglian Region;Lower Than A Level;0;180;N;75.0;True;False;False;0.0;0.0;0.0;0.0;0.0;0.0;1
DDD;2014J;611013;M;South Region;Lower Than A Level;0;60;N;35.0;True;False;False;0.0;0.6666666666666666;1.0;67.0;71.4458768873403;1.8580526519550908;0
BBB;2013J;604543;F;Yorkshire Region;A Level or Equivalent;0;60;Y;15.0;True;False;False;0.0;0.9090909090909091;0.0;0.0;92.63537488208031;1.637995775398876;0
BBB;2013J;2496235;M;Wales;HE Qualification;0;180;N;5.0;False;True;False;0.0;0.0;0.0;0.0;0.0;0.0;1
DDD;2013B;2283212;F;Scotland;Lower Than A Level;1;60;N;25.0;True;False;False;0.0;0.0;0.0;0.0;0.0;0.0;1
BBB;2014J;689265;F;Ireland;Lower Than A Level;0;60;N;5.0;True;False;False;0.0;1.0;0.0;0.0;81.46980691266405;2.531842231842232;0
DDD;2013B;551550;M;London Region;A Level or Equivalent;0;120;N;5.0;True;False;False;0.0;1.0;1.0;96.0;61.164652300084725;1.5366515453310696;0
CCC;2014B;2139273;M;Scotland;A Level or Equivalent;0;90;N;65.0;False;True;False;0.0;0.0;0.0;0.0;0.0;0.0;1
CCC;2014J;626103;M;South East Region;A Level or Equivalent;0;60;N;85.0;False;True;False;0.0;0.625;1.0;66.0;118.62414111109459;2.131493926307632;0
EEE;2013J;584514;M;West Midlands Region;Lower Than A Level;0;90;N;65.0;True;False;False;0.0;0.0;0.0;0.0;0.0;0.0;1
DDD;2013J;511453;M;South West Region;A Level or Equivalent;0;60;N;35.0;True;False;False;0.0;1.0;1.0;51.0;103.67196911628501;1.999858675864712;0
GGG;2013J;605977;M;South Region;Lower Than A Level;0;30;N;15.0;False;True;False;0.0;0.8888888888888888;0.0;0.0;131.189289019519;1.7593763139505274;0
FFF;2013B;544479;F;Scotland;HE Qualification;0;60;N;95.0;False;True;False;0.0;1.0;0.0;0.0;97.20061786078386;4.340214828536447;0
BBB;2014B;620427;F;Yorkshire Region;A Level or Equivalent;0;60;N;65.0;False;True;False;0.0;1.0;0.0;0.0;82.47461060283888;1.9192809759240996;0
GGG;2013J;602004;F;South Region;Lower Than A Level;0;90;Y;45.0;True;False;False;0.0;0.0;0.0;0.0;0.0;0.0;1
EEE;2014J;691248;M;Scotland;Lower Than A Level;0;60;N;95.0;True;False;False;0.0;1.0;0.0;0.0;52.82188870973988;3.7229785855880877;0
BBB;2013B;532317;F;Yorkshire Region;Lower Than A Level;0;60;N;5.0;True;False;False;0.0;0.0;0.0;0.0;0.0;0.0;0
DDD;2014B;2683696;M;South Region;A Level or Equivalent;1;300;N;65.0;False;True;False;0.0;0.0;0.0;0.0;0.0;0.0;1
FFF;2014B;622096;M;South Region;Lower Than A Level;0;60;Y;95.0;False;True;False;0.0;1.0;0.0;0.0;95.35970363218316;4.2044823382127925;0
DDD;2014B;622873;F;East Midlands Region;Lower Than A Level;0;60;Y;35.0;False;True;False;0.0;0.0;0.0;0.0;0.0;0.0;1
FFF;2013J;544745;M;South Region;A Level or Equivalent;0;90;N;35.0;True;False;False;0.0;0.0;0.0;0.0;0.0;0.0;1
BBB;2013B;559253;F;Scotland;Lower Than A Level;0;60;N;65.0;False;True;False;0.0;0.9090909090909091;0.0;0.0;72.02251823571237;2.1222717759763228;0
DDD;2014J;2546595;M;West Midlands Region;Lower Than A Level;0;60;N;35.0;True;False;False;0.0;0.0;0.0;0.0;0.0;0.0;1
DDD;2013J;590789;F;North Region;HE Qualification;0;120;N;47.115494568324756;True;False;False;0.0;1.0;1.0;80.0;103.24417015510248;1.495900513348103;0
GGG;2013J;319331;F;Yorkshire Region;Lower Than A Level;0;30;N;5.0;True;False;False;0.0;0.8888888888888888;0.0;0.0;116.61653346653347;2.250544594294594;0
GGG;2013J;582309;M;South Region;Lower Than A Level;0;40;N;95.0;True;False;False;0.0;0.0;0.0;0.0;0.0;0.0;1
DDD;2014J;104215;M;Scotland;A Level or Equivalent;0;270;N;5.0;True;False;False;0.0;0.0;0.0;0.0;0.0;0.0;1
BBB;2014J;694983;F;West Midlands Region;Lower Than A Level;0;60;N;95.0;False;True;False;0.0;0.8;0.0;0.0;94.58010632403183;5.083990382164097;0
EEE;2014J;653587;M;East Midlands Region;Lower Than A Level;0;60;N;85.0;True;False;False;0.0;1.0;0.0;0.0;98.6891023251902;3.502474451749862;0
FFF;2014J;553284;F;East Midlands Region;Lower Than A Level;0;60;N;95.0;True;False;False;0.0;1.0;0.0;0.0;100.30629646913931;3.0403811474729037;0
GGG;2014J;636554;F;West Midlands Region;A Level or Equivalent;0;30;N;75.0;True;False;False;0.0;0.8888888888888888;0.0;0.0;113.17796036809195;3.8092809886669534;0
DDD;2013B;391185;M;London Region;HE Qualification;0;120;N;5.0;True;False;False;0.0;1.0;1.0;49.0;88.84073355550242;1.5687131027008068;0
BBB;2013B;397118;F;North Region;Lower Than A Level;0;120;N;25.0;True;False;False;0.0;0.9090909090909091;0.0;0.0;77.45481906544873;1.5549882820362237;0
EEE;2014J;696485;M;Scotland;Lower Than A Level;0;60;N;15.0;True;False;False;0.0;0.75;0.0;0.0;79.04404296268704;2.390566213447569;0
BBB;2014B;2568059;F;East Midlands Region;A Level or Equivalent;0;180;N;65.0;True;False;False;0.0;0.9090909090909091;0.0;0.0;100.59492630385488;1.4851615646258505;0
EEE;2014B;624469;M;Yorkshire Region;Lower Than A Level;0;30;N;75.0;False;True;False;0.0;0.75;0.0;0.0;104.87440156317365;4.017535807798499;0
FFF;2013J;419565;M;East Anglian Region;Lower Than A Level;1;180;N;15.0;False;True;False;0.0;0.25;0.0;0.0;117.9296875;5.922916666666667;0
FFF;2013B;483620;M;West Midlands Region;Lower Than A Level;1;180;N;55.0;True;False;False;0.0;1.0;0.0;0.0;114.0467308865871;4.275205491468095;0
DDD;2013J;576031;M;East Anglian Region;A Level or Equivalent;0;60;N;65.0;True;False;False;0.0;0.0;0.0;0.0;0.0;0.0;1
DDD;2014J;556007;F;East Anglian Region;A Level or Equivalent;1;90;N;35.0;True;False;False;0.0;0.7706143424433542;0.665031534688157;42.11072179397337;-4.0;март.25;0
DDD;2014B;571292;F;Wales;Lower Than A Level;0;60;N;65.0;False;True;False;0.0;0.0;0.0;0.0;0.0;0.0;1
GGG;2014J;626005;F;South Region;A Level or Equivalent;0;30;N;55.0;True;False;False;0.0;1.0;0.0;0.0;117.6090526663882;3.8678777238234474;0
DDD;2013J;530967;M;Yorkshire Region;A Level or Equivalent;0;60;N;15.0;True;False;False;0.0;0.5;1.0;62.0;124.41744023022433;1.5391098484848484;0
DDD;2014J;683396;M;Yorkshire Region;HE Qualification;0;60;N;55.0;True;False;False;0.0;0.6666666666666666;1.0;38.0;108.15951335701335;2.3142683705183704;0
GGG;2013J;588289;F;South East Region;Lower Than A Level;0;30;N;75.0;True;False;False;0.0;1.0;0.0;0.0;140.8799507783883;2.7101564884768012;0
FFF;2014J;596805;M;Scotland;HE Qualification;2;60;N;47.115494568324756;True;False;False;0.0;0.0;0.0;0.0;0.0;0.0;1
CCC;2014B;628527;M;Wales;A Level or Equivalent;0;60;N;35.0;True;False;False;0.0;0.0;0.0;0.0;0.0;0.0;1
EEE;2014J;695855;M;Yorkshire Region;Lower Than A Level;0;30;N;55.0;True;False;False;0.0;1.0;0.0;0.0;96.82841488228686;4.429210248830325;0
CCC;2014B;543475;M;South West Region;A Level or Equivalent;0;60;N;65.0;True;False;False;0.0;0.75;1.0;26.0;113.13981800325577;1.902771533437323;0
CCC;2014J;2647893;M;South West Region;HE Qualification;0;30;N;95.0;False;True;False;0.0;1.0;1.0;100.0;124.18762542947707;1.7579925169586386;0
EEE;2014J;677189;F;Scotland;HE Qualification;0;60;N;75.0;True;False;False;0.0;1.0;0.0;0.0;106.77952025353325;3.6637766389657194;0
BBB;2014J;678777;F;East Midlands Region;Lower Than A Level;0;120;N;45.0;True;False;False;0.0;0.0;0.0;0.0;0.0;0.0;1
CCC;2014J;647763;F;Scotland;Lower Than A Level;0;60;N;85.0;False;True;False;0.0;1.0;1.0;98.0;116.1876282015327;3.4438086444181972;0
FFF;2014J;343709;M;North Western Region;Lower Than A Level;0;60;N;15.0;True;False;False;0.0;1.0;0.0;0.0;105.28921422278421;3.749691679179509;0
BBB;2014B;2641682;F;South West Region;Lower Than A Level;1;60;Y;75.0;True;False;False;0.0;0.45454545454545453;0.0;0.0;90.5904761904762;1.6052845528455284;0
BBB;2013J;528464;F;South East Region;A Level or Equivalent;2;60;N;95.0;True;False;False;0.0;1.0;0.0;0.0;111.59900284900286;1.9937932437932437;0
EEE;2014B;630120;F;London Region;A Level or Equivalent;0;30;N;45.0;True;False;False;0.0;0.0;0.0;0.0;0.0;0.0;1
DDD;2013J;519552;F;Scotland;HE Qualification;0;60;N;5.0;True;False;False;0.0;1.0;1.0;44.0;167.34540404637673;1.9267499976109246;0
EEE;2014J;697113;M;West Midlands Region;Lower Than A Level;0;60;N;5.0;False;True;False;0.0;1.0;0.0;0.0;97.76104850101298;3.613132401854394;0
EEE;2013J;610158;M;East Anglian Region;Lower Than A Level;0;60;N;45.0;True;False;False;0.0;1.0;0.0;0.0;83.30973888089274;3.9762511031741803;0
BBB;2014J;583775;M;West Midlands Region;Lower Than A Level;0;120;N;15.0;True;False;False;0.0;0.6;0.0;0.0;95.6261175898931;1.6459021703919663;0
DDD;2013J;2256318;M;Yorkshire Region;A Level or Equivalent;1;120;Y;25.0;True;False;False;0.0;0.0;0.0;0.0;0.0;0.0;1
DDD;2014J;231697;M;North Western Region;Lower Than A Level;0;60;N;85.0;True;False;False;0.0;0.0;0.0;0.0;0.0;0.0;1
BBB;2014B;565344;F;London Region;A Level or Equivalent;0;60;N;75.0;False;True;False;0.0;0.36363636363636365;0.0;0.0;35.8969696969697;2.4696969696969697;0
CCC;2014J;639232;M;London Region;A Level or Equivalent;0;120;N;15.0;False;True;False;0.0;0.0;0.0;0.0;0.0;0.0;1
BBB;2014B;623055;F;North Western Region;A Level or Equivalent;0;60;Y;25.0;True;False;False;0.0;0.9090909090909091;0.0;0.0;120.74363536472444;1.8277838667202773;0
DDD;2013J;570531;M;South Region;A Level or Equivalent;0;70;N;95.0;True;False;False;0.0;1.0;1.0;78.0;75.2406602832013;1.6770805671154996;0
FFF;2014B;613630;F;South East Region;Lower Than A Level;0;60;N;35.0;False;True;False;0.0;1.0;0.0;0.0;119.96017080002817;3.2825896136000345;0
FFF;2013J;594894;M;East Anglian Region;A Level or Equivalent;0;60;N;65.0;True;False;False;0.0;1.0;0.0;0.0;97.41471551877373;4.301519554712984;0
GGG;2014J;692171;F;Wales;Lower Than A Level;0;30;N;25.0;True;False;False;0.0;0.6666666666666666;0.0;0.0;123.78798701298702;3.2577200577200576;0
FFF;2014J;594229;M;South West Region;Lower Than A Level;0;60;N;15.0;False;True;False;0.0;0.9166666666666666;0.0;0.0;86.65250251591755;3.336539417162646;0
BBB;2014J;388738;M;South Region;A Level or Equivalent;1;60;N;15.0;False;True;False;0.0;0.0;0.0;0.0;0.0;0.0;1
FFF;2014J;466717;M;West Midlands Region;Lower Than A Level;0;60;N;45.0;True;False;False;0.0;0.0;0.0;0.0;0.0;0.0;1
BBB;2014J;645098;F;Scotland;HE Qualification;0;60;N;35.0;False;True;False;0.0;1.0;0.0;0.0;95.05495527204856;3.2045799120887537;0
FFF;2013B;1464952;M;East Anglian Region;HE Qualification;0;90;N;55.0;False;True;False;0.0;0.9166666666666666;0.0;0.0;95.26376182858452;3.8849426843041783;0
BBB;2014J;58653;F;North Western Region;Lower Than A Level;1;120;N;85.0;False;True;False;0.0;0.8;0.0;0.0;96.21436669906058;2.0500485908649173;0
CCC;2014B;575419;M;West Midlands Region;Lower Than A Level;0;90;N;55.0;True;False;False;0.0;0.0;0.0;0.0;0.0;0.0;1
CCC;2014J;603325;F;South East Region;A Level or Equivalent;0;60;Y;35.0;True;False;False;0.0;0.75;1.0;92.0;73.54738695283372;2.8162420590082538;0
BBB;2014J;2385665;F;East Anglian Region;Lower Than A Level;0;60;N;25.0;False;True;False;0.0;1.0;0.0;0.0;91.08155556542464;2.8460149051404544;0
DDD;2014J;441087;F;South Region;A Level or Equivalent;0;60;N;15.0;True;False;False;0.0;1.0;1.0;58.0;130.7797606604978;1.6004250175067873;0
BBB;2013B;555707;F;East Anglian Region;A Level or Equivalent;0;60;N;55.0;True;False;False;0.0;0.0;0.0;0.0;0.0;0.0;1
DDD;2014J;2641935;F;East Anglian Region;HE Qualification;0;60;N;55.0;True;False;False;0.0;1.0;1.0;71.0;113.8076911426148;1.5990647605151422;0
BBB;2013J;269204;F;South Region;Lower Than A Level;0;60;N;95.0;False;True;False;0.0;1.0;0.0;0.0;123.34340499710271;1.695994877205171;0
FFF;2013B;465175;M;Scotland;Lower Than A Level;1;90;N;65.0;True;False;False;0.0;0.4166666666666667;0.0;0.0;33.92514717499209;4.200525430937962;0
CCC;2014J;423664;M;South West Region;A Level or Equivalent;0;30;N;85.0;True;False;False;0.0;0.25;0.0;0.0;35.84166666666667;1.8743506493506494;0
BBB;2014J;637586;F;West Midlands Region;A Level or Equivalent;0;60;N;15.0;True;False;False;0.0;0.8;0.0;0.0;96.10380941886959;2.8522630635264252;0
AAA;2014J;124064;F;South East Region;A Level or Equivalent;0;120;N;65.0;True;False;False;0.0;1.0;0.0;0.0;135.19040364516547;2.9604870352825228;0
BBB;2013J;442144;F;North Western Region;Lower Than A Level;2;120;N;15.0;True;False;False;0.0;0.0;0.0;0.0;0.0;0.0;1
BBB;2013J;479020;F;South Region;Lower Than A Level;0;210;N;25.0;False;True;False;0.0;1.0;0.0;0.0;115.50074869194813;1.9743028555601234;0
FFF;2014J;485228;F;Scotland;Lower Than A Level;0;60;Y;5.0;False;True;False;0.0;1.0;0.0;0.0;95.49542854419248;4.9255695567851925;0
EEE;2014J;649843;M;London Region;A Level or Equivalent;0;60;N;15.0;True;False;False;0.0;1.0;0.0;0.0;84.40051511795699;3.0773851471525893;0
GGG;2014J;532862;F;South East Region;Lower Than A Level;0;60;N;65.0;False;True;False;0.0;0.2222222222222222;0.0;0.0;53.062606837606836;3.925;0
EEE;2014J;679883;F;South East Region;Lower Than A Level;0;60;N;15.0;True;False;False;0.0;0.0;0.0;0.0;0.0;0.0;1
BBB;2013J;587155;F;North Western Region;Lower Than A Level;0;120;N;75.0;True;False;False;0.0;0.0;0.0;0.0;0.0;0.0;1
BBB;2013B;530065;F;Yorkshire Region;A Level or Equivalent;0;180;N;75.0;False;True;False;0.0;0.9090909090909091;0.0;0.0;98.04191676670668;1.8854041616646657;0
FFF;2014J;656102;M;North Western Region;A Level or Equivalent;0;60;N;75.0;True;False;False;0.0;0.0;0.0;0.0;0.0;0.0;1
BBB;2013B;537259;M;London Region;A Level or Equivalent;0;120;N;35.0;True;False;False;0.0;0.9090909090909091;0.0;0.0;148.94889439374185;1.3043787483702738;0
DDD;2014B;587403;M;Wales;A Level or Equivalent;1;210;Y;85.0;True;False;False;0.0;0.0;0.0;0.0;0.0;0.0;1
BBB;2014B;2532643;F;South West Region;A Level or Equivalent;0;60;N;45.0;False;True;False;0.0;0.36363636363636365;0.0;0.0;12.483511586452764;2.227581242287125;0
DDD;2014J;684744;F;South Region;A Level or Equivalent;0;60;N;35.0;True;False;False;0.0;0.0;0.0;0.0;0.0;0.0;1
DDD;2013B;2659756;M;East Anglian Region;A Level or Equivalent;0;60;N;45.0;True;False;False;0.0;0.15384615384615385;0.0;0.0;6.397838680926916;1.5156526776339427;0
DDD;2013J;465399;F;East Midlands Region;Lower Than A Level;3;60;Y;55.0;True;False;False;0.0;0.0;0.0;0.0;0.0;0.0;1
CCC;2014B;624970;F;Scotland;HE Qualification;0;120;N;75.0;True;False;False;0.0;0.5;1.0;96.0;58.334569257902594;1.8786243386243386;0
BBB;2014B;624406;F;South Region;Lower Than A Level;0;60;N;95.0;False;True;False;0.0;1.0;0.0;0.0;101.19055954948577;1.801494654116753;0
DDD;2013J;579567;M;South Region;A Level or Equivalent;0;60;N;95.0;True;False;False;0.0;1.0;1.0;76.0;103.19063669451478;1.8252782532887857;0
FFF;2014J;696318;M;South Region;A Level or Equivalent;0;90;N;75.0;True;False;False;0.0;1.0;0.0;0.0;102.70016697324719;3.3326772056159473;0
DDD;2014J;493826;M;North Western Region;A Level or Equivalent;0;120;Y;5.0;False;True;False;0.0;0.0;0.0;0.0;0.0;0.0;1
DDD;2014J;313561;F;North Western Region;HE Qualification;0;60;N;65.0;False;True;False;0.0;1.0;1.0;73.0;79.45256486058149;1.3684041071274384;0
CCC;2014J;694147;M;London Region;A Level or Equivalent;0;180;N;25.0;True;False;False;0.0;0.0;0.0;0.0;0.0;0.0;1
DDD;2013B;423386;F;South East Region;Lower Than A Level;0;60;N;65.0;False;True;False;0.0;0.0;0.0;0.0;0.0;0.0;1
EEE;2014J;697460;M;Scotland;HE Qualification;0;60;N;65.0;True;False;False;0.0;0.25;0.0;0.0;13.938213500503178;3.5958342146927422;0
CCC;2014B;545045;M;North Western Region;Lower Than A Level;0;60;N;95.0;True;False;False;0.0;0.0;0.0;0.0;25.515151515151516;2.4893939393939393;0
BBB;2013J;576483;F;South Region;A Level or Equivalent;0;60;N;75.0;False;True;False;0.0;1.0;0.0;0.0;96.74783272283273;1.9330586080586079;0
DDD;2013B;549334;M;North Region;Lower Than A Level;0;60;N;5.0;True;False;False;0.0;0.0;0.0;0.0;0.0;0.0;1
FFF;2013J;313206;M;Wales;Lower Than A Level;1;60;Y;25.0;True;False;False;0.0;0.75;0.0;0.0;103.3238080274845;4.8932524719289425;0
BBB;2014B;618870;F;West Midlands Region;A Level or Equivalent;0;60;N;55.0;True;False;False;0.0;0.0;0.0;0.0;0.0;0.0;1
FFF;2013J;400145;M;Scotland;A Level or Equivalent;1;90;N;85.0;True;False;False;0.0;0.9166666666666666;0.0;0.0;137.87991718426503;4.565707384403036;0
EEE;2013J;578472;M;Scotland;Lower Than A Level;0;60;N;95.0;False;True;False;0.0;0.8558041112454655;0.0;0.0;21.86794871794872;3.741025641025641;0
DDD;2014B;528822;M;North Western Region;Lower Than A Level;0;60;N;15.0;True;False;False;0.0;0.0;0.0;0.0;0.0;0.0;1
CCC;2014B;105523;M;Scotland;HE Qualification;0;90;N;65.0;False;True;False;0.0;0.5;1.0;60.0;97.21418612702143;3.354451884467165;0
BBB;2014B;394331;F;East Midlands Region;Lower Than A Level;0;60;N;15.0;True;False;False;0.0;0.9090909090909091;0.0;0.0;113.15486658349752;2.240778323933086;0
DDD;2013B;515945;M;London Region;A Level or Equivalent;0;60;N;85.0;True;False;False;0.0;1.0;1.0;87.0;75.99423103457818;1.4307458785040734;0
FFF;2013J;516673;M;South Region;Lower Than A Level;1;120;N;95.0;True;False;False;0.0;0.0;0.0;0.0;0.0;0.0;1
DDD;2013J;580534;M;North Western Region;A Level or Equivalent;0;60;N;5.0;True;False;False;0.0;0.5;0.0;0.0;53.392648854413565;2.4668857286504347;0
FFF;2013J;485671;M;East Anglian Region;Lower Than A Level;1;150;Y;55.0;True;False;False;0.0;1.0;0.0;0.0;121.9877280551593;3.669493999621191;0
GGG;2013J;607514;F;East Anglian Region;Lower Than A Level;0;30;N;35.0;False;True;False;0.0;0.1111111111111111;0.0;0.0;19.820874183006538;1.8716094771241831;0
GGG;2013J;610739;F;South Region;Lower Than A Level;0;30;N;95.0;False;True;False;0.0;0.7777777777777778;0.0;0.0;134.71448863636363;2.5053030303030304;0
EEE;2014J;636996;M;Scotland;A Level or Equivalent;0;90;Y;65.0;True;False;False;0.0;1.0;0.0;0.0;80.26598278441546;3.0402688472947763;0
FFF;2013B;363749;M;South East Region;A Level or Equivalent;0;60;N;45.0;True;False;False;0.0;1.0;0.0;0.0;81.86880864677558;3.0541321774985657;0
DDD;2014B;600130;F;Yorkshire Region;A Level or Equivalent;1;180;N;5.0;True;False;False;0.0;0.0;0.0;0.0;0.0;0.0;1
BBB;2014J;689397;F;Ireland;A Level or Equivalent;0;60;N;95.0;True;False;False;0.0;1.0;0.0;0.0;142.95833333333334;3.336904761904762;0
CCC;2014B;600987;M;North Western Region;A Level or Equivalent;0;60;N;5.0;True;False;False;0.0;0.875;1.0;44.0;58.382782459476005;1.911085977194848;0
CCC;2014J;557700;M;North Region;Post Graduate Qualification;1;30;N;47.115494568324756;True;False;False;0.0;1.0;1.0;64.0;126.00390617521201;4.287101660197015;0
CCC;2014B;625330;M;Scotland;A Level or Equivalent;0;60;N;55.0;False;True;False;0.0;1.0;1.0;98.0;101.78764567140713;2.3271584106446492;0
GGG;2014J;342466;M;London Region;Lower Than A Level;0;30;N;35.0;False;True;False;0.0;0.0;0.0;0.0;0.0;0.0;0
BBB;2013J;2587329;F;Yorkshire Region;A Level or Equivalent;0;120;N;65.0;False;True;False;0.0;1.0;0.0;0.0;115.05382292741429;1.7731085673009892;0
CCC;2014B;267118;F;South West Region;Lower Than A Level;0;90;Y;35.0;True;False;False;0.0;0.0;0.0;0.0;0.0;0.0;1
CCC;2014J;465789;M;West Midlands Region;Lower Than A Level;0;60;N;15.0;True;False;False;0.0;0.5;1.0;44.0;96.2987299111141;3.4044315489604546;0
FFF;2014J;650321;M;East Anglian Region;Lower Than A Level;0;60;N;35.0;True;False;False;0.0;0.0;0.0;0.0;0.0;0.0;1
FFF;2013J;592550;M;South Region;A Level or Equivalent;0;150;N;55.0;True;False;False;0.0;0.16666666666666666;0.0;0.0;9.327536225133068;2.7498057537871023;0
BBB;2013J;591591;F;West Midlands Region;A Level or Equivalent;0;120;N;45.0;True;False;False;0.0;0.8181818181818182;0.0;0.0;136.3589578785674;1.7006346511439892;0
CCC;2014B;559912;M;East Midlands Region;Lower Than A Level;0;60;N;55.0;True;False;False;0.0;0.0;0.0;0.0;0.0;0.0;1
BBB;2013B;422070;F;East Midlands Region;A Level or Equivalent;1;90;N;55.0;True;False;False;0.0;0.6363636363636364;0.0;0.0;66.76978221415608;1.6006654567453116;0
EEE;2013J;547424;M;South East Region;A Level or Equivalent;0;60;N;75.0;True;False;False;0.0;1.0;0.0;0.0;108.22015579660123;3.7850062520338406;0
DDD;2014B;315633;M;London Region;Lower Than A Level;0;180;N;35.0;False;True;False;0.0;0.0;0.0;0.0;0.0;0.0;1
FFF;2014J;648515;M;Scotland;A Level or Equivalent;0;120;N;55.0;True;False;False;0.0;0.16666666666666666;0.0;0.0;23.346723236440976;2.2897133108826657;0
GGG;2014J;646572;F;London Region;Lower Than A Level;0;30;N;15.0;True;False;False;0.0;1.0;0.0;0.0;97.41786176716836;2.8229587316731246;0
DDD;2013B;524261;F;Scotland;HE Qualification;0;120;Y;5.0;False;True;False;0.0;0.0;0.0;0.0;0.0;0.0;1
DDD;2013J;555422;F;Yorkshire Region;A Level or Equivalent;0;180;N;75.0;True;False;False;0.0;0.0;0.0;0.0;0.0;0.0;1
DDD;2013J;591650;M;South Region;Lower Than A Level;0;120;N;5.0;True;False;False;0.0;0.0;0.0;0.0;0.0;0.0;1
FFF;2013B;559405;M;North Region;Lower Than A Level;0;60;N;47.115494568324756;False;True;False;0.0;0.5833333333333334;0.0;0.0;44.70793217349679;3.2056890015750774;0
FFF;2014B;1821249;M;South Region;Lower Than A Level;1;60;N;65.0;False;True;False;0.0;0.6897457158651188;0.0;0.0;32.47222222222222;2.8055555555555554;0
DDD;2014B;633467;M;East Anglian Region;Lower Than A Level;0;60;N;95.0;True;False;False;0.0;1.0;1.0;62.0;97.97741098267747;1.5758259655469995;0
DDD;2014J;361842;M;West Midlands Region;Lower Than A Level;1;60;N;65.0;True;False;False;0.0;0.7706143424433542;0.665031534688157;42.11072179397337;-21.0;01.май;0
CCC;2014B;305783;M;East Anglian Region;Lower Than A Level;0;60;N;75.0;True;False;False;0.0;0.0;0.0;0.0;0.0;0.0;1
FFF;2013B;267602;M;East Midlands Region;A Level or Equivalent;0;60;N;65.0;True;False;False;0.0;1.0;0.0;0.0;94.11866694056718;2.8576398798433997;0
FFF;2013B;422280;F;South Region;A Level or Equivalent;0;120;N;65.0;False;True;False;0.0;0.0;0.0;0.0;0.0;0.0;1
BBB;2014J;260137;M;West Midlands Region;HE Qualification;0;60;N;15.0;True;False;False;0.0;1.0;0.0;0.0;101.31211745839694;2.404590979364119;0
DDD;2014B;2610581;M;West Midlands Region;Lower Than A Level;0;60;N;45.0;True;False;False;0.0;0.0;0.0;0.0;0.0;0.0;1
BBB;2013J;582940;F;South East Region;Lower Than A Level;0;60;N;65.0;False;True;False;0.0;1.0;0.0;0.0;91.4881095467033;1.8728370154151404;0
AAA;2014J;55104;F;West Midlands Region;A Level or Equivalent;0;60;N;65.0;True;False;False;0.0;1.0;0.0;0.0;96.64043287580877;3.114533849282268;0
BBB;2013B;503491;F;West Midlands Region;Lower Than A Level;1;120;N;5.0;True;False;False;0.0;1.0;0.0;0.0;90.40556280396248;1.6834578084764844;0
BBB;2013J;566358;F;East Anglian Region;A Level or Equivalent;0;120;N;75.0;True;False;False;0.0;0.8181818181818182;0.0;0.0;87.90954570333881;2.0833552271483304;0
FFF;2014J;653797;M;South East Region;Lower Than A Level;0;60;Y;35.0;True;False;False;0.0;0.0;0.0;0.0;0.0;0.0;1
FFF;2013J;587611;M;North Western Region;Lower Than A Level;0;120;N;45.0;True;False;False;0.0;0.9166666666666666;0.0;0.0;115.8144560573031;3.2321181949656235;0
FFF;2013J;474126;M;East Anglian Region;Lower Than A Level;0;120;N;25.0;True;False;False;0.0;1.0;0.0;0.0;94.24558408129515;3.6110101904685794;0
DDD;2014B;627367;F;East Midlands Region;A Level or Equivalent;0;60;N;75.0;True;False;False;0.0;0.0;0.0;0.0;0.0;0.0;1
CCC;2014J;618513;M;Yorkshire Region;A Level or Equivalent;0;60;N;95.0;True;False;False;0.0;1.0;1.0;38.0;139.95892094017094;2.2979395604395605;0
EEE;2014J;567926;M;Scotland;HE Qualification;0;120;N;65.0;True;False;False;0.0;0.0;0.0;0.0;0.0;0.0;1
DDD;2014B;496085;F;South West Region;Lower Than A Level;0;150;N;35.0;True;False;False;0.0;0.6337579617834395;0.554140127388535;38.28768577494692;4.025824175824176;1.2797369297369299;0
DDD;2014J;2216442;M;Yorkshire Region;No Formal quals;1;90;N;35.0;True;False;False;0.0;0.5;0.0;0.0;52.45898415393322;1.2368562535370684;0
BBB;2014B;618631;F;Scotland;Lower Than A Level;0;90;N;55.0;True;False;False;0.0;0.2727272727272727;0.0;0.0;5.800595238095238;1.4613095238095237;0
CCC;2014B;320153;F;Yorkshire Region;Lower Than A Level;0;30;N;85.0;True;False;False;0.0;0.0;0.0;0.0;0.0;0.0;1
DDD;2014B;630200;F;East Midlands Region;A Level or Equivalent;0;90;N;65.0;True;False;False;0.0;1.0;1.0;40.0;75.2959673959674;2.012012012012012;0
CCC;2014J;649868;M;London Region;A Level or Equivalent;0;90;N;45.0;True;False;False;0.0;0.75;1.0;60.0;57.740811228912115;2.0312770030353837;0
FFF;2013B;547534;F;South Region;A Level or Equivalent;0;60;N;75.0;True;False;False;0.0;0.16666666666666666;0.0;0.0;24.102910539215685;3.3499183006535946;0
CCC;2014J;674808;F;Scotland;HE Qualification;0;60;N;45.0;True;False;False;0.0;1.0;1.0;56.0;98.97886904761904;2.0948032622139765;0
DDD;2013J;569279;M;Wales;Lower Than A Level;0;60;N;5.0;True;False;False;0.0;0.5;1.0;31.0;102.06915236179942;1.6305626290920407;0
BBB;2014B;628442;F;East Midlands Region;Lower Than A Level;0;60;N;25.0;True;False;False;0.0;0.0;0.0;0.0;0.0;0.0;1
AAA;2013J;2691206;F;West Midlands Region;A Level or Equivalent;0;60;N;55.0;True;False;False;0.0;1.0;0.0;0.0;112.51053429688791;3.5082752401860895;0
FFF;2014J;471374;M;Wales;A Level or Equivalent;0;150;N;75.0;True;False;False;0.0;0.0;0.0;0.0;0.0;0.0;1
FFF;2013J;579069;M;London Region;Lower Than A Level;0;120;N;25.0;False;True;False;0.0;0.0;0.0;0.0;0.0;0.0;1
BBB;2014B;559065;F;London Region;A Level or Equivalent;0;120;N;15.0;True;False;False;0.0;0.0;0.0;0.0;0.0;0.0;0
DDD;2014B;547860;F;Yorkshire Region;A Level or Equivalent;0;180;N;45.0;True;False;False;0.0;0.0;0.0;0.0;0.0;0.0;1
FFF;2013J;130658;M;South West Region;A Level or Equivalent;0;60;N;65.0;False;False;True;0.0;0.9166666666666666;0.0;0.0;96.68621532988416;3.4282257244919587;0
EEE;2014J;677631;M;South Region;A Level or Equivalent;0;60;N;35.0;True;False;False;0.0;0.0;0.0;0.0;0.0;0.0;1
DDD;2013B;1696174;M;East Anglian Region;Lower Than A Level;1;180;N;5.0;False;True;False;0.0;0.9230769230769231;1.0;64.0;106.56714237618046;1.3255247913091313;0
CCC;2014J;1638548;M;Scotland;A Level or Equivalent;1;120;N;55.0;False;True;False;0.0;0.0;0.0;0.0;0.0;0.0;1
BBB;2013J;521895;F;North Region;A Level or Equivalent;0;120;N;47.115494568324756;True;False;False;0.0;0.7272727272727273;0.0;0.0;99.7732293697206;1.4630093752900768;0
FFF;2014B;2022750;M;Scotland;Lower Than A Level;0;60;N;35.0;False;True;False;0.0;0.0;0.0;0.0;0.0;0.0;1
EEE;2014J;677741;M;South Region;A Level or Equivalent;0;60;N;75.0;True;False;False;0.0;1.0;0.0;0.0;71.22417526731145;2.715728167090925;0
FFF;2014B;203568;F;East Anglian Region;Lower Than A Level;1;180;N;45.0;True;False;False;0.0;0.5833333333333334;0.0;0.0;68.530356129676;3.933162003881446;0
DDD;2013B;2581822;M;West Midlands Region;HE Qualification;0;120;N;35.0;True;False;False;0.0;0.0;0.0;0.0;0.0;0.0;1
FFF;2014B;345442;M;Ireland;Lower Than A Level;0;60;N;5.0;True;False;False;0.0;0.25;0.0;0.0;59.774294409807226;1.7787759762962039;0
GGG;2014J;646891;F;South Region;Lower Than A Level;0;60;N;15.0;False;True;False;0.0;0.0;0.0;0.0;0.0;0.0;1
FFF;2014B;591318;M;South Region;Lower Than A Level;0;60;Y;85.0;True;False;False;0.0;0.0;0.0;0.0;0.0;0.0;1
FFF;2013B;443950;M;Ireland;Lower Than A Level;0;60;N;45.0;True;False;False;0.0;0.9166666666666666;0.0;0.0;81.46635251456375;3.0218574422616418;0
BBB;2013J;579259;F;London Region;Lower Than A Level;0;120;N;15.0;True;False;False;0.0;0.0;0.0;0.0;0.0;0.0;1
DDD;2014B;84605;M;North Region;A Level or Equivalent;1;120;N;47.115494568324756;False;True;False;0.0;0.6666666666666666;1.0;76.0;125.53075483091787;1.9592028985507246;0
EEE;2014B;2359504;F;Scotland;Post Graduate Qualification;0;30;N;95.0;False;True;False;0.0;0.25;0.0;0.0;28.418634501699017;3.8970209002467064;0
CCC;2014B;631655;M;East Anglian Region;HE Qualification;0;60;N;85.0;True;False;False;0.0;1.0;1.0;38.0;95.67223919962684;2.4917704798322773;0
CCC;2014B;588956;M;South East Region;HE Qualification;0;120;N;75.0;True;False;False;0.0;0.375;1.0;78.0;133.17959770114942;2.0543766578249336;0
DDD;2013B;304893;M;North Western Region;A Level or Equivalent;0;120;N;45.0;True;False;False;0.0;0.0;0.0;0.0;0.0;0.0;1
EEE;2013J;566970;M;East Anglian Region;A Level or Equivalent;0;60;N;45.0;True;False;False;0.0;0.0;0.0;0.0;0.0;0.0;1
DDD;2014J;676963;M;Scotland;A Level or Equivalent;0;60;N;5.0;False;True;False;0.0;1.0;1.0;69.0;102.84690010711682;1.7005941449298498;0
EEE;2014B;540509;M;South East Region;Lower Than A Level;0;60;N;35.0;True;False;False;0.0;1.0;0.0;0.0;92.91160874822565;3.46204292121138;0
FFF;2014B;626530;M;Wales;HE Qualification;0;60;N;35.0;False;True;False;0.0;1.0;0.0;0.0;84.3833517344253;7.350546019790973;0
DDD;2013B;2248715;M;South West Region;HE Qualification;1;90;N;75.0;True;False;False;0.0;0.9230769230769231;1.0;53.0;97.81507098102783;1.6854091571473024;0
BBB;2014B;585150;F;West Midlands Region;A Level or Equivalent;0;60;N;5.0;True;False;False;0.0;1.0;0.0;0.0;114.27196804647784;1.4919898329702252;0
BBB;2013J;567160;F;East Anglian Region;A Level or Equivalent;0;60;N;35.0;True;False;False;0.0;0.7272727272727273;0.0;0.0;56.19227994227994;1.5438311688311688;0
FFF;2014J;586811;M;South Region;A Level or Equivalent;1;60;N;95.0;True;False;False;0.0;0.08333333333333333;0.0;0.0;18.216756272401433;2.889426523297491;0
BBB;2014B;340962;F;Ireland;A Level or Equivalent;0;60;N;45.0;True;False;False;0.0;0.0;0.0;0.0;0.0;0.0;1
BBB;2014B;598451;M;East Anglian Region;Lower Than A Level;0;120;N;85.0;False;True;False;0.0;0.0;0.0;0.0;0.0;0.0;1
BBB;2013B;151697;F;East Midlands Region;A Level or Equivalent;0;60;Y;95.0;True;False;False;0.0;1.0;0.0;0.0;92.70243627686237;1.6948748200287953;0
BBB;2014J;420631;F;Yorkshire Region;Lower Than A Level;0;60;N;55.0;False;True;False;0.0;0.8;0.0;0.0;70.5396659100639;2.830114248813713;0
BBB;2013B;351290;F;East Midlands Region;Lower Than A Level;2;60;N;45.0;True;False;False;0.0;1.0;0.0;0.0;83.6896775638155;1.8901258103804026;0
DDD;2013J;352771;F;Yorkshire Region;A Level or Equivalent;0;60;N;55.0;True;False;False;0.0;1.0;1.0;76.0;73.05862531849138;1.8087745013864427;0
EEE;2014J;551117;M;South Region;A Level or Equivalent;0;30;N;85.0;True;False;False;0.0;0.0;0.0;0.0;0.0;0.0;1
BBB;2013J;37622;F;Scotland;HE Qualification;1;120;N;85.0;True;False;False;0.0;0.9090909090909091;0.0;0.0;136.80961538461537;2.3861573111573113;0
DDD;2014B;585372;F;Yorkshire Region;Lower Than A Level;0;60;N;25.0;True;False;False;0.0;0.0;0.0;0.0;0.0;0.0;1
FFF;2014J;653616;M;West Midlands Region;Lower Than A Level;0;60;N;35.0;True;False;False;0.0;0.0;0.0;0.0;0.0;0.0;1
EEE;2014B;621401;M;Yorkshire Region;A Level or Equivalent;0;60;N;35.0;True;False;False;0.0;0.808768656716418;0.0;0.0;5.511111111111111;2.6333333333333333;0
CCC;2014J;2504694;F;North Western Region;Lower Than A Level;0;90;Y;15.0;True;False;False;0.0;0.0;0.0;0.0;0.0;0.0;1
EEE;2014J;643404;F;Scotland;HE Qualification;0;60;N;45.0;True;False;False;0.0;0.75;0.0;0.0;80.73771413771414;5.478163503163503;0
BBB;2013J;578520;M;Ireland;Lower Than A Level;0;60;N;5.0;True;False;False;0.0;0.0;0.0;0.0;0.0;0.0;0
BBB;2013B;547259;F;East Anglian Region;Lower Than A Level;0;60;N;15.0;True;False;False;0.0;0.9090909090909091;0.0;0.0;101.35163741039848;1.4254415932889068;0
GGG;2014B;561441;F;South Region;Lower Than A Level;1;60;N;45.0;False;True;False;0.0;0.0;0.0;0.0;0.0;0.0;1
FFF;2013B;488386;F;London Region;HE Qualification;0;60;Y;25.0;True;False;False;0.0;0.0;0.0;0.0;0.0;0.0;1
FFF;2014J;631658;M;East Anglian Region;Lower Than A Level;0;60;N;95.0;False;True;False;0.0;1.0;0.0;0.0;121.4758575047223;3.410301928991565;0
CCC;2014J;409953;M;West Midlands Region;A Level or Equivalent;0;60;N;35.0;False;True;False;0.0;1.0;1.0;70.0;128.7483572847497;1.578348420120572;0
CCC;2014B;617355;F;South Region;Lower Than A Level;0;60;N;35.0;True;False;False;0.0;1.0;1.0;78.0;99.31091508345854;2.2108384535550676;0
FFF;2014J;681063;M;South Region;Lower Than A Level;0;60;N;85.0;True;False;False;0.0;0.0;0.0;0.0;0.0;0.0;1
BBB;2013B;549713;F;West Midlands Region;Lower Than A Level;0;60;Y;5.0;False;True;False;0.0;0.0;0.0;0.0;0.0;0.0;1
EEE;2013J;404050;M;West Midlands Region;Lower Than A Level;0;95;N;25.0;True;False;False;0.0;0.0;0.0;0.0;0.0;0.0;1
BBB;2014B;618534;F;East Midlands Region;Lower Than A Level;0;120;N;45.0;True;False;False;0.0;0.0;0.0;0.0;0.0;0.0;0
GGG;2013J;483158;F;West Midlands Region;A Level or Equivalent;0;30;N;75.0;False;True;False;0.0;0.0;0.0;0.0;0.0;0.0;0
CCC;2014J;560554;M;North Western Region;A Level or Equivalent;0;30;N;15.0;True;False;False;0.0;0.625;1.0;32.0;138.83222639933166;3.1997284878863828;0
DDD;2013B;191896;F;London Region;Lower Than A Level;0;60;N;15.0;False;True;False;0.0;0.8461538461538461;1.0;33.0;80.61557570497787;1.6237686324642846;0
GGG;2014J;636018;F;North Western Region;Lower Than A Level;0;30;N;5.0;True;False;False;0.0;1.0;0.0;0.0;108.25176246043826;3.2800473532893624;0
EEE;2013J;599284;M;Wales;Lower Than A Level;0;30;N;85.0;True;False;False;0.0;0.5;0.0;0.0;58.91576958206061;3.0811432241978918;0
FFF;2014B;624556;M;West Midlands Region;Lower Than A Level;0;60;N;85.0;True;False;False;0.0;1.0;0.0;0.0;66.36599385801752;3.601142268501604;0
FFF;2013J;2239746;M;East Anglian Region;Lower Than A Level;1;120;Y;95.0;True;False;False;0.0;1.0;0.0;0.0;58.867694951707165;3.8570565947163304;0
BBB;2014B;624734;F;East Anglian Region;A Level or Equivalent;0;60;N;65.0;True;False;False;0.0;0.0;0.0;0.0;0.0;0.0;1
BBB;2014B;609282;F;West Midlands Region;Lower Than A Level;1;120;N;15.0;False;True;False;0.0;0.0;0.0;0.0;0.0;0.0;1
FFF;2014J;697257;M;North Western Region;A Level or Equivalent;0;120;N;15.0;False;True;False;0.0;0.0;0.0;0.0;0.0;0.0;1
DDD;2013B;548173;F;East Anglian Region;Lower Than A Level;0;60;N;85.0;True;False;False;0.0;0.0;0.0;0.0;0.0;0.0;1
BBB;2014J;1585768;F;Wales;A Level or Equivalent;0;60;N;85.0;False;True;False;0.0;0.4;0.0;0.0;11.661011904761905;2.5654761904761902;0
CCC;2014B;625740;M;North Western Region;HE Qualification;0;60;N;35.0;True;False;False;0.0;0.875;0.0;0.0;60.90757456239201;2.9707610247164;0
FFF;2014J;125063;M;London Region;Lower Than A Level;0;60;N;65.0;False;True;False;0.0;1.0;0.0;0.0;115.11737263168041;3.776466651592524;0
CCC;2014B;633637;M;Yorkshire Region;A Level or Equivalent;0;60;N;5.0;True;False;False;0.0;0.125;0.0;0.0;14.426997245179063;3.275482093663912;0
FFF;2013J;2345900;F;South West Region;A Level or Equivalent;0;60;N;15.0;True;False;False;0.0;1.0;0.0;0.0;103.26797854824797;3.217332775430414;0
BBB;2014J;578861;F;South East Region;A Level or Equivalent;0;60;N;25.0;False;True;False;0.0;0.8;0.0;0.0;129.46085766585958;2.901355988165581;0
EEE;2014J;502004;M;North Western Region;A Level or Equivalent;0;60;N;45.0;False;True;False;0.0;1.0;0.0;0.0;123.07583097618306;3.6110131321747843;0
CCC;2014J;584443;F;Scotland;Lower Than A Level;0;150;Y;75.0;True;False;False;0.0;0.0;0.0;0.0;0.0;0.0;1
FFF;2014J;500068;M;West Midlands Region;Lower Than A Level;0;60;N;15.0;True;False;False;0.0;1.0;0.0;0.0;77.48530319734634;3.0736366097061842;0
BBB;2014J;412081;F;Ireland;A Level or Equivalent;1;60;N;35.0;False;True;False;0.0;1.0;0.0;0.0;85.3696923597025;3.237525354969574;0
FFF;2014J;630910;M;South West Region;A Level or Equivalent;0;60;N;25.0;False;True;False;0.0;1.0;0.0;0.0;117.05468620626093;5.702290708562833;0
EEE;2013J;575336;M;East Anglian Region;Lower Than A Level;0;60;N;35.0;True;False;False;0.0;1.0;0.0;0.0;92.4960015480315;2.9010604951516723;0
CCC;2014J;696469;M;Ireland;HE Qualification;0;90;N;47.115494568324756;False;True;False;0.0;1.0;1.0;94.0;107.82671826530697;2.3590646931473542;0
CCC;2014J;591083;F;North Region;Lower Than A Level;0;30;N;25.0;False;True;False;0.0;0.75;1.0;28.0;103.02069451284193;3.5129480616804476;0
FFF;2013J;571973;M;London Region;Lower Than A Level;0;60;N;25.0;True;False;False;0.0;1.0;0.0;0.0;67.9813966963967;3.1423755701028426;0
CCC;2014J;607947;M;North Western Region;A Level or Equivalent;0;30;N;75.0;True;False;False;0.0;1.0;1.0;88.0;92.97240055541941;1.9944376378338642;0
EEE;2013J;356568;F;South West Region;HE Qualification;0;240;N;75.0;True;False;False;0.0;1.0;0.0;0.0;62.9892439191065;3.7167655298072844;0
FFF;2014J;676324;M;East Midlands Region;Lower Than A Level;0;60;N;75.0;False;True;False;0.0;0.0;0.0;0.0;0.0;0.0;1
BBB;2014J;687406;F;Wales;HE Qualification;0;60;N;55.0;False;True;False;0.0;1.0;0.0;0.0;69.5212432091957;2.318628865687689;0
FFF;2014B;543686;M;East Midlands Region;A Level or Equivalent;0;60;Y;5.0;True;False;False;0.0;0.9166666666666666;0.0;0.0;85.9895853960606;3.0608831841761828;0
FFF;2014B;634426;M;South Region;A Level or Equivalent;0;60;N;85.0;True;False;False;0.0;1.0;0.0;0.0;68.39795260066097;3.3592047157930263;0
DDD;2013J;549032;F;South East Region;A Level or Equivalent;0;120;N;25.0;True;False;False;0.0;1.0;1.0;64.0;104.88886379820745;1.720661974467206;0
DDD;2013J;231572;M;South West Region;A Level or Equivalent;0;120;N;55.0;True;False;False;0.0;0.8333333333333334;1.0;64.0;137.90173933209647;1.5573051948051948;0
FFF;2013J;424171;M;South Region;A Level or Equivalent;0;90;N;65.0;True;False;False;0.0;1.0;0.0;0.0;106.26413095490743;3.2195043494892452;0
FFF;2013B;60519;F;London Region;A Level or Equivalent;0;60;N;5.0;False;True;False;0.0;0.0;0.0;0.0;0.0;0.0;1
DDD;2013J;600842;M;North Western Region;A Level or Equivalent;0;60;N;35.0;True;False;False;0.0;0.0;0.0;0.0;0.0;0.0;1
GGG;2014B;630538;F;South West Region;Lower Than A Level;0;90;N;95.0;True;False;False;0.0;0.0;0.0;0.0;0.0;0.0;1
BBB;2014B;38941;F;East Midlands Region;A Level or Equivalent;0;60;N;15.0;True;False;False;0.0;0.09090909090909091;0.0;0.0;73.14479609086642;1.9764644206342048;0
EEE;2014B;426316;M;Scotland;HE Qualification;0;60;N;45.0;True;False;False;0.0;1.0;0.0;0.0;85.21845015125066;6.305964682754965;0
EEE;2014J;2067969;M;Scotland;HE Qualification;0;60;N;75.0;False;True;False;0.0;1.0;0.0;0.0;117.25118035845591;4.086789789730966;0
FFF;2014J;654236;M;North Region;A Level or Equivalent;0;90;N;47.115494568324756;True;False;False;0.0;1.0;0.0;0.0;76.65645784052847;4.067979788724563;0
BBB;2013B;550051;F;East Midlands Region;A Level or Equivalent;0;60;N;5.0;True;False;False;0.0;0.0;0.0;0.0;0.0;0.0;1
DDD;2013B;495734;M;London Region;A Level or Equivalent;0;60;N;65.0;True;False;False;0.0;0.8461538461538461;1.0;60.0;96.1451351114135;1.6963889957446836;0
CCC;2014J;622192;F;Scotland;A Level or Equivalent;0;60;N;35.0;False;True;False;0.0;1.0;1.0;78.0;78.01006217466744;2.127551892551893;0
BBB;2014J;681150;F;South West Region;Lower Than A Level;0;60;N;75.0;True;False;False;0.0;1.0;0.0;0.0;88.78296819599743;4.088346913251765;0
BBB;2013B;133155;F;Yorkshire Region;HE Qualification;0;60;N;55.0;False;True;False;0.0;1.0;0.0;0.0;111.4299437226005;2.122407567869614;0
FFF;2014B;614730;M;South West Region;Lower Than A Level;0;60;Y;35.0;True;False;False;0.0;0.0;0.0;0.0;0.0;0.0;1
BBB;2014B;568559;F;East Midlands Region;Lower Than A Level;1;120;N;95.0;False;True;False;0.0;1.0;0.0;0.0;116.30799265697182;1.5649503979743842;0
DDD;2014B;601731;M;London Region;A Level or Equivalent;1;210;N;35.0;True;False;False;0.0;0.0;0.0;0.0;0.0;0.0;0
FFF;2014B;466576;M;Scotland;Post Graduate Qualification;0;75;N;55.0;True;False;False;0.0;0.6666666666666666;0.0;0.0;114.7886519465505;3.769816088366813;0
DDD;2014J;637473;M;West Midlands Region;A Level or Equivalent;0;60;N;95.0;True;False;False;0.0;1.0;1.0;76.0;137.58498318792562;1.9561268038547097;0
CCC;2014J;685236;M;Wales;HE Qualification;0;60;N;75.0;True;False;False;0.0;0.0;0.0;0.0;0.0;0.0;1
GGG;2014B;592001;F;London Region;A Level or Equivalent;0;30;N;55.0;True;False;False;0.0;0.7777777777777778;0.0;0.0;106.43575036075035;2.073905723905724;0
FFF;2013B;377046;F;South East Region;Lower Than A Level;0;90;N;85.0;False;True;False;0.0;0.0;0.0;0.0;0.0;0.0;1
EEE;2013J;573462;F;Wales;HE Qualification;0;60;N;15.0;False;True;False;0.0;0.75;0.0;0.0;75.12734577922078;4.508428030303031;0
DDD;2013B;435780;F;Scotland;Lower Than A Level;1;180;N;55.0;True;False;False;0.0;0.0;0.0;0.0;0.0;0.0;1
BBB;2013B;513368;F;North Region;A Level or Equivalent;0;60;N;35.0;True;False;False;0.0;0.0;0.0;0.0;0.0;0.0;1
FFF;2014B;627061;M;Scotland;HE Qualification;0;60;N;75.0;True;False;False;0.0;1.0;0.0;0.0;92.75476741728588;4.160638156256084;0
FFF;2013J;229191;M;London Region;A Level or Equivalent;0;120;N;15.0;False;True;False;0.0;0.0;0.0;0.0;0.0;0.0;1
EEE;2013J;603053;M;Scotland;A Level or Equivalent;0;90;N;45.0;True;False;False;0.0;0.0;0.0;0.0;0.0;0.0;0
CCC;2014J;576433;M;East Anglian Region;A Level or Equivalent;0;30;N;65.0;True;False;False;0.0;1.0;1.0;92.0;165.08400982615268;4.034658146086717;0
FFF;2014J;622275;M;South East Region;Lower Than A Level;0;60;N;15.0;True;False;False;0.0;0.0;0.0;0.0;0.0;0.0;1
DDD;2013J;561810;M;East Anglian Region;A Level or Equivalent;0;60;N;75.0;True;False;False;0.0;0.8333333333333334;1.0;82.0;104.88279470077553;2.1503461398988803;0
FFF;2013B;546780;M;Wales;Lower Than A Level;0;60;N;25.0;True;False;False;0.0;0.3333333333333333;0.0;0.0;43.65686170688473;2.2443655546451597;0
FFF;2014B;631235;M;South West Region;HE Qualification;0;60;N;35.0;True;False;False;0.0;1.0;0.0;0.0;82.17631622604449;3.9821058953124173;0
BBB;2014J;674758;F;South Region;A Level or Equivalent;0;60;N;85.0;True;False;False;0.0;0.0;0.0;0.0;0.0;0.0;1
FFF;2014J;648287;M;Wales;A Level or Equivalent;0;150;N;85.0;True;False;False;0.0;0.9166666666666666;0.0;0.0;101.35638982765133;3.811271868477492;0
FFF;2014B;592766;M;East Midlands Region;A Level or Equivalent;0;90;N;45.0;True;False;False;0.0;1.0;0.0;0.0;95.03442153731152;3.4006951991162286;0
CCC;2014J;688707;M;North Region;HE Qualification;0;30;N;47.115494568324756;True;False;False;0.0;0.625;0.0;0.0;40.472410494252344;1.5239212624940688;0
BBB;2014J;676322;F;Scotland;Lower Than A Level;0;120;N;65.0;True;False;False;0.0;1.0;0.0;0.0;89.24825775043308;1.937270425607561;0
BBB;2014J;628656;F;Scotland;HE Qualification;0;60;N;45.0;True;False;False;0.0;0.8;0.0;0.0;126.74807692307692;2.552950752950753;0
DDD;2014B;624839;M;North Western Region;Lower Than A Level;0;60;N;65.0;True;False;False;0.0;0.8333333333333334;1.0;73.0;85.26874036947426;1.5965927947608138;0
CCC;2014B;622130;F;Yorkshire Region;A Level or Equivalent;0;120;N;15.0;True;False;False;0.0;0.0;0.0;0.0;0.0;0.0;1
FFF;2014J;695169;M;West Midlands Region;A Level or Equivalent;0;120;N;85.0;True;False;False;0.0;0.9166666666666666;0.0;0.0;125.19650077162733;5.276583727198263;0
EEE;2013J;578056;M;Yorkshire Region;A Level or Equivalent;0;60;N;45.0;True;False;False;0.0;1.0;0.0;0.0;103.08671126852944;3.4366956276047183;0
CCC;2014J;515426;F;South Region;A Level or Equivalent;0;60;N;85.0;True;False;False;0.0;0.75;0.0;0.0;68.54393592508623;2.9193561241965087;0
DDD;2013J;609480;F;South East Region;A Level or Equivalent;0;60;N;35.0;False;True;False;0.0;0.6982071713147411;0.6420982735723771;41.732403718459494;33.05769230769231;1.8461538461538463;0
FFF;2014B;617805;M;North Region;Lower Than A Level;0;60;N;15.0;True;False;False;0.0;1.0;0.0;0.0;90.03670056058168;3.3294158759946586;0
EEE;2013J;401296;F;East Anglian Region;A Level or Equivalent;0;60;N;25.0;False;True;False;0.0;1.0;0.0;0.0;99.67794971660713;3.5559120855995854;0
DDD;2014B;563763;F;East Anglian Region;Lower Than A Level;0;60;Y;35.0;True;False;False;0.0;0.8333333333333334;1.0;82.0;81.74843323123955;1.62755134632605;0
CCC;2014J;615075;M;East Anglian Region;A Level or Equivalent;0;60;N;35.0;True;False;False;0.0;1.0;1.0;98.0;72.71362257412669;1.8158120877316783;0
EEE;2014J;676676;M;Wales;A Level or Equivalent;0;30;N;45.0;True;False;False;0.0;1.0;0.0;0.0;103.22204394632864;4.197695235067006;0
BBB;2013J;2512392;F;Wales;Lower Than A Level;1;60;N;95.0;False;True;False;0.0;0.9090909090909091;0.0;0.0;181.61997936761418;1.7020142302545331;0
EEE;2013J;550059;M;Ireland;Lower Than A Level;0;60;N;55.0;True;False;False;0.0;0.25;0.0;0.0;35.591493094718906;4.5399406149406145;0
DDD;2013B;2526483;M;Scotland;Lower Than A Level;0;60;Y;25.0;False;True;False;0.0;0.6377753701697364;0.5652582159624413;31.854460093896712;32.891304347826086;1.8594202898550725;0
DDD;2014J;683718;M;Scotland;A Level or Equivalent;0;90;N;95.0;False;True;False;0.0;1.0;1.0;42.0;90.6175795359091;1.8599396160023633;0
BBB;2014J;653952;F;East Midlands Region;A Level or Equivalent;0;150;N;25.0;False;True;False;0.0;0.0;0.0;0.0;0.0;0.0;1
FFF;2013J;29335;M;West Midlands Region;Lower Than A Level;0;60;N;45.0;True;False;False;0.0;1.0;0.0;0.0;97.40885458596358;2.947630478436407;0
BBB;2013B;265405;F;North Western Region;Lower Than A Level;1;60;N;85.0;False;True;False;0.0;0.0;0.0;0.0;0.0;0.0;1
BBB;2014J;605901;F;West Midlands Region;A Level or Equivalent;0;60;Y;15.0;True;False;False;0.0;0.0;0.0;0.0;0.0;0.0;1
GGG;2014B;617346;F;London Region;Lower Than A Level;0;30;N;5.0;True;False;False;0.0;0.7735849056603774;0.0;0.0;8.261538461538462;1.9427350427350427;0
GGG;2014B;631542;M;North Western Region;A Level or Equivalent;0;30;Y;15.0;False;True;False;0.0;0.8888888888888888;0.0;0.0;110.74004050111705;2.620544190719969;0
FFF;2013B;486145;M;South Region;HE Qualification;1;120;N;45.0;True;False;False;0.0;0.25;0.0;0.0;41.877019062808536;2.804571023518392;0
FFF;2013J;585301;M;North Region;A Level or Equivalent;0;90;N;35.0;True;False;False;0.0;0.3333333333333333;0.0;0.0;63.57747043952157;2.5156786472352914;0
BBB;2013B;531428;F;East Midlands Region;A Level or Equivalent;1;120;N;35.0;True;False;False;0.0;0.0;0.0;0.0;0.0;0.0;1
DDD;2014J;689231;M;South East Region;A Level or Equivalent;0;60;N;45.0;True;False;False;0.0;1.0;1.0;60.0;119.42184226402344;1.443462432906186;0
DDD;2014J;648419;F;North Western Region;A Level or Equivalent;0;120;N;15.0;True;False;False;0.0;0.0;0.0;0.0;0.0;0.0;1
CCC;2014J;637086;F;East Midlands Region;A Level or Equivalent;0;90;N;35.0;True;False;False;0.0;0.0;0.0;0.0;0.0;0.0;1
CCC;2014B;634878;F;Wales;HE Qualification;0;30;N;65.0;False;True;False;0.0;0.75;1.0;70.0;57.90430499606485;2.325427036565616;0
CCC;2014J;2063436;F;North Western Region;A Level or Equivalent;0;60;Y;15.0;False;True;False;0.0;0.0;0.0;0.0;0.0;0.0;1
DDD;2013B;407838;M;Ireland;A Level or Equivalent;0;60;N;47.115494568324756;False;True;False;0.0;0.0;0.0;0.0;17.629027634445592;1.9250487329434698;0
EEE;2014B;626789;M;South West Region;Lower Than A Level;0;30;N;45.0;True;False;False;0.0;0.0;0.0;0.0;0.0;0.0;1
EEE;2013J;504492;M;Scotland;HE Qualification;0;60;N;75.0;False;True;False;0.0;1.0;0.0;0.0;108.81782720766688;4.775453945879016;0
DDD;2014B;473406;M;Scotland;Lower Than A Level;1;120;N;95.0;False;True;False;0.0;0.0;0.0;0.0;0.0;0.0;1
DDD;2014B;623332;M;Scotland;A Level or Equivalent;0;120;N;85.0;True;False;False;0.0;0.0;0.0;0.0;0.0;0.0;1
EEE;2013J;606190;M;East Midlands Region;Lower Than A Level;0;60;N;35.0;False;True;False;0.0;0.0;0.0;0.0;0.0;0.0;1
FFF;2014J;469499;M;North Region;A Level or Equivalent;0;60;N;5.0;True;False;False;0.0;1.0;0.0;0.0;111.189219819771;3.410576039861061;0
BBB;2014J;647876;F;East Anglian Region;Lower Than A Level;0;120;N;85.0;True;False;False;0.0;0.0;0.0;0.0;0.0;0.0;1
CCC;2014B;2142662;M;East Midlands Region;HE Qualification;0;30;N;15.0;False;True;False;0.0;0.0;0.0;0.0;0.0;0.0;1
GGG;2013J;601997;F;North Western Region;HE Qualification;0;30;N;55.0;False;True;False;0.0;0.0;0.0;0.0;0.0;0.0;1
FFF;2014B;602818;M;West Midlands Region;Lower Than A Level;0;120;N;35.0;True;False;False;0.0;1.0;0.0;0.0;110.68964868879928;3.6015938017749782;0
GGG;2014B;626675;F;East Anglian Region;Lower Than A Level;0;30;N;35.0;True;False;False;0.0;0.3333333333333333;0.0;0.0;86.03472222222223;2.938657407407407;0
DDD;2013J;587576;M;North Region;A Level or Equivalent;0;180;N;47.115494568324756;True;False;False;0.0;0.0;0.0;0.0;0.0;0.0;1
FFF;2014B;634349;M;Scotland;A Level or Equivalent;0;120;N;5.0;True;False;False;0.0;0.08333333333333333;0.0;0.0;13.776767676767678;1.6747474747474747;0
CCC;2014B;579321;M;South East Region;Lower Than A Level;0;180;N;25.0;True;False;False;0.0;0.0;0.0;0.0;0.0;0.0;1
CCC;2014J;634365;F;East Anglian Region;HE Qualification;0;30;N;75.0;False;True;False;0.0;0.5;1.0;92.0;97.85448808431495;1.6421599132591236;0
DDD;2014B;468386;F;Scotland;HE Qualification;2;310;N;5.0;True;False;False;0.0;0.0;0.0;0.0;0.0;0.0;1
DDD;2013J;2366024;M;North Western Region;A Level or Equivalent;0;90;N;25.0;True;False;False;0.0;0.6666666666666666;0.0;0.0;56.52234627087074;1.5731131911497729;0
EEE;2014B;631334;M;South Region;A Level or Equivalent;0;60;Y;45.0;True;False;False;0.0;1.0;0.0;0.0;109.46126227308045;2.642900805703836;0
BBB;2013B;539710;F;West Midlands Region;Lower Than A Level;0;60;N;45.0;True;False;False;0.0;0.7314562719968125;0.0;0.0;10.0;март.25;0
BBB;2014J;694380;F;Ireland;HE Qualification;0;60;N;65.0;True;False;False;0.0;0.0;0.0;0.0;0.0;0.0;1
CCC;2014B;516726;M;East Anglian Region;A Level or Equivalent;0;60;N;85.0;True;False;False;0.0;0.875;1.0;100.0;92.50767956172368;2.082792561469032;0
DDD;2014B;284540;F;South East Region;Lower Than A Level;1;120;N;85.0;True;False;False;0.0;0.16666666666666666;0.0;0.0;дек.75;1.4456018518518519;0
FFF;2013B;411013;M;North Region;Lower Than A Level;1;180;N;47.115494568324756;True;False;False;0.0;1.0;0.0;0.0;107.94671715655322;2.6501963883111426;0
GGG;2014J;609427;F;East Midlands Region;A Level or Equivalent;0;30;N;5.0;True;False;False;0.0;0.2222222222222222;0.0;0.0;83.83626503126503;2.4510864952041422;0
BBB;2014B;349401;F;South East Region;A Level or Equivalent;0;180;Y;25.0;True;False;False;0.0;0.0;0.0;0.0;0.0;0.0;1
DDD;2014J;642310;M;East Midlands Region;HE Qualification;0;60;N;25.0;False;True;False;0.0;1.0;1.0;73.0;105.08467232218833;1.650403463423032;0
BBB;2013J;243992;F;South Region;HE Qualification;0;60;N;85.0;False;True;False;0.0;0.9090909090909091;0.0;0.0;78.98952380952382;2.4632539682539685;0
BBB;2013J;2693772;F;London Region;Lower Than A Level;0;60;N;35.0;True;False;False;0.0;0.0;0.0;0.0;0.0;0.0;1
BBB;2014B;242390;F;London Region;Lower Than A Level;1;60;N;15.0;True;False;False;0.0;0.36363636363636365;0.0;0.0;18.325618073316285;1.396462063086104;0
FFF;2013J;590707;M;Yorkshire Region;Lower Than A Level;0;60;N;65.0;True;False;False;0.0;1.0;0.0;0.0;92.95670331879853;2.5635645831923286;0
CCC;2014B;558122;M;Scotland;Post Graduate Qualification;0;60;N;95.0;False;True;False;0.0;0.0;0.0;0.0;29.030303030303028;3.4469696969696972;0
CCC;2014J;687146;M;South East Region;Lower Than A Level;0;90;N;75.0;True;False;False;0.0;0.0;0.0;0.0;0.0;0.0;1
BBB;2013J;252257;F;East Midlands Region;A Level or Equivalent;0;60;N;15.0;False;True;False;0.0;1.0;0.0;0.0;102.08372505543238;1.9355213282652308;0
BBB;2013B;556865;F;South Region;A Level or Equivalent;0;60;N;47.115494568324756;True;False;False;0.0;0.9090909090909091;0.0;0.0;74.54811519313537;2.1320798310824487;0
DDD;2014B;50309;M;East Midlands Region;Lower Than A Level;1;60;N;15.0;True;False;False;0.0;0.0;0.0;0.0;0.0;0.0;1
EEE;2013J;575745;F;North Region;HE Qualification;0;130;N;47.115494568324756;True;False;False;0.0;1.0;0.0;0.0;81.3550123218037;3.8835539801904964;0
EEE;2014J;574565;M;West Midlands Region;Lower Than A Level;0;60;N;15.0;True;False;False;0.0;0.8505347593582888;0.0;0.0;6.768518518518519;2.9004629629629632;0
BBB;2013J;366524;F;South Region;A Level or Equivalent;0;60;N;35.0;True;False;False;0.0;0.9090909090909091;0.0;0.0;96.49070825520528;3.0441469271260595;0
AAA;2014J;263543;M;East Anglian Region;Lower Than A Level;0;60;N;95.0;False;True;False;0.0;1.0;0.0;0.0;97.78921018820752;2.8079499155033916;0
AAA;2014J;567922;F;North Western Region;A Level or Equivalent;0;120;N;55.0;True;False;False;0.0;0.0;0.0;0.0;0.0;0.0;1
EEE;2014B;633695;M;Yorkshire Region;A Level or Equivalent;0;60;N;75.0;True;False;False;0.0;1.0;0.0;0.0;102.01293483738452;3.4021400407881734;0
GGG;2013J;596636;F;South Region;Lower Than A Level;0;30;N;45.0;True;False;False;0.0;0.6666666666666666;0.0;0.0;93.3359268268711;3.2144817576153266;0
DDD;2014B;291005;F;East Anglian Region;Lower Than A Level;1;60;N;55.0;True;False;False;0.0;0.6666666666666666;0.0;0.0;54.68565073762194;1.47548590540801;0
BBB;2013B;390461;F;East Anglian Region;HE Qualification;0;90;N;75.0;False;True;False;0.0;0.5454545454545454;0.0;0.0;39.002063983488135;1.9459088898717383;0
CCC;2014J;2257112;M;South Region;Lower Than A Level;0;30;N;35.0;False;True;False;0.0;1.0;1.0;42.0;89.73856767765845;2.971173614936321;0
DDD;2014B;546584;M;South Region;A Level or Equivalent;0;60;N;75.0;False;True;False;0.0;1.0;1.0;49.0;80.38129148905004;1.500797649841729;0
BBB;2014B;497872;F;Yorkshire Region;A Level or Equivalent;0;60;N;45.0;False;True;False;0.0;0.0;0.0;0.0;0.0;0.0;1
DDD;2014J;651619;M;South Region;HE Qualification;0;60;N;95.0;True;False;False;0.0;1.0;1.0;87.0;82.56048616497479;1.4182267962381598;0
DDD;2013J;508637;M;Scotland;HE Qualification;0;60;N;25.0;True;False;False;0.0;0.8333333333333334;1.0;71.0;99.2848878634952;1.5674119788725767;0
BBB;2013B;183806;F;South West Region;A Level or Equivalent;1;225;Y;85.0;False;True;False;0.0;0.2727272727272727;0.0;0.0;11.573160173160174;2.483116883116883;0
FFF;2013B;543113;M;West Midlands Region;A Level or Equivalent;0;120;N;55.0;False;True;False;0.0;0.9166666666666666;0.0;0.0;91.69912172603941;3.8465136077591904;0
BBB;2014B;305824;F;South Region;A Level or Equivalent;2;60;N;95.0;True;False;False;0.0;0.0;0.0;0.0;0.0;0.0;1
DDD;2013B;2459878;M;East Midlands Region;A Level or Equivalent;0;60;N;15.0;False;True;False;0.0;1.0;1.0;78.0;75.72798069028553;1.5057753539251928;0
FFF;2014J;593796;F;East Anglian Region;Lower Than A Level;0;60;Y;45.0;True;False;False;0.0;1.0;0.0;0.0;120.50946455720049;3.7441590641559728;0
DDD;2014J;175804;M;West Midlands Region;A Level or Equivalent;1;180;N;65.0;True;False;False;0.0;0.0;0.0;0.0;0.0;0.0;1
FFF;2013B;398862;M;Wales;A Level or Equivalent;0;90;N;95.0;True;False;False;0.0;1.0;0.0;0.0;102.08768206812667;3.687332396838007;0
FFF;2013B;1614181;M;Yorkshire Region;Lower Than A Level;0;60;N;15.0;False;True;False;0.0;1.0;0.0;0.0;89.02782866598137;4.39432865129795;0
CCC;2014B;305876;M;Scotland;HE Qualification;0;120;Y;55.0;True;False;False;0.0;0.5;0.0;0.0;43.53422619047619;3.397704081632653;0
EEE;2014J;694548;M;North Region;A Level or Equivalent;0;90;N;15.0;True;False;False;0.0;0.0;0.0;0.0;0.0;0.0;1
EEE;2014J;693147;M;East Midlands Region;A Level or Equivalent;0;120;N;25.0;True;False;False;0.0;0.0;0.0;0.0;0.0;0.0;1
BBB;2013B;512924;F;East Anglian Region;Lower Than A Level;1;240;N;25.0;True;False;False;0.0;0.0;0.0;0.0;0.0;0.0;1
GGG;2014B;634234;M;East Midlands Region;Lower Than A Level;0;30;N;25.0;False;True;False;0.0;1.0;0.0;0.0;90.18908983233518;4.210472463958423;0
BBB;2014B;609422;F;Yorkshire Region;Lower Than A Level;1;120;N;85.0;True;False;False;0.0;0.0;0.0;0.0;0.0;0.0;1
DDD;2013B;531047;M;South West Region;Lower Than A Level;0;60;N;85.0;True;False;False;0.0;0.8461538461538461;1.0;51.0;79.68918307942626;1.5133888749016045;0
BBB;2013B;536520;F;Yorkshire Region;Lower Than A Level;0;60;N;15.0;True;False;False;0.0;0.0;0.0;0.0;0.0;0.0;1
GGG;2014J;648158;F;South Region;Lower Than A Level;0;30;N;35.0;True;False;False;0.0;0.0;0.0;0.0;0.0;0.0;1
BBB;2014J;608195;F;West Midlands Region;Lower Than A Level;0;60;N;55.0;False;True;False;0.0;1.0;0.0;0.0;125.5284722222222;2.243570297270955;0
BBB;2013J;581826;M;Wales;A Level or Equivalent;0;60;Y;25.0;True;False;False;0.0;0.0;0.0;0.0;0.0;0.0;1
FFF;2014B;466347;M;Ireland;A Level or Equivalent;2;60;N;5.0;True;False;False;0.0;0.6666666666666666;0.0;0.0;121.64850412757967;2.553030484432287;0
FFF;2013J;601583;M;North Western Region;A Level or Equivalent;0;120;N;15.0;True;False;False;0.0;1.0;0.0;0.0;100.26806324249713;4.1099460127406955;0
FFF;2014J;632556;M;South Region;A Level or Equivalent;0;60;N;75.0;True;False;False;0.0;0.9166666666666666;0.0;0.0;119.84978758083909;2.8953527756261717;0
FFF;2013B;464755;M;London Region;A Level or Equivalent;0;120;N;15.0;False;True;False;0.0;0.0;0.0;0.0;0.0;0.0;1
CCC;2014B;96538;M;North Region;Lower Than A Level;0;60;N;5.0;True;False;False;0.0;0.25;0.0;0.0;78.74571428571429;1.8211904761904762;0
FFF;2013B;504824;M;Yorkshire Region;Lower Than A Level;1;120;N;95.0;True;False;False;0.0;0.7267809384877219;0.0;0.0;6.759398496240601;2.5787593984962407;0
CCC;2014B;592437;M;East Anglian Region;A Level or Equivalent;0;120;N;85.0;False;True;False;0.0;0.0;0.0;0.0;0.0;0.0;1
FFF;2013B;556251;M;North Western Region;A Level or Equivalent;0;60;N;65.0;True;False;False;0.0;1.0;0.0;0.0;114.13724431027062;5.5000807500033515;0
BBB;2013B;352161;F;Ireland;Lower Than A Level;1;195;N;25.0;True;False;False;0.0;0.0;0.0;0.0;0.0;0.0;1
BBB;2014J;685812;F;South Region;A Level or Equivalent;0;60;N;95.0;False;True;False;0.0;1.0;0.0;0.0;75.86757368979173;2.9632188695684176;0
DDD;2014J;2305237;M;Ireland;HE Qualification;3;60;N;85.0;True;False;False;0.0;0.0;0.0;0.0;0.0;0.0;1
CCC;2014J;654031;M;North Region;A Level or Equivalent;0;60;Y;47.115494568324756;False;True;False;0.0;1.0;1.0;66.0;100.34787625582062;6.185930676084129;0
CCC;2014J;1485702;F;East Anglian Region;A Level or Equivalent;0;90;N;35.0;False;True;False;0.0;0.5;1.0;84.0;69.9901612582723;2.000231358803817;0
DDD;2013J;570319;M;South Region;HE Qualification;0;60;N;95.0;True;False;False;0.0;0.0;0.0;0.0;0.0;0.0;1
EEE;2013J;584553;M;North Western Region;A Level or Equivalent;0;30;N;55.0;True;False;False;0.0;1.0;0.0;0.0;90.68381311000134;3.619285411371994;0
GGG;2013J;575559;F;Yorkshire Region;A Level or Equivalent;0;30;N;55.0;True;False;False;0.0;1.0;0.0;0.0;164.82828185328185;4.248262548262548;0
FFF;2014J;612842;F;East Midlands Region;A Level or Equivalent;0;60;N;75.0;False;True;False;0.0;1.0;0.0;0.0;97.81217037732027;4.796318985503136;0
BBB;2014B;288967;M;South East Region;Lower Than A Level;0;60;N;25.0;False;True;False;0.0;0.8181818181818182;0.0;0.0;83.6903897653478;1.5258680578877766;0
GGG;2013J;594185;F;South West Region;Lower Than A Level;0;30;N;25.0;False;True;False;0.0;0.2222222222222222;0.0;0.0;83.94117647058823;1.931372549019608;0
GGG;2013J;571768;F;East Midlands Region;A Level or Equivalent;0;30;N;25.0;True;False;False;0.0;0.6666666666666666;0.0;0.0;111.18872793872795;1.777423964923965;0
BBB;2014J;655613;F;Ireland;Lower Than A Level;0;60;N;65.0;False;True;False;0.0;0.8;0.0;0.0;97.17750247547033;2.4239828067332794;0
FFF;2013B;530736;M;South Region;HE Qualification;1;180;N;95.0;True;False;False;0.0;0.8333333333333334;0.0;0.0;149.78972857012644;3.316961990702762;0
BBB;2013B;560455;F;North Region;A Level or Equivalent;0;120;N;5.0;True;False;False;0.0;0.9090909090909091;0.0;0.0;34.85621118012422;2.077070393374741;0
CCC;2014J;676783;M;Yorkshire Region;HE Qualification;0;60;N;5.0;True;False;False;0.0;0.0;0.0;0.0;0.0;0.0;1
EEE;2013J;575208;M;West Midlands Region;Lower Than A Level;0;60;N;55.0;True;False;False;0.0;0.0;0.0;0.0;0.0;0.0;1
CCC;2014J;695518;M;London Region;A Level or Equivalent;0;120;N;35.0;True;False;False;0.0;0.75;1.0;80.0;72.37507598784194;3.252600472813239;0
BBB;2014B;588685;F;Scotland;HE Qualification;1;120;Y;55.0;False;True;False;0.0;0.36363636363636365;0.0;0.0;60.37362637362638;1.6459096459096458;0
GGG;2013J;585577;M;East Midlands Region;Lower Than A Level;0;30;N;15.0;True;False;False;0.0;1.0;0.0;0.0;183.33413342348433;4.476628352490422;0
BBB;2014J;676376;F;Wales;A Level or Equivalent;0;180;N;95.0;True;False;False;0.0;0.0;0.0;0.0;0.0;0.0;1
GGG;2013J;303165;F;Yorkshire Region;Lower Than A Level;0;30;N;15.0;False;True;False;0.0;0.8888888888888888;0.0;0.0;89.99672379418756;2.58029451984766;0
FFF;2013B;508288;M;East Anglian Region;Lower Than A Level;1;120;Y;15.0;True;False;False;0.0;0.7267809384877219;0.0;0.0;16.0;1.0;0
GGG;2014B;503201;M;North Western Region;Lower Than A Level;0;30;N;35.0;True;False;False;0.0;0.7735849056603774;0.0;0.0;26.379411764705882;2.2676470588235293;0
CCC;2014B;328261;M;West Midlands Region;A Level or Equivalent;0;30;N;65.0;True;False;False;0.0;0.125;0.0;0.0;20.073895712131005;1.466725921137686;0
CCC;2014B;629692;M;North Western Region;A Level or Equivalent;0;120;N;15.0;True;False;False;0.0;0.0;0.0;0.0;0.0;0.0;1
FFF;2013B;549904;F;West Midlands Region;Lower Than A Level;0;120;N;5.0;True;False;False;0.0;0.7267809384877219;0.0;0.0;-18.0;3.0;0
DDD;2013J;476355;M;London Region;Lower Than A Level;0;120;N;85.0;False;True;False;0.0;0.3333333333333333;0.0;0.0;34.5621521335807;2.357142857142857;0
DDD;2014J;567285;M;Ireland;A Level or Equivalent;1;60;N;75.0;True;False;False;0.0;1.0;1.0;76.0;101.14331725725833;1.2748668213156502;0
CCC;2014J;474377;M;North Region;Lower Than A Level;1;90;N;47.115494568324756;False;True;False;0.0;0.0;0.0;0.0;0.0;0.0;1
GGG;2014B;632638;F;East Midlands Region;A Level or Equivalent;0;30;N;75.0;True;False;False;0.0;0.4444444444444444;0.0;0.0;77.26666666666667;2.70462962962963;0
DDD;2013B;544943;M;North Western Region;Lower Than A Level;0;60;N;45.0;True;False;False;0.0;0.23076923076923078;0.0;0.0;17.43033126293996;1.266304347826087;0
BBB;2014J;690384;F;West Midlands Region;Lower Than A Level;0;120;N;55.0;True;False;False;0.0;0.8;0.0;0.0;71.82404084499976;2.215001505343971;0
DDD;2014B;400599;M;Wales;HE Qualification;0;90;N;95.0;False;True;False;0.0;0.0;0.0;0.0;0.0;0.0;1
FFF;2013J;417414;M;London Region;HE Qualification;1;90;N;35.0;True;False;False;0.0;0.8333333333333334;0.0;0.0;116.56120331633022;2.4381205270288766;0
GGG;2014J;642528;M;South Region;A Level or Equivalent;0;40;Y;95.0;True;False;False;0.0;1.0;0.0;0.0;80.23579187005205;3.0470866494203137;0
FFF;2013B;2288493;M;London Region;Lower Than A Level;0;60;N;5.0;False;True;False;0.0;0.0;0.0;0.0;0.0;0.0;1
BBB;2014J;647803;F;Ireland;A Level or Equivalent;0;60;N;65.0;True;False;False;0.0;1.0;0.0;0.0;62.92682884748102;2.484765355417529;0
DDD;2014J;647215;F;South East Region;A Level or Equivalent;0;90;N;55.0;True;False;False;0.0;1.0;1.0;44.0;91.83617187608297;1.7282525515711866;0
CCC;2014B;364920;M;Scotland;HE Qualification;0;60;N;55.0;True;False;False;0.0;0.0;0.0;0.0;0.0;0.0;1
DDD;2013J;576233;M;South East Region;A Level or Equivalent;0;60;N;95.0;True;False;False;0.0;1.0;1.0;69.0;108.28098940394182;1.5785410542655434;0
FFF;2014J;643751;M;South East Region;HE Qualification;0;60;N;55.0;False;True;False;0.0;1.0;0.0;0.0;113.37946914020362;2.744737225562053;0
BBB;2013B;521764;F;London Region;A Level or Equivalent;0;60;N;15.0;False;True;False;0.0;0.9090909090909091;0.0;0.0;58.94175321913831;1.6601206640675543;0
EEE;2014J;651534;M;Scotland;HE Qualification;0;30;N;35.0;True;False;False;0.0;1.0;0.0;0.0;95.77002732979501;3.7997132441405426;0
GGG;2014J;1977701;F;South Region;Lower Than A Level;0;30;N;55.0;False;True;False;0.0;1.0;0.0;0.0;116.96499706720294;3.104460993799229;0
FFF;2014J;649141;M;Ireland;A Level or Equivalent;0;90;N;75.0;False;True;False;0.0;0.0;0.0;0.0;0.0;0.0;1
CCC;2014B;623250;M;East Anglian Region;A Level or Equivalent;0;60;N;15.0;True;False;False;0.0;1.0;1.0;46.0;104.98718099117703;3.606537905153654;0
BBB;2013B;511515;F;Scotland;Lower Than A Level;0;120;N;35.0;False;True;False;0.0;0.5454545454545454;0.0;0.0;126.64918759468131;1.9268488447463081;0
FFF;2013J;566009;M;London Region;A Level or Equivalent;0;90;N;35.0;True;False;False;0.0;1.0;0.0;0.0;97.93032341949313;2.627624279212309;0
BBB;2014J;475363;F;Wales;A Level or Equivalent;1;165;N;25.0;True;False;False;0.0;0.8;0.0;0.0;58.64955570745044;2.610418090681249;0
DDD;2014J;414094;F;South East Region;A Level or Equivalent;0;60;Y;35.0;True;False;False;0.0;1.0;1.0;56.0;112.12512012049108;1.6711456671982987;0
FFF;2014B;605475;M;Scotland;A Level or Equivalent;0;180;N;65.0;True;False;False;0.0;1.0;0.0;0.0;96.61695254806764;3.2941618944678237;0
FFF;2013B;2367887;F;Scotland;A Level or Equivalent;0;120;N;5.0;True;False;False;0.0;0.0;0.0;0.0;0.0;0.0;1
BBB;2013J;576664;F;North Region;A Level or Equivalent;0;60;N;15.0;True;False;False;0.0;0.0;0.0;0.0;0.0;0.0;1
FFF;2013J;595164;M;East Midlands Region;A Level or Equivalent;0;120;Y;75.0;True;False;False;0.0;1.0;0.0;0.0;83.88428688829899;3.900843414775575;0
DDD;2013J;560759;M;West Midlands Region;A Level or Equivalent;0;60;N;85.0;True;False;False;0.0;1.0;1.0;60.0;89.90889155418225;1.3150088361738208;0
CCC;2014B;464236;M;London Region;HE Qualification;0;70;N;95.0;False;False;True;0.0;0.0;0.0;0.0;0.0;0.0;1
FFF;2014J;689747;F;North Western Region;Lower Than A Level;0;120;Y;15.0;True;False;False;0.0;0.0;0.0;0.0;0.0;0.0;1
BBB;2014B;634928;F;Wales;HE Qualification;0;60;N;15.0;True;False;False;0.0;0.9090909090909091;0.0;0.0;85.07019821536488;1.68632712349379;0
CCC;2014J;693204;M;London Region;A Level or Equivalent;0;120;N;35.0;True;False;False;0.0;1.0;1.0;72.0;62.6541847041847;2.181067821067821;0
FFF;2013J;351505;M;South East Region;A Level or Equivalent;0;90;N;75.0;True;False;False;0.0;1.0;0.0;0.0;94.38746031746032;2.742407379618514;0
BBB;2013J;594928;F;South West Region;A Level or Equivalent;0;120;N;25.0;True;False;False;0.0;0.9090909090909091;0.0;0.0;96.5867746061281;2.0030472030347712;0
DDD;2014B;624358;F;North Western Region;Lower Than A Level;0;60;N;75.0;True;False;False;0.0;0.6666666666666666;1.0;69.0;93.32144509404962;1.5261017342936525;0
DDD;2013B;159925;F;London Region;A Level or Equivalent;2;70;N;85.0;True;False;False;0.0;0.6923076923076923;1.0;49.0;104.66740105900627;1.4920693487213066;0
CCC;2014B;627516;M;Wales;Lower Than A Level;0;60;N;55.0;False;True;False;0.0;0.0;0.0;0.0;0.0;0.0;1
BBB;2014B;534143;F;West Midlands Region;Lower Than A Level;0;60;N;75.0;True;False;False;0.0;0.6363636363636364;0.0;0.0;48.56388888888889;1.777777777777778;0
DDD;2013J;438751;F;South West Region;A Level or Equivalent;0;60;N;25.0;True;False;False;0.0;1.0;1.0;93.0;97.46155612109294;1.5114415748993197;0
DDD;2013J;2215898;F;Scotland;HE Qualification;2;60;Y;45.0;False;True;False;0.0;1.0;1.0;56.0;119.50770883629527;1.493256092618123;0
CCC;2014B;535590;M;North Western Region;Lower Than A Level;0;90;Y;35.0;True;False;False;0.0;0.0;0.0;0.0;0.0;0.0;1
DDD;2013J;497994;M;East Anglian Region;A Level or Equivalent;1;90;Y;45.0;True;False;False;0.0;0.6666666666666666;1.0;82.0;189.38095238095238;1.0238095238095237;0
FFF;2013J;498898;F;South Region;Lower Than A Level;0;120;N;55.0;True;False;False;0.0;0.0;0.0;0.0;0.0;0.0;1
EEE;2013J;70214;M;Wales;Lower Than A Level;0;120;N;75.0;True;False;False;0.0;0.75;0.0;0.0;106.52730748933618;4.068712349094595;0
EEE;2013J;600127;M;Wales;A Level or Equivalent;0;60;N;25.0;False;True;False;0.0;0.25;0.0;0.0;33.041666666666664;2.686298076923077;0
BBB;2014J;165099;F;East Midlands Region;Lower Than A Level;0;180;N;25.0;True;False;False;0.0;0.8;0.0;0.0;54.82055322128852;1.8371615312791783;0
FFF;2014B;2653007;M;Scotland;Lower Than A Level;0;90;N;25.0;True;False;False;0.0;0.0;0.0;0.0;0.0;0.0;0
EEE;2014J;654668;M;London Region;Lower Than A Level;0;60;N;15.0;True;False;False;0.0;1.0;0.0;0.0;103.36554098965567;2.907261196281799;0
DDD;2014J;683486;M;London Region;Lower Than A Level;0;60;N;5.0;True;False;False;0.0;0.0;0.0;0.0;0.0;0.0;1
DDD;2014B;531243;M;South East Region;HE Qualification;0;60;N;85.0;True;False;False;0.0;0.0;0.0;0.0;0.0;0.0;1
DDD;2014J;552965;M;East Midlands Region;Lower Than A Level;0;120;N;65.0;False;True;False;0.0;1.0;1.0;80.0;90.10426723348085;1.4855110884648797;0
EEE;2013J;556177;M;East Anglian Region;A Level or Equivalent;0;90;N;25.0;False;True;False;0.0;1.0;0.0;0.0;98.91527045092128;3.1079674890551185;0
BBB;2013J;593281;M;Wales;A Level or Equivalent;0;60;N;55.0;True;False;False;0.0;0.0;0.0;0.0;0.0;0.0;1
BBB;2014B;2538123;F;East Midlands Region;Lower Than A Level;0;60;N;5.0;True;False;False;0.0;0.0;0.0;0.0;0.0;0.0;1
FFF;2014J;2254637;M;South West Region;Lower Than A Level;0;60;N;65.0;False;True;False;0.0;1.0;0.0;0.0;111.5777739361799;3.483447040688027;0
CCC;2014B;356274;M;Scotland;A Level or Equivalent;0;90;N;15.0;True;False;False;0.0;0.0;0.0;0.0;21.757575757575758;1.7272727272727273;0
BBB;2013B;545927;M;South East Region;Lower Than A Level;0;120;N;15.0;False;True;False;0.0;0.0;0.0;0.0;0.0;0.0;1
DDD;2014J;690365;M;Scotland;Lower Than A Level;0;90;N;15.0;False;True;False;0.0;0.8333333333333334;1.0;64.0;73.75716448168448;1.594710654673415;0
EEE;2013J;589327;M;Scotland;HE Qualification;0;60;N;75.0;True;False;False;0.0;1.0;0.0;0.0;112.16400856548373;3.9356600745945007;0
CCC;2014B;593972;M;North Western Region;A Level or Equivalent;0;60;N;55.0;True;False;False;0.0;1.0;1.0;56.0;109.89815276805166;3.0277060476968565;0
DDD;2014J;2009279;M;West Midlands Region;HE Qualification;0;150;N;25.0;False;True;False;0.0;0.0;0.0;0.0;0.0;0.0;1
DDD;2014J;645792;M;South West Region;Lower Than A Level;0;110;N;75.0;True;False;False;0.0;1.0;1.0;87.0;92.62570399303868;1.240578722013406;0
DDD;2014B;588749;M;Yorkshire Region;Lower Than A Level;0;60;N;55.0;True;False;False;0.0;0.0;0.0;0.0;0.0;0.0;1
DDD;2013J;255622;F;South Region;HE Qualification;0;180;N;65.0;True;False;False;0.0;0.6982071713147411;0.6420982735723771;41.732403718459494;20.67256728778468;1.3881987577639752;0
DDD;2013J;597571;M;South Region;Lower Than A Level;0;120;N;65.0;True;False;False;0.0;1.0;1.0;71.0;91.46744793986147;1.543707193429906;0
FFF;2013B;395367;F;North Western Region;Lower Than A Level;0;90;Y;25.0;True;False;False;0.0;0.0;0.0;0.0;0.0;0.0;1
GGG;2014B;596751;F;South West Region;A Level or Equivalent;0;30;N;65.0;False;True;False;0.0;1.0;0.0;0.0;94.72912115404375;2.609738882262102;0
CCC;2014B;388708;M;London Region;HE Qualification;0;30;N;65.0;True;False;False;0.0;0.0;0.0;0.0;0.0;0.0;1
BBB;2013B;548881;F;South West Region;Lower Than A Level;0;60;N;25.0;False;True;False;0.0;0.0;0.0;0.0;0.0;0.0;1
BBB;2013J;563769;F;Yorkshire Region;A Level or Equivalent;0;60;N;5.0;True;False;False;0.0;0.9090909090909091;0.0;0.0;70.74083333333333;2.078125;0
FFF;2013J;584225;F;Wales;Lower Than A Level;0;60;N;45.0;False;True;False;0.0;0.08333333333333333;0.0;0.0;9.334759937032665;1.9092876820149547;0
DDD;2014J;647647;F;North Western Region;A Level or Equivalent;0;120;N;75.0;True;False;False;0.0;0.8333333333333334;1.0;53.0;50.5665543071161;1.445880149812734;0
FFF;2014J;648661;M;South West Region;Lower Than A Level;0;60;Y;5.0;False;True;False;0.0;0.16666666666666666;0.0;0.0;14.658277938147124;1.8207588801702173;0
DDD;2013B;121390;M;North Western Region;Lower Than A Level;0;60;N;15.0;False;True;False;0.0;0.3076923076923077;0.0;0.0;30.952681992337162;1.824233716475096;0
FFF;2014J;675193;M;South West Region;Lower Than A Level;0;60;N;45.0;True;False;False;0.0;1.0;0.0;0.0;84.79344894129862;3.3303472171228465;0
CCC;2014B;633071;M;South Region;Lower Than A Level;0;30;Y;95.0;True;False;False;0.0;0.0;0.0;0.0;0.0;0.0;1
BBB;2014B;613743;F;Wales;HE Qualification;0;120;N;75.0;False;True;False;0.0;0.9090909090909091;0.0;0.0;130.71566151578836;1.6900103510671407;0
CCC;2014J;654188;F;North Western Region;A Level or Equivalent;0;120;N;5.0;True;False;False;0.0;0.375;1.0;38.0;90.6701210331987;3.221282239334229;0
DDD;2014B;2365009;M;South West Region;Lower Than A Level;0;90;N;25.0;False;True;False;0.0;0.0;0.0;0.0;0.0;0.0;1
FFF;2014J;645405;M;South West Region;Lower Than A Level;0;120;N;75.0;False;True;False;0.0;1.0;0.0;0.0;87.68658348369951;3.7313238670162945;0
DDD;2014B;626192;M;South Region;HE Qualification;0;60;N;45.0;True;False;False;0.0;1.0;1.0;80.0;114.44693953898584;1.6006656565073598;0
GGG;2013J;122928;F;East Anglian Region;Lower Than A Level;0;30;N;65.0;False;True;False;0.0;0.6666666666666666;0.0;0.0;152.6223214285714;4.270833333333334;0
CCC;2014J;657048;M;Scotland;HE Qualification;0;120;N;5.0;True;False;False;0.0;0.0;0.0;0.0;0.0;0.0;1
DDD;2014B;507812;F;Yorkshire Region;Lower Than A Level;0;60;N;75.0;True;False;False;0.0;0.0;0.0;0.0;0.0;0.0;1
CCC;2014J;599084;M;South East Region;Lower Than A Level;0;60;N;65.0;False;True;False;0.0;0.0;0.0;0.0;0.0;0.0;1
DDD;2014J;656193;M;West Midlands Region;A Level or Equivalent;0;120;N;5.0;True;False;False;0.0;0.8333333333333334;1.0;47.0;104.10864969079071;1.5631975590030145;0
BBB;2014J;574306;F;London Region;Lower Than A Level;0;120;N;5.0;True;False;False;0.0;0.0;0.0;0.0;0.0;0.0;1
AAA;2013J;262934;F;North Western Region;A Level or Equivalent;0;60;N;35.0;False;True;False;20.25;1.0;0.0;0.0;90.35726437843016;3.4455433847306716;0
GGG;2013J;606895;F;Yorkshire Region;Lower Than A Level;0;90;N;55.0;False;True;False;0.0;0.2222222222222222;0.0;0.0;25.069682539682542;1.9703174603174602;0
BBB;2014B;618108;F;Scotland;Lower Than A Level;0;60;N;25.0;True;False;False;0.0;0.0;0.0;0.0;0.0;0.0;1
FFF;2014B;633983;M;London Region;A Level or Equivalent;0;120;N;35.0;True;False;False;0.0;1.0;0.0;0.0;99.8521811195537;5.261189712577218;0
BBB;2014J;690235;F;North Western Region;Lower Than A Level;0;120;N;75.0;True;False;False;0.0;0.0;0.0;0.0;0.0;0.0;1
GGG;2014B;610967;F;East Midlands Region;A Level or Equivalent;0;30;N;65.0;True;False;False;0.0;0.5555555555555556;0.0;0.0;70.84666666666666;4.404999999999999;0
FFF;2014B;635124;M;South East Region;A Level or Equivalent;0;60;N;55.0;True;False;False;0.0;0.16666666666666666;0.0;0.0;26.359722222222224;2.2215277777777778;0
DDD;2014J;689956;M;Scotland;HE Qualification;0;60;N;95.0;True;False;False;0.0;0.6666666666666666;1.0;78.0;59.67051820728291;1.3248984593837534;0
DDD;2014J;169894;M;South West Region;HE Qualification;3;60;N;25.0;True;False;False;0.0;1.0;1.0;56.0;92.20620682076316;1.765248518513723;0
FFF;2014B;632927;M;North Region;A Level or Equivalent;0;60;N;15.0;True;False;False;0.0;0.6897457158651188;0.0;0.0;-0.5496296296296296;3.443703703703704;0
BBB;2014J;688522;F;Wales;Lower Than A Level;0;120;N;35.0;True;False;False;0.0;0.0;0.0;0.0;0.0;0.0;1
DDD;2014B;558629;M;South West Region;Lower Than A Level;0;60;N;35.0;True;False;False;0.0;0.6666666666666666;1.0;33.0;74.74616166054106;1.6245401471172993;0
DDD;2014J;2333244;F;Wales;HE Qualification;1;90;N;65.0;False;True;False;0.0;1.0;1.0;73.0;122.657881201261;1.9389305144394087;0
FFF;2014J;674509;M;Scotland;HE Qualification;0;60;N;35.0;False;True;False;0.0;1.0;0.0;0.0;105.91872921857633;3.6007941792813623;0
AAA;2013J;760729;M;West Midlands Region;A Level or Equivalent;0;60;N;65.0;False;False;True;0.0;1.0;0.0;0.0;100.76244592813956;3.781724724130892;0
BBB;2013B;381640;F;South East Region;HE Qualification;0;135;N;65.0;True;False;False;0.0;0.0;0.0;0.0;0.0;0.0;0
CCC;2014J;603529;M;Scotland;A Level or Equivalent;0;90;N;55.0;True;False;False;0.0;0.875;1.0;66.0;137.97213920338922;3.98764874014874;0
FFF;2013B;540155;M;London Region;Lower Than A Level;0;90;N;55.0;False;True;False;0.0;0.0;0.0;0.0;0.0;0.0;1
FFF;2013J;568084;M;East Midlands Region;A Level or Equivalent;0;120;N;25.0;True;False;False;0.0;1.0;0.0;0.0;69.99540132313088;3.1005960283562355;0
BBB;2014B;630345;F;South West Region;Lower Than A Level;0;60;Y;35.0;True;False;False;0.0;0.8181818181818182;0.0;0.0;68.16790029616118;2.496437338828643;0
GGG;2013J;611331;M;East Anglian Region;A Level or Equivalent;0;30;N;35.0;True;False;False;0.0;0.7931081264414598;0.0;0.0;-5.833333333333333;1.8333333333333333;0
FFF;2014B;517277;F;Wales;A Level or Equivalent;0;60;Y;45.0;True;False;False;0.0;0.9166666666666666;0.0;0.0;125.45991190838295;7.2419193004703954;0
CCC;2014B;510914;M;Wales;HE Qualification;0;60;N;65.0;False;True;False;0.0;0.0;0.0;0.0;0.0;0.0;1
FFF;2014B;630452;M;South Region;A Level or Equivalent;0;60;N;25.0;True;False;False;0.0;1.0;0.0;0.0;105.11741986065378;2.9775946404829097;0
BBB;2013J;503516;F;Scotland;Lower Than A Level;0;60;Y;75.0;True;False;False;0.0;1.0;0.0;0.0;83.96720142602496;2.323386172650878;0
FFF;2013B;332668;M;North Western Region;Lower Than A Level;0;60;N;15.0;True;False;False;0.0;0.08333333333333333;0.0;0.0;18.47874149659864;2.1823979591836733;0
GGG;2013J;593954;F;South West Region;Lower Than A Level;0;30;Y;75.0;True;False;False;0.0;0.7777777777777778;0.0;0.0;67.62108186269677;2.557537217785665;0
DDD;2013B;547787;M;East Anglian Region;Lower Than A Level;0;60;Y;65.0;True;False;False;0.0;0.0;0.0;0.0;0.0;0.0;1
FFF;2014B;618744;M;South East Region;Lower Than A Level;0;90;Y;45.0;True;False;False;0.0;0.0;0.0;0.0;0.0;0.0;1
EEE;2014J;341010;M;Scotland;Lower Than A Level;0;30;N;35.0;False;True;False;0.0;1.0;0.0;0.0;95.4872608296154;4.223225432325936;0
FFF;2014B;533198;F;East Anglian Region;Lower Than A Level;2;120;Y;65.0;False;True;False;0.0;0.0;0.0;0.0;0.0;0.0;1
DDD;2014J;678219;M;South East Region;A Level or Equivalent;0;60;N;5.0;True;False;False;0.0;0.0;0.0;0.0;0.0;0.0;1
CCC;2014B;598924;M;North Region;A Level or Equivalent;0;60;N;45.0;True;False;False;0.0;0.0;0.0;0.0;0.0;0.0;0
EEE;2014B;625884;M;South West Region;A Level or Equivalent;0;60;N;45.0;True;False;False;0.0;0.0;0.0;0.0;0.0;0.0;1
BBB;2014B;619161;F;Wales;Lower Than A Level;0;60;Y;25.0;False;True;False;0.0;0.45454545454545453;0.0;0.0;34.838325232648906;1.774289322236182;0
DDD;2014J;633295;M;North Region;Lower Than A Level;0;60;N;25.0;True;False;False;0.0;0.8333333333333334;1.0;40.0;51.71531982815844;1.703777673468714;0
CCC;2014B;612023;M;South Region;Lower Than A Level;0;60;N;35.0;True;False;False;0.0;0.375;0.0;0.0;64.58119047619049;2.327010582010582;0
DDD;2013J;568068;M;Scotland;Lower Than A Level;0;60;N;55.0;True;False;False;0.0;0.16666666666666666;1.0;29.0;53.943832236842105;2.3833059210526315;0
FFF;2013B;407670;M;East Anglian Region;Lower Than A Level;2;120;N;75.0;True;False;False;0.0;1.0;0.0;0.0;85.18009289010212;4.0962115188821056;0
CCC;2014J;628717;M;London Region;A Level or Equivalent;0;180;N;35.0;True;False;False;0.0;0.0;0.0;0.0;0.0;0.0;1
BBB;2013B;2560219;F;East Anglian Region;Lower Than A Level;0;90;N;45.0;False;True;False;0.0;0.2727272727272727;0.0;0.0;22.608289855072464;2.004376811594203;0
FFF;2014J;369242;M;South East Region;A Level or Equivalent;0;150;N;45.0;True;False;False;0.0;1.0;0.0;0.0;103.07029561873311;3.403933379856675;0
DDD;2013J;586625;M;South East Region;HE Qualification;0;60;N;45.0;True;False;False;0.0;0.5;1.0;13.0;81.96172023139812;1.7113692693975782;0
BBB;2013J;587297;F;North Region;A Level or Equivalent;0;120;N;75.0;True;False;False;0.0;0.9090909090909091;0.0;0.0;154.3643782277688;1.7958369404836376;0
FFF;2013J;573696;M;London Region;A Level or Equivalent;0;90;N;5.0;True;False;False;0.0;0.16666666666666666;0.0;0.0;20.03744740145778;1.8075501962825906;0
DDD;2013J;507344;M;West Midlands Region;A Level or Equivalent;0;120;N;35.0;True;False;False;0.0;0.8333333333333334;1.0;51.0;90.85770409803266;1.7087509102001455;0
CCC;2014B;632332;M;London Region;A Level or Equivalent;0;60;N;25.0;True;False;False;0.0;0.0;0.0;0.0;0.0;0.0;1
FFF;2014B;612545;F;South Region;A Level or Equivalent;0;120;N;85.0;True;False;False;0.0;1.0;0.0;0.0;81.85575487308019;4.078695237586017;0
EEE;2013J;468902;M;Ireland;Lower Than A Level;0;60;N;75.0;True;False;False;0.0;1.0;0.0;0.0;109.88201412503238;3.4233769363468616;0
BBB;2013B;535755;F;North Western Region;HE Qualification;0;60;N;15.0;True;False;False;0.0;1.0;0.0;0.0;90.68759749022907;1.91296313335787;0
FFF;2014J;575112;M;Yorkshire Region;A Level or Equivalent;0;60;N;65.0;True;False;False;0.0;1.0;0.0;0.0;109.53986388268137;6.059557810096568;0
EEE;2013J;501918;M;London Region;A Level or Equivalent;0;60;N;5.0;True;False;False;0.0;0.5;0.0;0.0;38.52650793650794;6.094285714285714;0
GGG;2013J;591671;F;North Region;Lower Than A Level;0;30;N;65.0;False;True;False;0.0;0.1111111111111111;0.0;0.0;44.92638888888889;2.1020833333333333;0
CCC;2014B;630912;M;Scotland;A Level or Equivalent;0;120;N;35.0;True;False;False;0.0;0.625;0.0;0.0;71.37280152120306;1.8879610372577125;0
BBB;2013B;316841;F;South East Region;A Level or Equivalent;0;60;N;35.0;False;True;False;0.0;1.0;0.0;0.0;97.43297661903956;1.9986188943626573;0
AAA;2014J;6516;M;Scotland;HE Qualification;0;60;N;85.0;False;False;True;0.0;1.0;0.0;0.0;105.29257294782272;5.816134641428493;0
FFF;2013J;576943;F;South Region;A Level or Equivalent;0;60;N;55.0;False;True;False;0.0;0.0;0.0;0.0;0.0;0.0;1
DDD;2014B;612439;M;Wales;HE Qualification;0;60;N;25.0;True;False;False;0.0;0.6666666666666666;1.0;56.0;82.72209799244683;1.4583240725682585;0
CCC;2014B;617307;F;East Anglian Region;Lower Than A Level;0;120;N;25.0;True;False;False;0.0;0.0;0.0;0.0;0.0;0.0;1
BBB;2014B;633472;M;Wales;A Level or Equivalent;0;60;N;95.0;True;False;False;0.0;1.0;0.0;0.0;91.61828014930029;1.6041131478051849;0
GGG;2013J;601464;F;London Region;Lower Than A Level;0;30;N;25.0;False;True;False;0.0;1.0;0.0;0.0;108.25847398640977;2.572433949141729;0
FFF;2014J;678203;M;Yorkshire Region;Lower Than A Level;0;120;N;55.0;True;False;False;0.0;0.9166666666666666;0.0;0.0;148.3694404361071;3.773394660894661;0
FFF;2014J;647898;M;Wales;A Level or Equivalent;0;60;N;95.0;True;False;False;0.0;1.0;0.0;0.0;94.56081201339155;3.882147535840119;0
DDD;2013J;564454;M;Scotland;A Level or Equivalent;0;60;Y;95.0;True;False;False;0.0;0.16666666666666666;0.0;0.0;26.066666666666666;2.025;0
CCC;2014J;591733;F;South Region;Lower Than A Level;0;60;N;55.0;True;False;False;0.0;0.0;0.0;0.0;0.0;0.0;1
FFF;2013B;532476;M;North Region;A Level or Equivalent;0;60;N;45.0;True;False;False;0.0;0.0;0.0;0.0;0.0;0.0;1
EEE;2013J;404449;M;North Western Region;HE Qualification;0;30;N;15.0;False;True;False;0.0;1.0;0.0;0.0;91.14353171179096;5.553980292718868;0
FFF;2014J;655927;M;Ireland;A Level or Equivalent;0;120;N;45.0;True;False;False;0.0;0.9166666666666666;0.0;0.0;143.27184464432204;2.1203350570269137;0
EEE;2014J;126450;M;North Western Region;A Level or Equivalent;0;60;N;25.0;True;False;False;0.0;1.0;0.0;0.0;94.19381018928455;3.4367943226483297;0
FFF;2013J;581135;M;South East Region;A Level or Equivalent;0;60;N;85.0;True;False;False;0.0;1.0;0.0;0.0;92.54294158410616;2.420057448517558;0
BBB;2014J;697319;F;East Anglian Region;Lower Than A Level;0;60;N;45.0;False;True;False;0.0;0.0;0.0;0.0;0.0;0.0;1
BBB;2013B;511652;F;Yorkshire Region;A Level or Equivalent;1;240;N;45.0;True;False;False;0.0;0.0;0.0;0.0;0.0;0.0;1
GGG;2013J;584844;F;South Region;A Level or Equivalent;0;30;N;55.0;False;True;False;0.0;0.4444444444444444;0.0;0.0;56.363289835164835;2.898912545787546;0
DDD;2014J;284741;M;East Anglian Region;A Level or Equivalent;0;120;N;85.0;True;False;False;0.0;0.0;0.0;0.0;0.0;0.0;1
GGG;2014B;634498;F;London Region;A Level or Equivalent;0;30;N;65.0;True;False;False;0.0;0.8888888888888888;0.0;0.0;131.99075524149052;2.459910024615907;0
FFF;2014J;286778;F;Wales;A Level or Equivalent;0;60;N;45.0;True;False;False;0.0;1.0;0.0;0.0;118.69242408721895;3.830540403365023;0
BBB;2014J;184972;F;Scotland;Lower Than A Level;0;60;N;95.0;True;False;False;0.0;1.0;0.0;0.0;97.78864482261034;4.5154120017913115;0
DDD;2013J;571242;M;Yorkshire Region;A Level or Equivalent;0;60;N;25.0;True;False;False;0.0;1.0;1.0;51.0;81.38142521843989;1.6322185974795984;0
FFF;2013J;2697921;M;East Anglian Region;Lower Than A Level;0;120;N;85.0;True;False;False;0.0;1.0;0.0;0.0;103.33456270304242;3.4814642252326915;0
BBB;2013J;241338;F;South West Region;Lower Than A Level;0;120;N;65.0;False;True;False;0.0;0.45454545454545453;0.0;0.0;39.989010989010985;1.7371794871794872;0
CCC;2014B;2503063;M;East Midlands Region;A Level or Equivalent;0;90;N;15.0;True;False;False;0.0;0.75;1.0;82.0;98.43153251976781;2.4577492768669242;0
BBB;2013J;587810;F;Wales;Lower Than A Level;0;120;N;35.0;True;False;False;0.0;1.0;0.0;0.0;132.750183983884;1.9817736206736205;0
GGG;2013J;576447;F;South West Region;Lower Than A Level;0;30;N;85.0;True;False;False;0.0;0.7931081264414598;0.0;0.0;-0.5125000000000002;янв.25;0
BBB;2014J;2192113;M;Scotland;HE Qualification;1;60;Y;45.0;False;True;False;0.0;0.0;0.0;0.0;0.0;0.0;1
GGG;2014J;636323;F;South West Region;A Level or Equivalent;0;30;N;35.0;False;True;False;0.0;0.0;0.0;0.0;0.0;0.0;1
BBB;2014J;2333415;F;Scotland;A Level or Equivalent;0;120;N;85.0;False;True;False;0.0;0.8;0.0;0.0;106.00317872931416;2.9432638565079126;0
CCC;2014J;499813;M;North Region;A Level or Equivalent;0;150;N;47.115494568324756;True;False;False;0.0;1.0;1.0;100.0;97.58708979074024;3.0387653214533743;0
EEE;2013J;1725109;M;Wales;HE Qualification;0;90;N;55.0;False;True;False;0.0;1.0;0.0;0.0;100.97358389916451;4.32159051287736;0
EEE;2013J;401011;M;Wales;Lower Than A Level;0;30;Y;15.0;True;False;False;0.0;1.0;0.0;0.0;85.84256907303063;3.571907161030646;0
FFF;2014J;228633;M;West Midlands Region;Lower Than A Level;0;110;N;55.0;True;False;False;0.0;1.0;0.0;0.0;81.3745152008361;2.6389729949396705;0
DDD;2013B;362374;F;East Anglian Region;HE Qualification;1;150;N;85.0;True;False;False;0.0;0.9230769230769231;1.0;56.0;81.33203283393188;1.6109935248233989;0
BBB;2014J;612230;F;South East Region;Lower Than A Level;0;120;N;35.0;True;False;False;0.0;1.0;0.0;0.0;94.16892866574238;2.540202680398759;0
BBB;2014B;2523989;F;East Anglian Region;Lower Than A Level;0;120;N;55.0;True;False;False;0.0;0.5454545454545454;0.0;0.0;143.4358906525573;1.3615961199294533;0
DDD;2013J;580415;F;North Western Region;Lower Than A Level;0;120;N;85.0;True;False;False;0.0;1.0;1.0;89.0;101.00443270104002;1.6793826608438365;0
FFF;2014B;579376;M;East Anglian Region;A Level or Equivalent;0;90;N;5.0;True;False;False;0.0;1.0;0.0;0.0;132.4760745506472;3.9277654207141386;0
BBB;2014B;626365;F;Wales;A Level or Equivalent;0;60;N;25.0;True;False;False;0.0;1.0;0.0;0.0;76.1992538324831;2.7183125019406713;0
CCC;2014J;546400;F;Scotland;A Level or Equivalent;1;60;N;65.0;True;False;False;0.0;0.0;0.0;0.0;0.0;0.0;1
EEE;2014B;1573624;M;East Anglian Region;Lower Than A Level;0;30;N;25.0;False;True;False;0.0;1.0;0.0;0.0;96.15356833686063;5.200433540097205;0
FFF;2013B;543384;M;North Western Region;Lower Than A Level;0;60;N;25.0;True;False;False;0.0;1.0;0.0;0.0;69.6062366959338;3.348826969585634;0
EEE;2013J;602133;M;South West Region;A Level or Equivalent;0;60;N;65.0;True;False;False;0.0;1.0;0.0;0.0;94.70307627060349;4.907112763934713;0
DDD;2013J;1080206;F;Scotland;HE Qualification;0;60;N;75.0;False;True;False;0.0;1.0;1.0;71.0;83.89580063253372;1.4819269647223288;0
EEE;2013J;413702;M;South Region;Lower Than A Level;0;120;N;55.0;True;False;False;0.0;0.0;0.0;0.0;0.0;0.0;1
BBB;2014B;567963;F;London Region;Lower Than A Level;0;60;Y;35.0;False;True;False;0.0;1.0;0.0;0.0;131.0427611697838;2.0514019672300217;0
FFF;2014J;563414;M;East Midlands Region;Lower Than A Level;0;60;N;95.0;True;False;False;0.0;1.0;0.0;0.0;97.27098226140477;2.8458540660733385;0
CCC;2014B;620266;M;Scotland;A Level or Equivalent;0;60;N;65.0;True;False;False;0.0;0.0;0.0;0.0;12.308814102564103;2.5864239926739927;0
BBB;2014B;618965;F;South Region;Lower Than A Level;0;120;N;15.0;False;True;False;0.0;0.09090909090909091;0.0;0.0;10.833333333333334;01.май;0
FFF;2014J;650570;M;Yorkshire Region;HE Qualification;0;120;N;75.0;True;False;False;0.0;0.9166666666666666;0.0;0.0;118.1946185327181;3.413775929446104;0
FFF;2013J;1100143;M;South West Region;A Level or Equivalent;0;120;N;55.0;False;True;False;0.0;1.0;0.0;0.0;101.85292893955706;3.1585220215203806;0
DDD;2014J;656766;M;London Region;HE Qualification;0;60;N;85.0;True;False;False;0.0;1.0;1.0;96.0;144.11740958038905;1.1492562077136161;0
BBB;2014J;604950;F;London Region;Lower Than A Level;0;60;N;15.0;False;True;False;0.0;1.0;0.0;0.0;102.08982653581953;3.0670340033534855;0
FFF;2013B;520082;M;Wales;A Level or Equivalent;0;60;N;75.0;True;False;False;0.0;0.9166666666666666;0.0;0.0;72.04812892561145;2.9830642193222228;0
DDD;2014J;296138;M;East Anglian Region;A Level or Equivalent;0;60;N;35.0;True;False;False;0.0;1.0;1.0;96.0;84.70235846404678;1.4227633477633477;0
AAA;2013J;2104505;M;West Midlands Region;Lower Than A Level;0;60;N;5.0;False;True;False;0.0;1.0;0.0;0.0;83.65929752753652;4.094199028318525;0
GGG;2014B;614249;F;North Western Region;Lower Than A Level;0;30;N;55.0;False;True;False;0.0;0.1111111111111111;0.0;0.0;58.3;01.май;0
FFF;2014B;634479;M;South West Region;HE Qualification;0;60;N;85.0;False;True;False;0.0;0.6666666666666666;0.0;0.0;48.13094494817374;2.621577218812002;0
BBB;2014B;631679;F;Wales;HE Qualification;0;120;N;35.0;False;True;False;0.0;0.9090909090909091;0.0;0.0;82.92467965773614;1.6408325774842147;0
BBB;2014J;297179;F;North Region;Lower Than A Level;1;60;N;55.0;False;True;False;0.0;0.8;0.0;0.0;88.52624407667223;2.7825146221979704;0
DDD;2014B;626417;M;Wales;Lower Than A Level;0;90;N;85.0;True;False;False;0.0;1.0;1.0;84.0;77.89937832002592;1.706746001405379;0
DDD;2013J;608983;F;Wales;HE Qualification;0;90;N;25.0;False;True;False;0.0;1.0;1.0;78.0;86.42871877799585;1.7698657727844687;0
DDD;2013B;483470;M;South East Region;HE Qualification;0;120;N;45.0;True;False;False;0.0;0.15384615384615385;0.0;0.0;21.82936507936508;1.9017857142857142;0
BBB;2013J;584223;F;South Region;A Level or Equivalent;0;60;N;95.0;True;False;False;0.0;0.0;0.0;0.0;0.0;0.0;1
BBB;2014J;700820;F;South Region;HE Qualification;0;120;N;45.0;True;False;False;0.0;0.8;0.0;0.0;97.59087336274837;2.898332917082917;0
BBB;2014B;632503;F;South East Region;Lower Than A Level;0;60;N;55.0;True;False;False;0.0;1.0;0.0;0.0;129.2738034549169;1.9748610499939594;0
DDD;2013J;2098405;M;South Region;HE Qualification;0;60;N;95.0;False;False;True;0.0;1.0;1.0;76.0;79.15818810535393;1.4754829069875344;0
FFF;2013B;555503;M;Scotland;HE Qualification;0;60;N;15.0;True;False;False;0.0;1.0;0.0;0.0;93.86840557724359;3.859163171981449;0
DDD;2014B;2516497;M;Wales;A Level or Equivalent;0;60;N;55.0;True;False;False;0.0;0.6337579617834395;0.554140127388535;38.28768577494692;27.564102564102562;1.8333333333333333;0
AAA;2013J;2542724;F;West Midlands Region;Lower Than A Level;0;60;N;45.0;True;False;False;0.0;0.0;0.0;0.0;0.0;0.0;1
EEE;2014B;571233;M;South West Region;Lower Than A Level;0;60;N;65.0;True;False;False;0.0;1.0;0.0;0.0;71.28248102803056;3.387297052506031;0
FFF;2013B;483997;F;North Region;A Level or Equivalent;0;60;N;35.0;True;False;False;0.0;1.0;0.0;0.0;111.39823904216028;3.0066257467798563;0
BBB;2013J;576996;F;East Midlands Region;Lower Than A Level;0;120;N;85.0;True;False;False;0.0;0.0;0.0;0.0;0.0;0.0;1
FFF;2014J;644430;F;East Anglian Region;Lower Than A Level;0;120;N;45.0;True;False;False;0.0;0.08333333333333333;0.0;0.0;16.57201336675021;2.385171261487051;0
CCC;2014J;633205;M;East Midlands Region;A Level or Equivalent;0;180;N;95.0;True;False;False;0.0;0.0;0.0;0.0;0.0;0.0;1
FFF;2013J;571831;M;North Western Region;Lower Than A Level;0;60;N;85.0;True;False;False;0.0;1.0;0.0;0.0;104.78186259428959;2.929019085429228;0
BBB;2014J;644883;F;Wales;Lower Than A Level;0;60;N;35.0;True;False;False;0.0;0.0;0.0;0.0;0.0;0.0;1
FFF;2013J;101217;M;London Region;A Level or Equivalent;1;90;Y;45.0;False;True;False;0.0;0.0;0.0;0.0;0.0;0.0;1
BBB;2013J;427683;F;Scotland;Lower Than A Level;0;120;N;25.0;True;False;False;0.0;0.0;0.0;0.0;0.0;0.0;1
DDD;2013B;545245;M;South Region;Lower Than A Level;0;120;Y;85.0;True;False;False;0.0;0.8461538461538461;1.0;33.0;89.65781907628448;2.0175932583156273;0
DDD;2013J;609932;F;West Midlands Region;A Level or Equivalent;0;60;N;5.0;True;False;False;0.0;0.5;1.0;71.0;90.49474910671339;1.6656128706894013;0
CCC;2014B;570514;F;Yorkshire Region;A Level or Equivalent;0;60;N;25.0;False;True;False;0.0;0.0;0.0;0.0;0.0;0.0;1
GGG;2014B;380894;F;South Region;A Level or Equivalent;0;30;N;45.0;False;True;False;0.0;0.7777777777777778;0.0;0.0;116.91049879434554;3.7866410958169765;0
BBB;2014J;656549;F;Scotland;Lower Than A Level;0;60;N;55.0;True;False;False;0.0;0.0;0.0;0.0;0.0;0.0;1
DDD;2013J;50610;F;East Anglian Region;A Level or Equivalent;1;70;Y;55.0;True;False;False;0.0;0.5;0.0;0.0;-7.84375;янв.25;0
DDD;2013B;546191;M;Ireland;A Level or Equivalent;0;60;N;25.0;True;False;False;0.0;0.6923076923076923;1.0;44.0;57.30041845008178;1.4116566994268216;0
BBB;2014J;2213814;F;South West Region;Lower Than A Level;0;60;Y;5.0;False;True;False;0.0;0.0;0.0;0.0;0.0;0.0;1
FFF;2014B;115875;F;London Region;A Level or Equivalent;1;90;N;25.0;True;False;False;0.0;0.0;0.0;0.0;0.0;0.0;1
FFF;2014B;634176;M;South East Region;Lower Than A Level;0;90;N;25.0;True;False;False;0.0;0.0;0.0;0.0;0.0;0.0;1
CCC;2014J;692179;M;Wales;A Level or Equivalent;0;60;N;35.0;True;False;False;0.0;0.0;0.0;0.0;0.0;0.0;1
FFF;2013B;542536;M;Yorkshire Region;Lower Than A Level;0;90;N;35.0;True;False;False;0.0;1.0;0.0;0.0;93.15319021917671;3.9051250494148193;0
CCC;2014B;612124;M;South East Region;A Level or Equivalent;0;60;N;75.0;True;False;False;0.0;0.0;0.0;0.0;0.0;0.0;1
BBB;2014B;295728;F;Wales;Lower Than A Level;2;120;N;25.0;True;False;False;0.0;0.7272727272727273;0.0;0.0;50.92538466216627;1.8908182813355228;0
BBB;2014J;637903;F;Wales;Lower Than A Level;0;60;N;15.0;True;False;False;0.0;1.0;0.0;0.0;58.68382352941177;2.861764705882353;0
DDD;2013B;540207;F;South Region;A Level or Equivalent;0;60;N;45.0;True;False;False;0.0;0.9230769230769231;1.0;42.0;79.7921225202528;1.4273992527456683;0
FFF;2013J;529309;M;East Midlands Region;A Level or Equivalent;2;60;N;45.0;True;False;False;0.0;1.0;0.0;0.0;86.01155088197297;3.4069129448516358;0
GGG;2014B;623233;F;South East Region;A Level or Equivalent;0;30;N;95.0;True;False;False;0.0;0.0;0.0;0.0;0.0;0.0;1
BBB;2014J;2611512;F;Wales;Lower Than A Level;0;60;N;35.0;True;False;False;0.0;0.6;0.0;0.0;42.98823696145124;2.2349489795918367;0
FFF;2013J;573166;M;West Midlands Region;A Level or Equivalent;0;90;N;35.0;True;False;False;0.0;1.0;0.0;0.0;104.17747951578939;3.2684772904161816;0
EEE;2013J;110461;M;Scotland;HE Qualification;0;80;N;15.0;True;False;False;0.0;0.0;0.0;0.0;0.0;0.0;1
DDD;2013J;590397;F;Ireland;A Level or Equivalent;0;60;N;47.115494568324756;True;False;False;0.0;0.8333333333333334;1.0;51.0;102.62765148131001;1.5421379433574556;0
CCC;2014J;631880;M;East Midlands Region;Lower Than A Level;0;90;N;5.0;True;False;False;0.0;0.0;0.0;0.0;0.0;0.0;1
BBB;2014J;656711;F;Ireland;Lower Than A Level;0;60;N;65.0;False;True;False;0.0;0.8;0.0;0.0;100.22938196555216;2.2911854103343465;0
CCC;2014B;436058;M;North Western Region;A Level or Equivalent;0;30;N;15.0;True;False;False;0.0;0.75;1.0;54.0;121.7618877762023;2.882403058411123;0
BBB;2014J;575892;F;London Region;HE Qualification;1;60;Y;25.0;True;False;False;0.0;0.0;0.0;0.0;0.0;0.0;1
BBB;2014B;621508;F;South West Region;Lower Than A Level;0;60;N;85.0;True;False;False;0.0;0.0;0.0;0.0;0.0;0.0;1
CCC;2014B;2252437;M;North Western Region;Lower Than A Level;0;60;N;5.0;False;True;False;0.0;0.0;0.0;0.0;0.0;0.0;1
DDD;2013J;607928;F;Yorkshire Region;A Level or Equivalent;0;120;N;55.0;False;True;False;0.0;0.0;0.0;0.0;0.0;0.0;1
BBB;2013J;565402;F;South Region;Lower Than A Level;0;180;N;85.0;True;False;False;0.0;0.0;0.0;0.0;0.0;0.0;1
EEE;2014J;620519;M;Scotland;Post Graduate Qualification;0;60;N;95.0;True;False;False;0.0;1.0;0.0;0.0;102.28224043521162;3.6866056816419825;0
BBB;2013B;551601;F;North Western Region;Lower Than A Level;0;60;N;5.0;True;False;False;0.0;0.0;0.0;0.0;0.0;0.0;1
AAA;2013J;227517;M;Ireland;HE Qualification;0;180;N;47.115494568324756;True;False;False;сент.45;1.0;0.0;0.0;83.35087026704565;4.127378684526805;0
FFF;2013B;382160;M;West Midlands Region;A Level or Equivalent;0;180;N;55.0;True;False;False;0.0;0.0;0.0;0.0;0.0;0.0;1
CCC;2014J;396631;M;London Region;A Level or Equivalent;0;60;N;25.0;True;False;False;0.0;0.0;0.0;0.0;0.0;0.0;1
DDD;2013J;590918;M;North Western Region;Lower Than A Level;0;120;N;25.0;True;False;False;0.0;0.8333333333333334;1.0;36.0;80.64241830065359;1.4326143790849672;0
DDD;2013B;536210;M;Ireland;Lower Than A Level;0;120;Y;5.0;True;False;False;0.0;0.0;0.0;0.0;0.0;0.0;1
FFF;2013B;557586;M;Ireland;HE Qualification;0;60;N;47.115494568324756;True;False;False;0.0;0.25;0.0;0.0;29.955710161631238;2.985642327834521;0
GGG;2014J;653495;F;Yorkshire Region;Lower Than A Level;0;30;N;25.0;False;True;False;0.0;1.0;0.0;0.0;109.80660173160173;3.7507575757575755;0
FFF;2013J;154191;M;Scotland;Lower Than A Level;0;60;N;35.0;False;True;False;0.0;1.0;0.0;0.0;98.93606715105273;4.273366600809373;0
BBB;2014B;621731;F;West Midlands Region;A Level or Equivalent;0;60;N;5.0;True;False;False;0.0;0.0;0.0;0.0;0.0;0.0;1
DDD;2013J;320963;M;Ireland;A Level or Equivalent;0;60;N;95.0;True;False;False;0.0;0.8333333333333334;1.0;42.0;103.1577433917676;2.340277251484148;0
BBB;2014J;641262;F;West Midlands Region;Lower Than A Level;0;60;N;25.0;True;False;False;0.0;0.0;0.0;0.0;0.0;0.0;1
FFF;2013B;535228;M;South Region;A Level or Equivalent;0;60;N;15.0;True;False;False;0.0;0.0;0.0;0.0;0.0;0.0;1
GGG;2014B;634018;M;South East Region;Lower Than A Level;0;30;N;75.0;False;True;False;0.0;1.0;0.0;0.0;136.86755952380952;4.882521645021645;0
BBB;2013J;598883;F;East Anglian Region;A Level or Equivalent;0;120;N;45.0;True;False;False;0.0;1.0;0.0;0.0;96.75205071234657;1.7089206863198618;0
DDD;2014B;607572;M;Ireland;A Level or Equivalent;0;60;N;75.0;True;False;False;0.0;0.6666666666666666;1.0;27.0;69.65792176539662;2.01996028117459;0
DDD;2013J;608733;M;East Anglian Region;Lower Than A Level;0;90;N;55.0;True;False;False;0.0;1.0;1.0;78.0;102.09655333010792;1.6861910929034931;0
CCC;2014J;685964;M;North Region;Lower Than A Level;0;120;N;47.115494568324756;True;False;False;0.0;1.0;1.0;98.0;88.3996598615072;2.18471572502653;0
FFF;2014B;572952;F;London Region;HE Qualification;1;120;N;5.0;False;True;False;0.0;0.0;0.0;0.0;0.0;0.0;1
BBB;2013B;349424;F;London Region;A Level or Equivalent;1;60;N;75.0;False;True;False;0.0;0.7314562719968125;0.0;0.0;-5.0;2.6666666666666665;0
FFF;2013J;574722;M;London Region;Lower Than A Level;0;60;N;25.0;True;False;False;0.0;1.0;0.0;0.0;102.29900708086869;3.93904157954364;0
CCC;2014J;635410;M;South Region;A Level or Equivalent;0;150;Y;45.0;True;False;False;0.0;0.0;0.0;0.0;0.0;0.0;1
DDD;2014B;441393;F;North Region;A Level or Equivalent;0;60;N;5.0;True;False;False;0.0;0.0;0.0;0.0;0.0;0.0;1
EEE;2013J;1541906;M;West Midlands Region;Lower Than A Level;0;60;N;45.0;False;True;False;0.0;0.75;0.0;0.0;58.86917678527435;3.0534403266110584;0
BBB;2013B;384678;M;London Region;HE Qualification;0;60;N;85.0;True;False;False;0.0;0.5454545454545454;0.0;0.0;29.37750578922993;1.4651928339859375;0
DDD;2013B;244919;M;Yorkshire Region;Lower Than A Level;2;60;N;5.0;True;False;False;0.0;0.0;0.0;0.0;0.0;0.0;1
FFF;2013J;473896;M;North Western Region;A Level or Equivalent;1;60;Y;25.0;False;True;False;0.0;0.16666666666666666;0.0;0.0;69.56339093032697;3.1019822230124214;0
BBB;2013J;578264;F;North Western Region;HE Qualification;0;120;Y;5.0;True;False;False;0.0;0.0;0.0;0.0;0.0;0.0;1
CCC;2014B;429220;F;Yorkshire Region;Lower Than A Level;0;60;N;25.0;True;False;False;0.0;0.0;0.0;0.0;0.0;0.0;1
BBB;2014J;648127;F;Scotland;A Level or Equivalent;0;120;N;15.0;True;False;False;0.0;0.0;0.0;0.0;0.0;0.0;1
FFF;2013J;1983331;M;North Western Region;HE Qualification;0;60;N;5.0;False;True;False;0.0;0.0;0.0;0.0;0.0;0.0;1
BBB;2014J;645678;M;South West Region;A Level or Equivalent;0;120;Y;45.0;True;False;False;0.0;1.0;0.0;0.0;93.69103454740366;2.454503962910238;0
FFF;2013J;200278;M;East Anglian Region;A Level or Equivalent;0;120;N;45.0;True;False;False;0.0;0.0;0.0;0.0;0.0;0.0;1
BBB;2014J;676948;F;Wales;Lower Than A Level;0;60;N;5.0;False;True;False;0.0;1.0;0.0;0.0;67.6253795721187;2.304416839199448;0
DDD;2013B;1664920;M;North Western Region;HE Qualification;1;90;N;25.0;False;False;True;0.0;1.0;1.0;78.0;87.0992782238833;1.4375435615062575;0
EEE;2013J;388252;M;West Midlands Region;Lower Than A Level;0;60;N;75.0;True;False;False;0.0;0.0;0.0;0.0;0.0;0.0;1
DDD;2013J;2446109;M;East Anglian Region;Lower Than A Level;0;90;N;25.0;True;False;False;0.0;1.0;1.0;82.0;98.23052993586599;1.544851138065208;0
FFF;2014B;632235;M;London Region;A Level or Equivalent;0;90;N;25.0;False;True;False;0.0;0.0;0.0;0.0;0.0;0.0;1
FFF;2014B;623939;M;Yorkshire Region;Lower Than A Level;0;60;N;45.0;True;False;False;0.0;0.0;0.0;0.0;0.0;0.0;1
CCC;2014J;512861;F;South West Region;A Level or Equivalent;0;90;N;45.0;True;False;False;0.0;0.0;0.0;0.0;0.0;0.0;1
CCC;2014B;500597;M;West Midlands Region;A Level or Equivalent;0;30;N;5.0;False;True;False;0.0;1.0;1.0;24.0;102.68775643977492;3.705179116311012;0
DDD;2013J;408061;M;South Region;A Level or Equivalent;0;90;N;55.0;True;False;False;0.0;0.8333333333333334;1.0;33.0;97.94950488412026;1.999374280143511;0
FFF;2014J;685105;M;South West Region;Lower Than A Level;0;180;N;45.0;True;False;False;0.0;0.6666666666666666;0.0;0.0;152.03443436320148;3.7685008024822433;0
BBB;2013J;594774;F;South Region;A Level or Equivalent;0;120;N;25.0;False;True;False;0.0;0.0;0.0;0.0;0.0;0.0;1
FFF;2014B;1072259;M;North Western Region;HE Qualification;0;90;N;65.0;False;True;False;0.0;0.9166666666666666;0.0;0.0;96.97240572910282;4.197686785757297;0
CCC;2014B;407453;M;East Anglian Region;A Level or Equivalent;0;60;N;45.0;True;False;False;0.0;0.0;0.0;0.0;0.0;0.0;1
BBB;2013B;543408;F;East Midlands Region;Lower Than A Level;0;120;N;25.0;True;False;False;0.0;0.0;0.0;0.0;0.0;0.0;1
FFF;2014B;524379;F;London Region;Lower Than A Level;1;210;N;85.0;True;False;False;0.0;0.0;0.0;0.0;0.0;0.0;1
BBB;2013J;128889;F;South Region;A Level or Equivalent;1;120;N;95.0;False;True;False;0.0;1.0;0.0;0.0;103.5434762858746;1.9457272085606867;0
FFF;2014B;592422;F;East Midlands Region;A Level or Equivalent;0;60;N;95.0;True;False;False;0.0;0.3333333333333333;0.0;0.0;39.30048741711071;3.024491955428845;0
DDD;2014B;411060;F;East Midlands Region;Lower Than A Level;0;60;N;55.0;True;False;False;0.0;0.6666666666666666;1.0;51.0;71.32349651455439;1.5895285434837143;0
EEE;2013J;598924;M;North Region;A Level or Equivalent;0;60;N;45.0;True;False;False;0.0;0.8558041112454655;0.0;0.0;21.157738095238095;5.375;0
GGG;2013J;591255;F;South Region;Lower Than A Level;0;30;N;75.0;True;False;False;0.0;0.3333333333333333;0.0;0.0;53.8;3.7375000000000003;0
FFF;2013J;587334;M;West Midlands Region;A Level or Equivalent;0;120;N;5.0;True;False;False;0.0;1.0;0.0;0.0;80.96586961368493;3.1985170213208387;0
FFF;2014J;560645;M;Scotland;HE Qualification;0;60;N;47.115494568324756;True;False;False;0.0;1.0;0.0;0.0;102.31379000470386;3.6314435019402693;0
CCC;2014J;440637;F;North Western Region;Lower Than A Level;0;60;N;5.0;True;False;False;0.0;0.0;0.0;0.0;0.0;0.0;1
FFF;2014J;676378;M;Ireland;HE Qualification;0;60;N;47.115494568324756;False;True;False;0.0;1.0;0.0;0.0;119.57264465432229;2.5676448447385947;0
CCC;2014J;689436;M;East Anglian Region;A Level or Equivalent;0;120;N;65.0;True;False;False;0.0;0.0;0.0;0.0;0.0;0.0;1
GGG;2014B;625494;F;East Midlands Region;A Level or Equivalent;0;30;N;85.0;False;True;False;0.0;0.8888888888888888;0.0;0.0;122.91405286632559;1.8611143906598453;0
DDD;2013B;1906919;M;North Western Region;Lower Than A Level;0;60;N;5.0;False;True;False;0.0;0.9230769230769231;1.0;47.0;74.55449131516227;1.9178355043673894;0
EEE;2013J;592961;M;North Western Region;HE Qualification;0;60;N;45.0;False;True;False;0.0;1.0;0.0;0.0;81.31760311863877;4.580172126688926;0
EEE;2014J;697253;M;Scotland;HE Qualification;0;60;N;35.0;True;False;False;0.0;0.75;0.0;0.0;96.2882233801201;2.6709557738959964;0
GGG;2014B;634746;M;London Region;Lower Than A Level;0;30;N;15.0;False;True;False;0.0;1.0;0.0;0.0;124.73793436293437;2.24522737022737;0
BBB;2013B;502694;F;North Region;A Level or Equivalent;0;60;N;85.0;False;True;False;0.0;1.0;0.0;0.0;107.28946246112362;2.1663721202850525;0
DDD;2013B;1945240;M;East Midlands Region;Lower Than A Level;0;60;N;55.0;True;False;False;0.0;1.0;1.0;56.0;84.84176995891728;1.7924489478657066;0
DDD;2014J;599837;F;Scotland;A Level or Equivalent;2;60;Y;5.0;False;True;False;0.0;0.6666666666666666;0.0;0.0;-1.3740079365079365;1.5267857142857144;0
GGG;2014J;635779;F;East Anglian Region;A Level or Equivalent;0;30;Y;65.0;False;True;False;0.0;1.0;0.0;0.0;131.4195412311266;2.821254355400697;0
DDD;2014J;104772;M;South West Region;A Level or Equivalent;1;60;N;75.0;False;True;False;0.0;0.8333333333333334;0.0;0.0;42.482635231511956;2.7220827847267937;0
FFF;2014J;555277;M;West Midlands Region;Lower Than A Level;0;60;Y;25.0;False;True;False;0.0;0.0;0.0;0.0;0.0;0.0;1
CCC;2014J;618649;F;South West Region;A Level or Equivalent;1;60;Y;85.0;True;False;False;0.0;1.0;1.0;60.0;96.7391490874807;2.3939980587899403;0
DDD;2013J;2654602;M;West Midlands Region;HE Qualification;0;90;N;85.0;True;False;False;0.0;0.0;0.0;0.0;0.0;0.0;1
CCC;2014J;416860;F;East Midlands Region;A Level or Equivalent;1;60;N;25.0;True;False;False;0.0;0.0;0.0;0.0;0.0;0.0;1
DDD;2014J;441354;M;Scotland;HE Qualification;0;150;N;35.0;True;False;False;0.0;0.0;0.0;0.0;0.0;0.0;1
FFF;2013B;491004;M;Wales;A Level or Equivalent;0;60;N;45.0;False;True;False;0.0;1.0;0.0;0.0;95.96549107408647;4.333756515891043;0
GGG;2013J;481404;M;North Western Region;Lower Than A Level;0;30;Y;5.0;False;True;False;0.0;1.0;0.0;0.0;135.27982295482298;2.181794871794872;0
FFF;2013B;2586748;M;South West Region;Lower Than A Level;0;120;Y;55.0;True;False;False;0.0;0.0;0.0;0.0;0.0;0.0;1
CCC;2014J;278600;M;North Western Region;A Level or Equivalent;0;90;N;65.0;True;False;False;0.0;0.0;0.0;0.0;0.0;0.0;1
FFF;2014B;634187;M;South Region;A Level or Equivalent;0;60;N;35.0;True;False;False;0.0;0.0;0.0;0.0;0.0;0.0;1
FFF;2014J;637358;M;Wales;Lower Than A Level;0;120;N;25.0;True;False;False;0.0;1.0;0.0;0.0;109.13680339486409;3.2605484887555485;0
BBB;2014J;653034;F;East Anglian Region;No Formal quals;0;120;N;35.0;True;False;False;0.0;0.0;0.0;0.0;0.0;0.0;1
EEE;2013J;605926;M;East Anglian Region;A Level or Equivalent;0;60;N;65.0;True;False;False;0.0;0.0;0.0;0.0;0.0;0.0;1
GGG;2013J;572663;F;South East Region;Lower Than A Level;0;30;N;45.0;True;False;False;0.0;0.7777777777777778;0.0;0.0;112.91272401433693;3.0112711213517667;0
BBB;2013J;545443;F;North Western Region;A Level or Equivalent;0;60;N;5.0;True;False;False;0.0;1.0;0.0;0.0;110.61621945074326;1.691257243638196;0
BBB;2014J;652114;F;Yorkshire Region;Lower Than A Level;0;60;N;5.0;False;True;False;0.0;0.0;0.0;0.0;0.0;0.0;0
GGG;2014J;690556;F;South East Region;Lower Than A Level;0;30;N;75.0;False;True;False;0.0;0.1111111111111111;0.0;0.0;51.94583333333334;13.929166666666669;0
BBB;2014J;435287;F;Wales;Lower Than A Level;0;195;N;5.0;False;True;False;0.0;1.0;0.0;0.0;39.26923076923077;1.876923076923077;0
BBB;2014J;652158;F;Yorkshire Region;Lower Than A Level;0;120;N;35.0;True;False;False;0.0;0.8;0.0;0.0;84.76227472120924;3.251378098409175;0
BBB;2013B;542291;F;South East Region;HE Qualification;0;60;N;75.0;True;False;False;0.0;0.8181818181818182;0.0;0.0;109.09492130185407;2.115409497132186;0
DDD;2013B;183714;M;South West Region;Lower Than A Level;0;60;Y;45.0;True;False;False;0.0;0.9230769230769231;1.0;51.0;86.46228118969707;1.37672096716611;0
CCC;2014J;494498;F;North Western Region;A Level or Equivalent;0;90;N;35.0;True;False;False;0.0;0.0;0.0;0.0;0.0;0.0;1
EEE;2014B;444349;M;East Anglian Region;A Level or Equivalent;0;30;Y;95.0;True;False;False;0.0;0.5;0.0;0.0;48.222261434217955;3.0587489804881107;0
DDD;2013B;165421;M;Ireland;HE Qualification;0;60;N;47.115494568324756;False;True;False;0.0;0.7692307692307693;1.0;44.0;88.66259412650602;2.324387729489386;0
FFF;2013B;546863;M;London Region;Lower Than A Level;0;60;N;25.0;False;True;False;0.0;0.0;0.0;0.0;0.0;0.0;1
DDD;2013J;2365438;M;Yorkshire Region;HE Qualification;0;60;N;65.0;False;True;False;0.0;0.0;0.0;0.0;0.0;0.0;0
EEE;2014J;655396;M;Scotland;HE Qualification;0;60;N;25.0;False;True;False;0.0;1.0;0.0;0.0;103.87209272698507;3.7825652082948733;0
EEE;2014J;296222;M;South East Region;A Level or Equivalent;0;90;N;85.0;True;False;False;0.0;1.0;0.0;0.0;117.55037066201048;3.7827451368033955;0
BBB;2014J;698010;F;Yorkshire Region;Lower Than A Level;0;60;N;15.0;True;False;False;0.0;0.6;0.0;0.0;57.98228964522068;2.464072995969548;0
CCC;2014B;558806;M;West Midlands Region;A Level or Equivalent;0;30;N;35.0;True;False;False;0.0;0.0;0.0;0.0;0.0;0.0;1
FFF;2013J;58640;M;Scotland;A Level or Equivalent;0;90;Y;55.0;True;False;False;0.0;1.0;0.0;0.0;86.16954917328876;2.587596870788755;0
FFF;2013J;47924;M;West Midlands Region;Lower Than A Level;0;60;N;5.0;False;True;False;0.0;0.08333333333333333;0.0;0.0;46.166666666666664;2.5833333333333335;0
DDD;2014J;678065;F;North Western Region;A Level or Equivalent;0;60;N;5.0;True;False;False;0.0;1.0;1.0;49.0;121.50378126927774;1.7823016202742001;0
BBB;2014B;628178;F;Scotland;HE Qualification;0;60;N;65.0;False;True;False;0.0;1.0;0.0;0.0;133.35509858786384;1.9265600534674412;0
BBB;2013B;562483;M;Wales;A Level or Equivalent;0;60;N;45.0;False;True;False;0.0;0.0;0.0;0.0;0.0;0.0;0
BBB;2013B;520836;M;Ireland;Lower Than A Level;0;60;N;65.0;True;False;False;0.0;0.9090909090909091;0.0;0.0;69.29008276791082;1.6578348310814375;0
CCC;2014J;561476;M;East Anglian Region;Lower Than A Level;0;30;N;75.0;True;False;False;0.0;1.0;1.0;80.0;124.3147152589013;2.9038318787155997;0
FFF;2014B;42746;F;South Region;HE Qualification;0;60;N;55.0;False;True;False;0.0;1.0;0.0;0.0;94.69407502654639;2.913874105743493;0
EEE;2013J;584923;M;West Midlands Region;HE Qualification;0;60;N;55.0;True;False;False;0.0;0.0;0.0;0.0;0.0;0.0;1
BBB;2013J;248653;M;London Region;A Level or Equivalent;0;120;N;45.0;True;False;False;0.0;1.0;0.0;0.0;105.06340966074923;1.896527679094524;0
DDD;2013J;592709;M;Yorkshire Region;A Level or Equivalent;0;60;N;75.0;False;True;False;0.0;0.5;0.0;0.0;17.795833333333334;1.8245199692780338;0
EEE;2013J;560734;M;East Midlands Region;A Level or Equivalent;0;120;N;95.0;True;False;False;0.0;0.25;0.0;0.0;29.52259049235372;4.231064124316586;0
DDD;2013B;499557;M;Scotland;A Level or Equivalent;0;60;N;95.0;True;False;False;0.0;1.0;1.0;60.0;58.39227637634808;1.611836300940014;0
DDD;2014B;2646737;F;South Region;Lower Than A Level;1;120;Y;85.0;True;False;False;0.0;0.0;0.0;0.0;0.0;0.0;1
GGG;2014J;612235;F;Scotland;HE Qualification;0;30;N;75.0;False;True;False;0.0;0.7777777777777778;0.0;0.0;113.01188341750841;3.520877525252525;0
CCC;2014B;544090;M;South East Region;A Level or Equivalent;0;120;N;35.0;True;False;False;0.0;0.875;1.0;34.0;68.78087402060616;2.474877403895261;0
EEE;2014B;633634;M;North Region;A Level or Equivalent;0;30;N;15.0;True;False;False;0.0;1.0;0.0;0.0;105.49895430830769;3.4483227476311584;0
CCC;2014J;342799;M;Wales;Lower Than A Level;1;30;Y;5.0;True;False;False;0.0;0.5;1.0;54.0;73.45666984444344;2.168472633537613;0
GGG;2014B;607235;F;West Midlands Region;A Level or Equivalent;0;30;N;5.0;True;False;False;0.0;1.0;0.0;0.0;137.32599269378508;3.001546112117393;0
BBB;2013B;432319;F;West Midlands Region;A Level or Equivalent;2;120;N;65.0;True;False;False;0.0;0.0;0.0;0.0;0.0;0.0;1
BBB;2013B;502717;F;Wales;Lower Than A Level;1;240;N;85.0;True;False;False;0.0;0.7272727272727273;0.0;0.0;123.02961625580448;1.3151485824477342;0
EEE;2013J;591021;M;Ireland;Lower Than A Level;0;60;N;47.115494568324756;True;False;False;0.0;1.0;0.0;0.0;95.39159851252566;4.351485054381832;0
BBB;2013B;410739;F;East Midlands Region;Lower Than A Level;0;120;N;85.0;False;True;False;0.0;0.9090909090909091;0.0;0.0;96.22515372233771;1.7085197709604283;0
BBB;2014J;679232;F;North Region;Lower Than A Level;0;60;N;15.0;True;False;False;0.0;0.8;0.0;0.0;99.16961078907124;3.739488676157089;0
CCC;2014J;338983;M;East Anglian Region;Lower Than A Level;0;30;N;25.0;False;True;False;0.0;0.0;0.0;0.0;0.0;0.0;1
GGG;2013J;544615;F;South East Region;A Level or Equivalent;0;30;N;55.0;True;False;False;0.0;1.0;0.0;0.0;89.18026344797177;2.24362323633157;0
FFF;2014J;642498;M;London Region;A Level or Equivalent;0;60;N;45.0;True;False;False;0.0;1.0;0.0;0.0;74.1234040749049;3.7726946990750134;0
FFF;2013B;440825;M;Yorkshire Region;Lower Than A Level;1;150;N;25.0;True;False;False;0.0;0.3333333333333333;0.0;0.0;69.84771449320469;4.107307812013694;0
EEE;2014B;600879;M;South Region;A Level or Equivalent;1;90;N;85.0;True;False;False;0.0;0.0;0.0;0.0;0.0;0.0;1
DDD;2013B;548677;M;Ireland;A Level or Equivalent;0;60;N;75.0;True;False;False;0.0;1.0;1.0;82.0;89.61832334729675;1.4854708323875008;0
CCC;2014B;392289;M;South East Region;A Level or Equivalent;0;30;N;55.0;True;False;False;0.0;0.0;0.0;0.0;0.0;0.0;1
FFF;2014J;85241;M;South West Region;Lower Than A Level;0;120;Y;55.0;True;False;False;0.0;0.0;0.0;0.0;0.0;0.0;1
CCC;2014B;362223;F;South Region;A Level or Equivalent;0;60;N;65.0;True;False;False;0.0;0.625;1.0;70.0;88.75708936118345;2.4478261024101617;0
EEE;2014J;316454;F;North Western Region;Lower Than A Level;0;120;Y;5.0;True;False;False;0.0;0.0;0.0;0.0;0.0;0.0;1
GGG;2014B;606296;F;East Midlands Region;Lower Than A Level;1;60;N;55.0;False;True;False;0.0;1.0;0.0;0.0;144.5520691973837;5.1459563543003854;0
FFF;2013B;550026;F;North Region;A Level or Equivalent;0;60;N;55.0;True;False;False;0.0;0.8333333333333334;0.0;0.0;127.20232267732267;4.830168905168906;0
CCC;2014J;1091274;M;Wales;HE Qualification;0;60;N;55.0;False;True;False;0.0;0.375;1.0;56.0;95.60108338357786;1.8971719298469483;0
BBB;2014B;628301;F;Yorkshire Region;Lower Than A Level;0;60;N;45.0;True;False;False;0.0;1.0;0.0;0.0;101.37148064701256;1.8648805095613605;0
EEE;2014B;551528;M;Yorkshire Region;Lower Than A Level;0;120;N;47.115494568324756;True;False;False;0.0;0.0;0.0;0.0;0.0;0.0;1
FFF;2014J;680715;M;East Midlands Region;A Level or Equivalent;0;120;N;75.0;True;False;False;0.0;0.0;0.0;0.0;0.0;0.0;1
FFF;2013J;251405;M;South West Region;A Level or Equivalent;1;60;N;55.0;True;False;False;0.0;1.0;0.0;0.0;111.69856036403691;3.5698460479917435;0
BBB;2013B;551706;F;Scotland;A Level or Equivalent;0;60;N;85.0;True;False;False;0.0;0.9090909090909091;0.0;0.0;82.22284734307728;1.5175511050103683;0
BBB;2014J;696440;F;Ireland;A Level or Equivalent;0;60;N;45.0;True;False;False;0.0;1.0;0.0;0.0;79.88639846743295;2.218582375478927;0
FFF;2013J;600947;M;South Region;Lower Than A Level;0;120;N;25.0;True;False;False;0.0;0.08333333333333333;0.0;0.0;39.968650793650795;2.6527777777777777;0
DDD;2013J;289009;M;Yorkshire Region;HE Qualification;0;150;N;15.0;False;True;False;0.0;1.0;1.0;80.0;102.16406976744186;1.4427583979328165;0
GGG;2014B;577000;M;East Midlands Region;Lower Than A Level;1;60;N;15.0;True;False;False;0.0;1.0;0.0;0.0;121.60336134453782;2.8400560224089637;0
FFF;2014J;575983;M;South West Region;Lower Than A Level;0;120;N;5.0;True;False;False;0.0;0.0;0.0;0.0;0.0;0.0;1
BBB;2014J;308775;F;North Region;A Level or Equivalent;0;120;N;15.0;False;True;False;0.0;0.8;0.0;0.0;82.13792874578104;3.0463840850088726;0
FFF;2014J;682983;M;South West Region;A Level or Equivalent;0;60;N;55.0;True;False;False;0.0;1.0;0.0;0.0;106.82471166283426;4.4009323544223875;0
FFF;2013J;330669;F;Yorkshire Region;Lower Than A Level;0;180;N;65.0;True;False;False;0.0;0.0;0.0;0.0;0.0;0.0;1
FFF;2014J;683346;M;North Region;Lower Than A Level;0;60;N;47.115494568324756;False;True;False;0.0;1.0;0.0;0.0;85.00699762084422;3.6155730686513117;0
FFF;2013J;241792;M;South Region;A Level or Equivalent;0;90;N;55.0;False;True;False;0.0;0.0;0.0;0.0;0.0;0.0;1
CCC;2014J;685950;M;Scotland;Lower Than A Level;0;120;N;35.0;True;False;False;0.0;0.75;1.0;44.0;148.9122170657571;5.370166539539729;0
CCC;2014J;608669;M;Scotland;A Level or Equivalent;0;60;N;65.0;True;False;False;0.0;0.5929054054054054;0.5845845845845846;39.888888888888886;сент.75;01.май;0
DDD;2013J;572567;F;North Region;Lower Than A Level;0;150;N;85.0;True;False;False;0.0;0.0;0.0;0.0;0.0;0.0;1
BBB;2014J;577645;F;East Anglian Region;A Level or Equivalent;1;60;N;55.0;True;False;False;0.0;1.0;0.0;0.0;110.70060045885084;5.991789182530408;0
EEE;2014J;236512;M;North Western Region;Lower Than A Level;0;120;N;55.0;False;True;False;0.0;0.8505347593582888;0.0;0.0;29.872710622710624;3.3128538128538128;0
CCC;2014J;685212;M;West Midlands Region;HE Qualification;0;120;N;35.0;False;True;False;0.0;1.0;1.0;74.0;100.73206512630989;1.96320980975639;0
EEE;2014J;565952;F;South Region;A Level or Equivalent;0;60;Y;45.0;True;False;False;0.0;1.0;0.0;0.0;134.10566697541486;3.643907047084568;0
FFF;2013B;550763;M;East Anglian Region;A Level or Equivalent;0;60;N;55.0;False;True;False;0.0;1.0;0.0;0.0;89.9535086882804;3.313248040658749;0
DDD;2013B;1841753;F;South West Region;A Level or Equivalent;0;75;N;15.0;False;True;False;0.0;0.0;0.0;0.0;0.0;0.0;1
DDD;2014J;472073;M;West Midlands Region;Lower Than A Level;0;60;N;25.0;True;False;False;0.0;0.8333333333333334;1.0;62.0;112.3931762716878;1.34761750692627;0
BBB;2013J;576985;F;South East Region;Lower Than A Level;0;120;N;35.0;True;False;False;0.0;0.0;0.0;0.0;0.0;0.0;1
CCC;2014J;389267;M;North Western Region;A Level or Equivalent;0;60;N;35.0;True;False;False;0.0;0.0;0.0;0.0;0.0;0.0;1
DDD;2013B;528642;F;Wales;Lower Than A Level;0;130;N;45.0;True;False;False;0.0;0.0;0.0;0.0;0.0;0.0;1
EEE;2013J;573242;M;West Midlands Region;A Level or Equivalent;0;60;N;25.0;True;False;False;0.0;0.0;0.0;0.0;0.0;0.0;1
GGG;2014B;626213;F;West Midlands Region;Lower Than A Level;0;30;N;45.0;False;True;False;0.0;0.7735849056603774;0.0;0.0;8.0;01.июль;0
AAA;2014J;383723;M;East Anglian Region;HE Qualification;0;60;N;95.0;False;False;True;0.0;1.0;0.0;0.0;89.14785010526145;3.1306203202612304;0
EEE;2013J;535259;M;East Midlands Region;HE Qualification;0;30;N;85.0;True;False;False;0.0;1.0;0.0;0.0;101.30747097307858;5.98241125681186;0
DDD;2014J;655039;M;London Region;A Level or Equivalent;0;120;N;45.0;False;True;False;0.0;0.8333333333333334;1.0;84.0;138.79711973732782;1.3795400430447349;0
BBB;2014B;2512349;F;Yorkshire Region;Lower Than A Level;0;60;N;45.0;False;True;False;0.0;0.0;0.0;0.0;0.0;0.0;1
CCC;2014J;238255;F;Scotland;HE Qualification;0;30;Y;55.0;True;False;False;0.0;0.0;0.0;0.0;0.0;0.0;1
FFF;2014J;641265;M;Wales;A Level or Equivalent;0;240;N;25.0;True;False;False;0.0;0.0;0.0;0.0;0.0;0.0;1
BBB;2013J;548197;F;Scotland;Lower Than A Level;0;60;N;15.0;True;False;False;0.0;1.0;0.0;0.0;112.51266824510385;1.515205146791798;0
DDD;2014B;629673;M;East Anglian Region;A Level or Equivalent;0;60;N;75.0;True;False;False;0.0;0.0;0.0;0.0;0.0;0.0;0
GGG;2013J;599963;F;East Midlands Region;Lower Than A Level;0;30;Y;15.0;True;False;False;0.0;1.0;0.0;0.0;123.49564835164836;3.7182747252747252;0
GGG;2014J;649206;M;East Midlands Region;Lower Than A Level;0;30;N;45.0;True;False;False;0.0;1.0;0.0;0.0;122.3732564756672;2.3877304639804637;0
FFF;2013B;498269;F;East Anglian Region;Lower Than A Level;0;60;Y;75.0;False;True;False;0.0;1.0;0.0;0.0;99.7855881622494;3.136147285094899;0
GGG;2013J;575000;F;West Midlands Region;Lower Than A Level;0;30;Y;45.0;False;True;False;0.0;0.1111111111111111;0.0;0.0;18.568939393939395;1.2731060606060607;0
BBB;2013B;518876;F;Wales;Lower Than A Level;0;150;N;55.0;True;False;False;0.0;1.0;0.0;0.0;124.33069561157797;1.5578042328042327;0
BBB;2014J;521164;F;South West Region;Lower Than A Level;0;60;Y;55.0;True;False;False;0.0;0.6;0.0;0.0;121.09722222222223;2.8208333333333333;0
DDD;2013J;2585270;M;North Western Region;A Level or Equivalent;2;60;N;5.0;True;False;False;0.0;0.6666666666666666;1.0;53.0;118.93663443684068;1.9025697198930256;0
BBB;2014J;654214;F;South West Region;Lower Than A Level;0;60;N;15.0;False;True;False;0.0;0.0;0.0;0.0;0.0;0.0;1
DDD;2014B;628947;M;West Midlands Region;A Level or Equivalent;0;60;N;35.0;True;False;False;0.0;0.0;0.0;0.0;0.0;0.0;1
CCC;2014B;566871;M;London Region;Lower Than A Level;0;90;N;15.0;True;False;False;0.0;0.25;0.0;0.0;16.77982532835474;1.9896329955153484;0
BBB;2013J;600470;F;Wales;HE Qualification;0;120;N;15.0;True;False;False;0.0;0.36363636363636365;0.0;0.0;44.56668275418276;1.4089929214929215;0
AAA;2014J;75255;M;North Western Region;A Level or Equivalent;0;120;N;45.0;True;False;False;0.0;1.0;0.0;0.0;90.90978216203628;3.6727163534074925;0
BBB;2013J;590362;F;Scotland;A Level or Equivalent;0;60;N;65.0;False;True;False;0.0;1.0;0.0;0.0;143.58514137750592;2.1744558725346903;0
FFF;2014J;613899;M;North Region;Lower Than A Level;0;120;N;47.115494568324756;False;True;False;0.0;1.0;0.0;0.0;89.39736230853589;2.8432356720872107;0
FFF;2014J;656882;M;Yorkshire Region;A Level or Equivalent;0;60;N;85.0;False;True;False;0.0;1.0;0.0;0.0;89.95825921391729;3.6873088479612584;0
CCC;2014J;551158;M;Scotland;HE Qualification;0;30;N;45.0;False;True;False;0.0;0.0;0.0;0.0;0.0;0.0;1
DDD;2014B;374645;F;South West Region;A Level or Equivalent;0;160;N;45.0;False;True;False;0.0;0.8333333333333334;1.0;49.0;89.8112186781159;1.643234821100434;0
CCC;2014J;639176;F;Yorkshire Region;A Level or Equivalent;0;360;Y;25.0;True;False;False;0.0;0.0;0.0;0.0;0.0;0.0;1
DDD;2013J;572620;M;East Anglian Region;Lower Than A Level;0;150;N;45.0;True;False;False;0.0;0.0;0.0;0.0;0.0;0.0;1
FFF;2014B;604678;M;North Western Region;A Level or Equivalent;0;120;Y;5.0;False;True;False;0.0;0.0;0.0;0.0;0.0;0.0;1
GGG;2014J;386180;F;East Anglian Region;Lower Than A Level;0;30;N;45.0;True;False;False;0.0;1.0;0.0;0.0;121.66289181950947;2.5999567970156208;0
FFF;2013B;495318;M;North Western Region;Lower Than A Level;0;60;N;35.0;True;False;False;0.0;0.0;0.0;0.0;0.0;0.0;1
CCC;2014J;293162;M;Scotland;A Level or Equivalent;0;90;N;75.0;True;False;False;0.0;1.0;1.0;60.0;118.6306557340024;1.8818227617786976;0
CCC;2014B;266040;M;East Anglian Region;A Level or Equivalent;0;60;N;25.0;True;False;False;0.0;0.0;0.0;0.0;0.0;0.0;1
EEE;2013J;515821;M;East Midlands Region;A Level or Equivalent;0;60;N;5.0;True;False;False;0.0;0.5;0.0;0.0;46.771272727272724;3.4184040404040403;0
GGG;2013J;582005;M;North Western Region;Lower Than A Level;0;150;Y;35.0;False;True;False;0.0;0.0;0.0;0.0;0.0;0.0;1
EEE;2014J;651616;M;West Midlands Region;Lower Than A Level;0;120;N;25.0;False;True;False;0.0;0.0;0.0;0.0;0.0;0.0;1
DDD;2014B;2502707;M;Yorkshire Region;A Level or Equivalent;2;130;N;45.0;True;False;False;0.0;0.0;0.0;0.0;0.0;0.0;1
EEE;2014J;644514;M;North Region;HE Qualification;0;60;N;47.115494568324756;True;False;False;0.0;1.0;0.0;0.0;126.85388210841374;3.8482235537039964;0
FFF;2014B;634701;M;North Region;Lower Than A Level;0;60;Y;47.115494568324756;False;True;False;0.0;0.0;0.0;0.0;0.0;0.0;1
FFF;2014B;2625021;M;South Region;Lower Than A Level;0;60;N;65.0;False;True;False;0.0;0.6897457158651188;0.0;0.0;-2.7666666666666666;01.авг;0
GGG;2014J;689503;M;East Midlands Region;Lower Than A Level;0;30;N;75.0;False;True;False;0.0;0.8888888888888888;0.0;0.0;91.89875402396125;4.375559858053138;0
BBB;2014J;649291;F;South Region;Lower Than A Level;0;60;N;55.0;True;False;False;0.0;1.0;0.0;0.0;108.43784415043677;2.639544040265377;0
AAA;2013J;1847830;M;South West Region;Lower Than A Level;0;60;N;45.0;False;True;False;0.0;1.0;0.0;0.0;124.54940398467367;3.823358443867584;0
DDD;2013B;130003;F;East Anglian Region;Lower Than A Level;2;60;N;5.0;True;False;False;0.0;0.38461538461538464;0.0;0.0;72.66778279691324;1.636277056277056;0
GGG;2014J;675879;F;Wales;No Formal quals;0;30;N;35.0;False;True;False;0.0;0.0;0.0;0.0;0.0;0.0;1
BBB;2013B;546958;F;West Midlands Region;A Level or Equivalent;0;60;N;65.0;True;False;False;0.0;0.6363636363636364;0.0;0.0;28.927777777777777;1.809027777777778;0
DDD;2013J;308982;M;North Western Region;HE Qualification;1;60;N;65.0;True;False;False;0.0;0.0;0.0;0.0;0.0;0.0;1
DDD;2014J;690181;F;East Midlands Region;A Level or Equivalent;0;120;N;15.0;True;False;False;0.0;0.0;0.0;0.0;0.0;0.0;1
GGG;2014J;654945;M;South East Region;Lower Than A Level;0;30;N;85.0;False;True;False;0.0;1.0;0.0;0.0;114.0297489620083;2.692762857897137;0
EEE;2014J;515977;M;Scotland;Lower Than A Level;0;60;N;15.0;True;False;False;0.0;1.0;0.0;0.0;105.26443689549019;2.7252271915241453;0
CCC;2014J;631924;F;North Western Region;A Level or Equivalent;0;120;N;95.0;True;False;False;0.0;0.875;1.0;58.0;128.38328632397491;3.2826788012710293;0
FFF;2014B;402806;F;North Western Region;A Level or Equivalent;0;270;N;5.0;True;False;False;0.0;0.9166666666666666;0.0;0.0;96.89845875038891;3.3973081020385965;0
CCC;2014B;618824;F;Wales;Lower Than A Level;0;60;N;5.0;True;False;False;0.0;1.0;1.0;80.0;109.32667886004154;1.7506031977298813;0
DDD;2014B;541765;M;South East Region;A Level or Equivalent;0;120;N;85.0;True;False;False;0.0;1.0;1.0;84.0;114.05614228671774;1.1439333797773696;0
FFF;2013J;592616;M;South Region;A Level or Equivalent;0;120;N;75.0;True;False;False;0.0;1.0;0.0;0.0;138.59837962962962;4.085384615384616;0
FFF;2013J;586855;M;North Region;Lower Than A Level;0;60;N;85.0;True;False;False;0.0;1.0;0.0;0.0;99.31015436593795;3.225796549688121;0
BBB;2013J;124909;M;Yorkshire Region;Lower Than A Level;0;60;N;45.0;False;True;False;0.0;1.0;0.0;0.0;102.16263346350672;1.8743820204041963;0
FFF;2013B;241700;M;Scotland;A Level or Equivalent;0;60;N;35.0;True;False;False;0.0;0.7267809384877219;0.0;0.0;-10.654040404040403;2.244949494949495;0
EEE;2014J;643416;M;East Anglian Region;A Level or Equivalent;0;90;N;35.0;True;False;False;0.0;1.0;0.0;0.0;81.01600178960473;2.4498235918298943;0
FFF;2014B;305876;M;Scotland;HE Qualification;0;120;Y;55.0;True;False;False;0.0;0.9166666666666666;0.0;0.0;97.51989730873225;2.8342124434357445;0
CCC;2014J;334225;F;North Western Region;Lower Than A Level;0;90;N;5.0;True;False;False;0.0;1.0;1.0;60.0;127.0839911204192;2.27451978916929;0
CCC;2014B;515278;M;London Region;A Level or Equivalent;0;30;N;25.0;False;True;False;0.0;0.125;0.0;0.0;15.816356107660456;3.9020186335403726;0
FFF;2013J;515536;M;Scotland;A Level or Equivalent;0;120;Y;55.0;True;False;False;0.0;0.7045980078263963;0.0;0.0;0.11111111111111072;1.3333333333333333;0
FFF;2013B;2546095;M;North Region;A Level or Equivalent;2;150;N;47.115494568324756;True;False;False;0.0;1.0;0.0;0.0;100.83342207086169;4.308757765762596;0
FFF;2013J;568204;M;Scotland;A Level or Equivalent;0;90;N;45.0;False;True;False;0.0;0.9166666666666666;0.0;0.0;96.48986773931212;3.5011022159303558;0
FFF;2013J;2180710;M;Wales;Lower Than A Level;0;60;N;85.0;True;False;False;0.0;0.3333333333333333;0.0;0.0;68.88594942042707;3.4465989043802576;0
FFF;2013B;478337;F;London Region;Lower Than A Level;0;90;N;5.0;True;False;False;0.0;1.0;0.0;0.0;95.66797251782639;3.3800641024978972;0
CCC;2014B;426610;F;Scotland;A Level or Equivalent;0;120;Y;55.0;True;False;False;0.0;1.0;1.0;80.0;99.91752688505349;4.460724042505958;0
FFF;2013B;556302;M;Yorkshire Region;Lower Than A Level;0;60;N;75.0;True;False;False;0.0;1.0;0.0;0.0;95.37630529505364;3.014681994482006;0
BBB;2014J;651027;F;London Region;A Level or Equivalent;0;60;N;85.0;True;False;False;0.0;0.4;0.0;0.0;83.36698082010582;2.0216600529100526;0
FFF;2014B;614163;M;South West Region;A Level or Equivalent;0;60;N;25.0;True;False;False;0.0;1.0;0.0;0.0;106.18004185151317;3.505265646560924;0
DDD;2013J;574181;F;South West Region;Lower Than A Level;0;60;Y;55.0;True;False;False;0.0;0.0;0.0;0.0;0.0;0.0;1
GGG;2014J;275136;M;South West Region;Lower Than A Level;0;30;Y;5.0;False;True;False;0.0;0.8888888888888888;0.0;0.0;180.87208333333334;2.736875;0
DDD;2013B;1577134;F;North Western Region;A Level or Equivalent;0;60;N;5.0;False;True;False;0.0;0.6923076923076923;1.0;22.0;64.75117481454754;1.5226731950340096;0
BBB;2014J;640701;M;Ireland;Lower Than A Level;0;60;N;45.0;False;True;False;0.0;1.0;0.0;0.0;76.01899164054338;1.9431687565308253;0
GGG;2014B;576658;F;East Midlands Region;Lower Than A Level;0;90;N;85.0;False;True;False;0.0;0.0;0.0;0.0;0.0;0.0;1
BBB;2013B;559425;F;South East Region;Lower Than A Level;0;60;N;45.0;True;False;False;0.0;0.0;0.0;0.0;0.0;0.0;1
DDD;2014J;655362;M;North Western Region;A Level or Equivalent;0;150;N;25.0;True;False;False;0.0;0.8333333333333334;1.0;64.0;99.78762003538789;1.5084505772005772;0
BBB;2013B;375312;F;Wales;Lower Than A Level;1;180;N;55.0;False;True;False;0.0;0.0;0.0;0.0;0.0;0.0;1
CCC;2014B;1664810;M;South East Region;Lower Than A Level;0;60;N;15.0;False;True;False;0.0;0.0;0.0;0.0;0.0;0.0;1
BBB;2013B;534426;F;North Western Region;A Level or Equivalent;0;60;N;25.0;True;False;False;0.0;0.0;0.0;0.0;0.0;0.0;1
DDD;2013J;500521;F;Scotland;Lower Than A Level;0;90;Y;35.0;True;False;False;0.0;0.0;0.0;0.0;0.0;0.0;1
BBB;2014J;645042;F;South West Region;Lower Than A Level;0;120;N;25.0;True;False;False;0.0;0.6;0.0;0.0;46.995873550317995;3.255903479236813;0
DDD;2014B;2173688;M;South West Region;Lower Than A Level;0;60;N;55.0;False;True;False;0.0;0.16666666666666666;0.0;0.0;6.159823999529882;1.8003377341612636;0
FFF;2014J;2195853;F;North Region;A Level or Equivalent;3;90;N;5.0;True;False;False;0.0;0.16666666666666666;0.0;0.0;4.1407657657657655;4.289414414414414;0
FFF;2013B;519969;F;West Midlands Region;Lower Than A Level;0;60;N;5.0;False;True;False;0.0;0.6666666666666666;0.0;0.0;89.76244727223909;4.915597129081189;0
CCC;2014B;535682;M;Wales;Lower Than A Level;0;30;N;55.0;True;False;False;0.0;0.0;0.0;0.0;40.5625;3.375;0
EEE;2014J;532846;M;South West Region;Lower Than A Level;0;60;N;35.0;True;False;False;0.0;1.0;0.0;0.0;106.80571237649573;3.017516561619878;0
DDD;2013J;575258;M;East Anglian Region;Lower Than A Level;0;60;N;25.0;True;False;False;0.0;1.0;1.0;62.0;102.58246503422745;1.8448435546930093;0
CCC;2014J;685871;M;South Region;A Level or Equivalent;0;90;N;35.0;False;True;False;0.0;1.0;1.0;96.0;123.75778465032644;2.2651226443847947;0
GGG;2014J;648049;M;South East Region;HE Qualification;0;30;N;85.0;False;True;False;0.0;0.8888888888888888;0.0;0.0;129.04479949874687;3.13203842940685;0
DDD;2013B;471654;M;Ireland;Lower Than A Level;0;120;N;5.0;True;False;False;0.0;1.0;1.0;78.0;100.60806929054834;1.5778395088992465;0
CCC;2014B;498225;M;South Region;HE Qualification;0;90;N;75.0;False;True;False;0.0;0.0;0.0;0.0;0.0;0.0;1
DDD;2014B;563081;F;South Region;A Level or Equivalent;0;60;N;25.0;False;True;False;0.0;1.0;1.0;71.0;84.39800933294194;1.6888098875071915;0
BBB;2013J;581139;F;London Region;Lower Than A Level;0;60;N;75.0;False;True;False;0.0;1.0;0.0;0.0;134.45691503618335;1.6891807379612258;0
DDD;2014B;626172;F;East Midlands Region;A Level or Equivalent;0;60;N;85.0;True;False;False;0.0;1.0;1.0;82.0;74.59786970464567;1.39384063180151;0
BBB;2014J;2344216;M;London Region;Lower Than A Level;0;120;N;5.0;False;True;False;0.0;0.0;0.0;0.0;0.0;0.0;1
FFF;2013J;551745;M;South East Region;Lower Than A Level;0;120;N;65.0;False;True;False;0.0;0.08333333333333333;0.0;0.0;-1.1994212962962962;2.352662037037037;0
EEE;2013J;506618;M;South West Region;HE Qualification;0;120;N;65.0;True;False;False;0.0;0.0;0.0;0.0;0.0;0.0;1
BBB;2014J;688997;F;Yorkshire Region;Lower Than A Level;0;180;N;25.0;False;True;False;0.0;0.0;0.0;0.0;0.0;0.0;1
BBB;2013J;591912;F;North Western Region;A Level or Equivalent;0;60;N;5.0;False;True;False;0.0;0.0;0.0;0.0;0.0;0.0;1
BBB;2013B;524101;F;North Region;Lower Than A Level;1;120;N;55.0;False;True;False;0.0;0.0;0.0;0.0;0.0;0.0;1
FFF;2013B;300264;M;West Midlands Region;Lower Than A Level;0;60;N;15.0;True;False;False;0.0;0.75;0.0;0.0;90.2821216977467;3.859440906315906;0
FFF;2014J;603931;M;North Region;Lower Than A Level;1;60;N;15.0;True;False;False;0.0;0.0;0.0;0.0;0.0;0.0;1
GGG;2013J;589734;F;West Midlands Region;A Level or Equivalent;0;30;N;5.0;True;False;False;0.0;0.5555555555555556;0.0;0.0;133.54985646740968;2.3083114806206173;0
BBB;2013B;534086;F;West Midlands Region;A Level or Equivalent;0;60;N;35.0;True;False;False;0.0;1.0;0.0;0.0;60.981210533126294;1.6373382505175982;0
BBB;2014J;679828;F;Wales;A Level or Equivalent;0;120;N;5.0;False;True;False;0.0;1.0;0.0;0.0;154.70219155844154;2.0637987012987016;0
EEE;2014J;688287;M;East Anglian Region;A Level or Equivalent;0;60;N;75.0;True;False;False;0.0;1.0;0.0;0.0;84.90461994810082;4.170553921092199;0
BBB;2014J;303617;F;Wales;Lower Than A Level;1;60;N;5.0;False;True;False;0.0;0.8;0.0;0.0;136.2904542330164;1.804408994284696;0
BBB;2014B;623548;F;North Western Region;Lower Than A Level;0;120;N;55.0;True;False;False;0.0;0.0;0.0;0.0;0.0;0.0;1
GGG;2013J;587330;M;Yorkshire Region;Lower Than A Level;0;30;N;15.0;True;False;False;0.0;1.0;0.0;0.0;99.47705192452476;3.341476449275363;0
CCC;2014B;633447;F;Ireland;HE Qualification;0;30;N;47.115494568324756;True;False;False;0.0;0.75;0.0;0.0;69.08946174196174;1.77387414319954;0
DDD;2014J;694753;M;South West Region;A Level or Equivalent;0;120;N;35.0;True;False;False;0.0;0.0;0.0;0.0;0.0;0.0;1
DDD;2014J;653354;M;South Region;Lower Than A Level;0;60;N;25.0;False;True;False;0.0;0.5;0.0;0.0;20.96945698115911;1.520334551185615;0
CCC;2014B;592158;F;London Region;A Level or Equivalent;0;120;N;45.0;True;False;False;0.0;0.0;0.0;0.0;0.0;0.0;1
EEE;2014J;689389;M;North Western Region;A Level or Equivalent;0;60;N;65.0;True;False;False;0.0;1.0;0.0;0.0;100.68174084232773;4.187326168245538;0
DDD;2013B;2381845;F;North Western Region;Lower Than A Level;1;160;N;35.0;True;False;False;0.0;0.6923076923076923;1.0;27.0;74.97832876362696;1.856613201303082;0
CCC;2014J;588824;F;Scotland;HE Qualification;0;60;Y;25.0;True;False;False;0.0;0.0;0.0;0.0;0.0;0.0;1
GGG;2014B;384035;F;South East Region;A Level or Equivalent;0;30;N;45.0;True;False;False;0.0;1.0;0.0;0.0;82.99497413747133;2.6891878886679716;0
DDD;2014J;2226202;M;London Region;Lower Than A Level;0;180;Y;25.0;True;False;False;0.0;1.0;1.0;56.0;102.90549797092163;1.45433785950987;0
GGG;2014B;619483;F;London Region;A Level or Equivalent;0;30;N;35.0;True;False;False;0.0;1.0;0.0;0.0;153.56967285587973;2.1305481874447394;0
CCC;2014J;586762;M;Yorkshire Region;Lower Than A Level;0;60;N;5.0;True;False;False;0.0;0.875;1.0;52.0;86.38076354910453;3.068826414093867;0
BBB;2014J;695205;M;Ireland;A Level or Equivalent;0;60;N;35.0;True;False;False;0.0;1.0;0.0;0.0;122.6937123474738;3.793130186350944;0
GGG;2014J;680427;F;South East Region;Lower Than A Level;0;30;N;35.0;True;False;False;0.0;1.0;0.0;0.0;153.62851851851852;3.4311111111111114;0
BBB;2013J;308359;F;East Midlands Region;Lower Than A Level;1;60;N;85.0;True;False;False;0.0;0.0;0.0;0.0;0.0;0.0;1
GGG;2014B;617578;F;North Region;Lower Than A Level;0;30;N;5.0;False;True;False;0.0;1.0;0.0;0.0;117.16450435522908;2.826491701142632;0
CCC;2014J;624957;M;North Region;Lower Than A Level;0;60;N;55.0;True;False;False;0.0;0.0;0.0;0.0;0.0;0.0;1
EEE;2014J;682239;M;Scotland;HE Qualification;0;60;N;65.0;True;False;False;0.0;1.0;0.0;0.0;68.5049504275713;2.4899093489257536;0
EEE;2014B;335355;M;South Region;A Level or Equivalent;0;60;N;85.0;True;False;False;0.0;1.0;0.0;0.0;66.42838662312346;4.827461330092909;0
FFF;2014J;2360559;M;South West Region;A Level or Equivalent;0;90;N;85.0;True;False;False;0.0;1.0;0.0;0.0;91.47319180270327;3.588831654811795;0
DDD;2013J;500339;M;North Western Region;Lower Than A Level;0;60;N;75.0;True;False;False;0.0;0.0;0.0;0.0;0.0;0.0;1
EEE;2014J;654876;M;Scotland;Lower Than A Level;0;60;N;95.0;True;False;False;0.0;0.0;0.0;0.0;0.0;0.0;1
CCC;2014B;634512;M;North Western Region;Lower Than A Level;0;30;N;5.0;True;False;False;0.0;1.0;1.0;100.0;149.35017680039644;2.851874868636195;0
CCC;2014J;2668106;M;London Region;A Level or Equivalent;0;30;N;35.0;False;True;False;0.0;1.0;1.0;94.0;157.18409481120358;4.093623400460506;0
DDD;2013B;2020916;M;North Region;Lower Than A Level;0;60;N;45.0;True;False;False;0.0;0.9230769230769231;1.0;60.0;115.74407764671908;1.998485843757735;0
BBB;2013B;527164;F;South East Region;A Level or Equivalent;0;120;N;5.0;True;False;False;0.0;0.9090909090909091;0.0;0.0;75.24911007841041;1.8492682966780256;0
GGG;2014J;651954;F;East Anglian Region;Lower Than A Level;0;90;Y;65.0;True;False;False;0.0;0.7862398822663723;0.0;0.0;01.апр;3.9666666666666672;0
GGG;2014J;638561;F;South West Region;Lower Than A Level;0;30;N;35.0;True;False;False;0.0;0.0;0.0;0.0;0.0;0.0;1
BBB;2014B;624653;F;East Anglian Region;A Level or Equivalent;0;60;N;35.0;False;True;False;0.0;0.8181818181818182;0.0;0.0;125.61369014223445;1.719148011368891;0
FFF;2014J;682613;M;Wales;HE Qualification;0;60;N;45.0;True;False;False;0.0;1.0;0.0;0.0;109.234225488441;4.962128081809165;0
CCC;2014B;630012;M;London Region;A Level or Equivalent;0;60;N;55.0;True;False;False;0.0;0.5;1.0;94.0;124.10837862942068;2.8424136630364267;0
DDD;2014B;277166;F;East Midlands Region;A Level or Equivalent;1;90;Y;55.0;True;False;False;0.0;0.8333333333333334;1.0;71.0;104.35394010874779;1.5737090640936795;0
BBB;2013B;232695;F;Wales;Lower Than A Level;0;60;N;85.0;True;False;False;0.0;1.0;0.0;0.0;123.8980268331203;1.568794862866959;0
CCC;2014J;695915;M;East Midlands Region;A Level or Equivalent;0;60;N;85.0;True;False;False;0.0;0.125;0.0;0.0;18.386666666666667;02.авг;0
DDD;2014J;371019;M;Yorkshire Region;Lower Than A Level;0;60;N;65.0;True;False;False;0.0;1.0;1.0;96.0;122.14185138754345;1.499250258007737;0
DDD;2014J;646359;M;South East Region;A Level or Equivalent;0;150;N;35.0;True;False;False;0.0;0.5;1.0;47.0;103.5792705117255;1.4297854100554777;0
AAA;2014J;637665;F;South Region;HE Qualification;0;60;N;95.0;True;False;False;0.0;1.0;0.0;0.0;100.1115999262493;4.117785932824387;0
CCC;2014J;499848;F;West Midlands Region;Lower Than A Level;0;90;N;55.0;True;False;False;0.0;0.5;1.0;30.0;98.11643418372134;2.7074437681771273;0
DDD;2014J;399772;M;Scotland;HE Qualification;1;60;N;45.0;True;False;False;0.0;0.0;0.0;0.0;0.0;0.0;1
DDD;2013J;544594;M;London Region;A Level or Equivalent;0;90;N;95.0;True;False;False;0.0;1.0;1.0;87.0;95.24449008931961;1.5048004864069715;0
DDD;2013J;592284;F;North Western Region;A Level or Equivalent;0;120;Y;15.0;True;False;False;0.0;0.0;0.0;0.0;14.219371959310038;1.2823971693940734;0
FFF;2014J;680374;M;East Midlands Region;Lower Than A Level;0;60;N;5.0;True;False;False;0.0;0.0;0.0;0.0;0.0;0.0;1
GGG;2014B;598564;F;South Region;Lower Than A Level;0;30;N;65.0;True;False;False;0.0;0.3333333333333333;0.0;0.0;114.33333333333333;2.477777777777778;0
CCC;2014B;620918;M;Yorkshire Region;A Level or Equivalent;0;60;N;5.0;True;False;False;0.0;0.0;0.0;0.0;0.0;0.0;1
DDD;2013B;521709;M;East Midlands Region;A Level or Equivalent;0;120;N;85.0;True;False;False;0.0;0.7692307692307693;1.0;69.0;120.16348088531187;2.101140174379611;0
DDD;2013J;600289;M;North Region;Lower Than A Level;0;90;N;5.0;True;False;False;0.0;0.0;0.0;0.0;0.0;0.0;1
FFF;2014B;625812;M;South West Region;Lower Than A Level;0;60;Y;45.0;True;False;False;0.0;0.0;0.0;0.0;0.0;0.0;1
FFF;2013J;537942;F;North Western Region;A Level or Equivalent;0;180;N;5.0;True;False;False;0.0;1.0;0.0;0.0;107.5794375869469;3.534599850322336;0
BBB;2014J;693744;F;London Region;No Formal quals;0;60;N;25.0;True;False;False;0.0;0.0;0.0;0.0;0.0;0.0;1
FFF;2013J;596829;M;East Anglian Region;A Level or Equivalent;0;60;N;35.0;False;True;False;0.0;0.0;0.0;0.0;0.0;0.0;1
FFF;2013B;548415;M;East Midlands Region;A Level or Equivalent;0;60;Y;45.0;False;True;False;0.0;0.0;0.0;0.0;0.0;0.0;1
EEE;2014B;285170;M;London Region;A Level or Equivalent;0;60;N;15.0;False;True;False;0.0;0.75;0.0;0.0;122.71710302956446;4.132360701015474;0
BBB;2013J;563733;F;East Anglian Region;A Level or Equivalent;0;60;N;35.0;False;True;False;0.0;1.0;0.0;0.0;121.36669000933705;2.126342203548086;0
FFF;2013B;1936679;F;South East Region;A Level or Equivalent;0;60;Y;35.0;False;True;False;0.0;1.0;0.0;0.0;92.31250087296256;2.9585803622744793;0
DDD;2014J;689038;F;South West Region;A Level or Equivalent;0;120;N;25.0;True;False;False;0.0;1.0;1.0;51.0;130.16184107387812;1.4301794570313089;0
CCC;2014B;630157;M;London Region;HE Qualification;0;30;N;55.0;True;False;False;0.0;0.875;1.0;46.0;122.77682017762274;3.0338406067606174;0
DDD;2013B;556373;M;South Region;HE Qualification;0;60;N;95.0;True;False;False;0.0;1.0;1.0;91.0;91.44346534379946;1.3745524397840252;0
BBB;2013J;600579;F;South East Region;Lower Than A Level;0;60;N;25.0;True;False;False;0.0;0.0;0.0;0.0;0.0;0.0;1
CCC;2014J;645590;M;Scotland;HE Qualification;0;60;N;55.0;True;False;False;0.0;0.125;0.0;0.0;-4.33877209746775;1.7956760630673676;0
BBB;2013J;606412;F;Ireland;Lower Than A Level;0;60;N;75.0;True;False;False;0.0;0.5454545454545454;0.0;0.0;115.81988324175825;1.5602351517530089;0
CCC;2014B;609828;F;South West Region;A Level or Equivalent;0;60;N;45.0;True;False;False;0.0;0.0;0.0;0.0;0.0;0.0;1
FFF;2014J;568998;M;South Region;A Level or Equivalent;1;60;Y;55.0;True;False;False;0.0;0.0;0.0;0.0;0.0;0.0;1
BBB;2013B;542991;F;Wales;A Level or Equivalent;0;60;N;25.0;True;False;False;0.0;0.7272727272727273;0.0;0.0;46.06298076923077;2.1474473443223445;0
EEE;2014J;318855;M;South East Region;Lower Than A Level;0;60;N;85.0;True;False;False;0.0;0.25;0.0;0.0;39.213290043290044;2.2086580086580083;0
EEE;2013J;549139;M;East Midlands Region;Lower Than A Level;0;30;N;65.0;True;False;False;0.0;0.0;0.0;0.0;0.0;0.0;1
DDD;2013B;2624569;F;South Region;HE Qualification;1;60;N;85.0;False;True;False;0.0;0.0;0.0;0.0;0.0;0.0;1
DDD;2014B;618937;M;East Midlands Region;A Level or Equivalent;0;60;N;15.0;True;False;False;0.0;1.0;1.0;71.0;50.91472671674301;1.531049470068384;0
AAA;2013J;2139353;M;London Region;A Level or Equivalent;0;120;N;55.0;False;True;False;0.0;0.0;0.0;0.0;0.0;0.0;1
DDD;2013J;594419;F;North Western Region;Lower Than A Level;0;90;N;45.0;True;False;False;0.0;0.5;1.0;60.0;103.56060301563808;1.414979023853327;0
BBB;2013J;603440;F;South Region;A Level or Equivalent;0;120;N;95.0;True;False;False;0.0;0.9090909090909091;0.0;0.0;122.39656961343647;1.7570445759532924;0
AAA;2013J;357668;M;Yorkshire Region;A Level or Equivalent;0;60;N;15.0;True;False;False;0.0;0.6;0.0;0.0;80.17544283413848;1.945330112721417;0
DDD;2013J;426059;M;North Region;A Level or Equivalent;1;80;N;47.115494568324756;True;False;False;0.0;0.8333333333333334;1.0;56.0;152.53283516483518;1.907062271062271;0
CCC;2014J;641347;M;Scotland;A Level or Equivalent;0;60;N;35.0;True;False;False;0.0;0.0;0.0;0.0;0.0;0.0;1
BBB;2013J;560773;F;South Region;A Level or Equivalent;0;120;N;85.0;True;False;False;0.0;0.9090909090909091;0.0;0.0;83.42803218506565;2.35658183162467;0
FFF;2014J;648086;M;East Anglian Region;Lower Than A Level;0;90;N;65.0;True;False;False;0.0;1.0;0.0;0.0;92.10987705869854;3.7259169382388184;0
BBB;2013J;587219;F;South West Region;A Level or Equivalent;0;60;N;25.0;False;True;False;0.0;0.0;0.0;0.0;0.0;0.0;1
BBB;2014B;279557;F;North Western Region;A Level or Equivalent;0;60;N;25.0;False;True;False;0.0;0.0;0.0;0.0;0.0;0.0;1
CCC;2014B;633527;M;London Region;HE Qualification;0;30;N;5.0;True;False;False;0.0;0.0;0.0;0.0;0.0;0.0;1
CCC;2014B;2609908;M;Scotland;A Level or Equivalent;0;90;N;65.0;True;False;False;0.0;1.0;1.0;76.0;86.13207949846606;1.6176337201547286;0
BBB;2013J;598907;F;East Midlands Region;A Level or Equivalent;0;60;N;45.0;True;False;False;0.0;0.9090909090909091;0.0;0.0;80.4441549481347;1.5187987201537463;0
BBB;2013B;2076177;F;London Region;HE Qualification;0;60;N;35.0;False;True;False;0.0;0.0;0.0;0.0;0.0;0.0;1
GGG;2013J;596075;M;East Midlands Region;Lower Than A Level;0;30;N;75.0;False;True;False;0.0;1.0;0.0;0.0;151.4694976076555;1.7725496897323523;0
EEE;2014B;624153;M;West Midlands Region;Lower Than A Level;0;60;N;85.0;True;False;False;0.0;0.75;0.0;0.0;57.9860735930736;3.2792164502164503;0
BBB;2014B;633935;F;Ireland;Lower Than A Level;0;60;N;47.115494568324756;False;True;False;0.0;1.0;0.0;0.0;119.38689351584088;2.1047169205063945;0
DDD;2013J;1440467;M;East Anglian Region;A Level or Equivalent;0;90;N;35.0;False;True;False;0.0;1.0;1.0;87.0;75.7837251570383;1.3597031934692045;0
BBB;2014J;684890;F;London Region;Lower Than A Level;0;60;N;25.0;True;False;False;0.0;0.0;0.0;0.0;0.0;0.0;1
EEE;2013J;586236;M;East Anglian Region;A Level or Equivalent;0;60;N;95.0;True;False;False;0.0;1.0;0.0;0.0;91.44770764527603;3.906447635699762;0
BBB;2013J;603287;F;East Midlands Region;A Level or Equivalent;0;60;N;95.0;True;False;False;0.0;1.0;0.0;0.0;98.17460317460318;1.9635642135642135;0
CCC;2014B;554588;F;North Region;HE Qualification;0;90;N;25.0;False;True;False;0.0;0.0;0.0;0.0;0.0;0.0;1
AAA;2014J;2168833;M;South West Region;Lower Than A Level;0;60;N;55.0;False;True;False;0.0;0.0;0.0;0.0;0.0;0.0;1
CCC;2014J;182854;M;West Midlands Region;A Level or Equivalent;0;80;Y;45.0;True;False;False;0.0;0.875;1.0;44.0;116.0955789049534;2.3674225301640006;0
BBB;2014J;1664280;F;East Anglian Region;A Level or Equivalent;0;60;N;65.0;False;True;False;0.0;1.0;0.0;0.0;61.80479064155306;2.442298203866527;0
FFF;2014B;153611;F;East Anglian Region;Lower Than A Level;0;60;Y;25.0;False;True;False;0.0;0.75;0.0;0.0;45.17315193487971;2.961497905472686;0
EEE;2014J;679539;F;West Midlands Region;Lower Than A Level;0;60;N;15.0;True;False;False;0.0;0.0;0.0;0.0;0.0;0.0;1
BBB;2013J;520325;F;South Region;Lower Than A Level;0;60;N;55.0;True;False;False;0.0;1.0;0.0;0.0;68.81135120714953;2.330696723133698;0
FFF;2014B;628925;F;East Anglian Region;A Level or Equivalent;0;60;N;55.0;True;False;False;0.0;1.0;0.0;0.0;84.6046229011232;2.5188141634095382;0
GGG;2014J;690895;F;Scotland;A Level or Equivalent;0;30;N;15.0;True;False;False;0.0;0.0;0.0;0.0;0.0;0.0;1
FFF;2014J;2185729;F;Ireland;Lower Than A Level;0;60;N;15.0;False;True;False;0.0;1.0;0.0;0.0;108.16825142385781;3.2268936577219605;0
GGG;2013J;2280643;F;West Midlands Region;A Level or Equivalent;0;30;N;65.0;True;False;False;0.0;0.8888888888888888;0.0;0.0;130.87066838892687;2.898527033334419;0
DDD;2013J;416500;M;South East Region;A Level or Equivalent;0;90;N;95.0;True;False;False;0.0;0.6666666666666666;0.0;0.0;61.64421118682242;2.2323646739960297;0
CCC;2014J;547506;M;South East Region;A Level or Equivalent;0;90;N;5.0;True;False;False;0.0;0.0;0.0;0.0;0.0;0.0;1
DDD;2014J;550380;M;Scotland;Lower Than A Level;1;60;N;75.0;False;True;False;0.0;0.6666666666666666;0.0;0.0;42.42372883592647;1.578119440175539;0
BBB;2013B;549143;F;South West Region;Lower Than A Level;0;60;N;45.0;True;False;False;0.0;0.0;0.0;0.0;0.0;0.0;1
EEE;2014J;643705;M;East Midlands Region;A Level or Equivalent;0;90;N;15.0;True;False;False;0.0;1.0;0.0;0.0;94.61158399023911;3.8686959496370195;0
GGG;2014B;632673;F;North Region;A Level or Equivalent;0;30;N;75.0;True;False;False;0.0;0.8888888888888888;0.0;0.0;131.90423669467788;2.7428221288515404;0
BBB;2014J;2446694;M;Scotland;Lower Than A Level;0;60;N;5.0;False;True;False;0.0;0.4;0.0;0.0;57.55310682725937;2.735985777405269;0
BBB;2014B;623069;M;Scotland;Lower Than A Level;0;60;Y;15.0;True;False;False;0.0;0.09090909090909091;0.0;0.0;3.1666666666666665;2.011904761904762;0
FFF;2013B;542657;F;South East Region;Lower Than A Level;0;120;N;25.0;False;True;False;0.0;0.0;0.0;0.0;0.0;0.0;1
DDD;2013J;2232218;M;South Region;A Level or Equivalent;1;120;N;35.0;False;True;False;0.0;0.6666666666666666;1.0;80.0;180.8253488153667;2.0238002297841295;0
FFF;2014B;1627052;M;Scotland;HE Qualification;0;60;N;85.0;False;True;False;0.0;1.0;0.0;0.0;81.25252674465132;3.0839575016748624;0
GGG;2013J;2591672;F;London Region;A Level or Equivalent;0;30;N;15.0;False;True;False;0.0;0.3333333333333333;0.0;0.0;58.55;1.597222222222222;0
EEE;2013J;328844;M;South East Region;A Level or Equivalent;0;70;N;25.0;True;False;False;0.0;1.0;0.0;0.0;101.57898585921463;3.5237368235734245;0
DDD;2014J;628390;F;East Anglian Region;HE Qualification;0;60;N;75.0;True;False;False;0.0;1.0;1.0;38.0;106.60713927100076;1.3881185084458902;0
BBB;2013J;596114;F;Wales;HE Qualification;0;60;N;45.0;False;True;False;0.0;1.0;0.0;0.0;112.78002602768605;1.654885191886831;0
FFF;2013B;551397;M;Ireland;A Level or Equivalent;0;60;N;55.0;True;False;False;0.0;1.0;0.0;0.0;104.80298251918745;2.7942627343233073;0
EEE;2014B;575162;M;Scotland;HE Qualification;1;60;N;35.0;True;False;False;0.0;1.0;0.0;0.0;83.70314685314686;4.102990342990343;0
CCC;2014J;655627;M;Yorkshire Region;Lower Than A Level;0;120;N;35.0;True;False;False;0.0;0.0;0.0;0.0;0.0;0.0;1
FFF;2013J;601952;F;East Midlands Region;Lower Than A Level;0;60;N;5.0;True;False;False;0.0;0.9166666666666666;0.0;0.0;107.97151691663993;3.7169378336311873;0
DDD;2014J;655600;M;Scotland;Lower Than A Level;0;60;N;95.0;True;False;False;0.0;1.0;1.0;60.0;95.61251369667906;1.91872681690576;0
CCC;2014J;521292;M;South Region;HE Qualification;0;60;N;65.0;True;False;False;0.0;1.0;1.0;74.0;118.5022257577813;2.0060213449102338;0
DDD;2013J;2581822;M;West Midlands Region;HE Qualification;1;150;N;35.0;True;False;False;0.0;0.6666666666666666;1.0;51.0;119.14869240059457;1.721558468705208;0
BBB;2014B;265958;F;North Western Region;Lower Than A Level;4;180;N;15.0;True;False;False;0.0;0.5454545454545454;0.0;0.0;98.58555555555556;2.571111111111111;0
CCC;2014J;627184;M;North Western Region;A Level or Equivalent;0;30;N;15.0;True;False;False;0.0;0.5;1.0;44.0;140.65858843537416;2.3768069727891157;0
EEE;2013J;238249;M;East Anglian Region;A Level or Equivalent;0;30;N;55.0;True;False;False;0.0;0.0;0.0;0.0;0.0;0.0;0
FFF;2013J;566172;M;Wales;A Level or Equivalent;0;60;N;75.0;True;False;False;0.0;0.0;0.0;0.0;0.0;0.0;1
BBB;2014B;534830;F;West Midlands Region;Lower Than A Level;1;60;N;15.0;False;True;False;0.0;0.0;0.0;0.0;0.0;0.0;1
FFF;2014B;629541;M;East Midlands Region;Lower Than A Level;0;60;N;55.0;True;False;False;0.0;1.0;0.0;0.0;96.31887950611005;4.410202709586382;0
GGG;2014J;290854;F;Scotland;A Level or Equivalent;0;30;N;15.0;False;True;False;0.0;0.7777777777777778;0.0;0.0;109.52644239506711;3.388100032393419;0
CCC;2014J;646173;M;London Region;HE Qualification;0;30;N;35.0;False;True;False;0.0;1.0;1.0;72.0;135.27395671449776;2.0532452366572436;0
DDD;2013B;480225;F;East Anglian Region;Lower Than A Level;1;120;N;15.0;True;False;False;0.0;0.46153846153846156;1.0;38.0;70.8540382249279;1.8255796004564497;0
CCC;2014J;690365;M;Scotland;Lower Than A Level;0;90;N;15.0;False;True;False;0.0;0.875;1.0;66.0;132.28108133761333;2.7977141191089454;0
DDD;2013B;465068;F;South Region;HE Qualification;1;120;N;65.0;True;False;False;0.0;0.0;0.0;0.0;0.0;0.0;1
BBB;2013B;549651;F;London Region;Lower Than A Level;0;60;N;15.0;True;False;False;0.0;1.0;0.0;0.0;68.39996608329942;2.248460181793515;0
GGG;2013J;595977;F;South Region;Lower Than A Level;0;30;N;55.0;False;True;False;0.0;0.8888888888888888;0.0;0.0;140.69513207084634;2.682475770230872;0
CCC;2014B;2384687;F;South West Region;Lower Than A Level;0;70;N;55.0;False;True;False;0.0;0.0;0.0;0.0;0.0;0.0;1
BBB;2013B;245404;F;North Western Region;Lower Than A Level;1;60;N;15.0;False;True;False;0.0;0.2727272727272727;0.0;0.0;19.51544901037178;2.128095876494046;0
AAA;2014J;514526;M;London Region;Lower Than A Level;0;120;Y;15.0;True;False;False;0.0;0.0;0.0;0.0;0.0;0.0;1
DDD;2014B;609946;M;West Midlands Region;Lower Than A Level;0;60;N;5.0;True;False;False;0.0;0.0;0.0;0.0;0.0;0.0;1
FFF;2014J;2107747;M;North Region;HE Qualification;0;60;N;47.115494568324756;False;False;True;0.0;0.0;0.0;0.0;0.0;0.0;1
EEE;2014J;680074;F;London Region;Lower Than A Level;0;150;N;15.0;True;False;False;0.0;0.0;0.0;0.0;0.0;0.0;1
GGG;2013J;421999;F;South Region;Lower Than A Level;0;90;N;15.0;True;False;False;0.0;1.0;0.0;0.0;123.09398148148148;2.740432098765432;0
CCC;2014J;577458;M;South East Region;Lower Than A Level;0;60;N;95.0;True;False;False;0.0;0.5;1.0;18.0;156.03604787843403;2.21622059945115;0
EEE;2013J;604685;M;East Anglian Region;A Level or Equivalent;0;60;N;75.0;False;True;False;0.0;1.0;0.0;0.0;94.51984249942676;3.8674753575907386;0
EEE;2014B;630416;M;Scotland;A Level or Equivalent;0;30;N;55.0;True;False;False;0.0;0.0;0.0;0.0;0.0;0.0;1
CCC;2014J;683373;M;London Region;A Level or Equivalent;0;90;N;5.0;True;False;False;0.0;0.5;1.0;94.0;64.07717381063473;2.847127833328478;0
FFF;2014B;286484;M;North Western Region;A Level or Equivalent;0;90;N;25.0;True;False;False;0.0;0.0;0.0;0.0;0.0;0.0;1
BBB;2014B;2353787;M;East Midlands Region;Lower Than A Level;1;60;N;45.0;False;True;False;0.0;0.0;0.0;0.0;0.0;0.0;1
DDD;2013J;572233;M;Yorkshire Region;Lower Than A Level;0;120;N;55.0;True;False;False;0.0;1.0;1.0;60.0;93.10921733321409;2.060922582218277;0
FFF;2013J;604817;M;South West Region;Lower Than A Level;0;60;Y;95.0;True;False;False;0.0;0.7045980078263963;0.0;0.0;-14.557575757575757;2.6378787878787877;0
CCC;2014B;2686074;M;North Western Region;A Level or Equivalent;0;150;N;75.0;True;False;False;0.0;0.0;0.0;0.0;0.0;0.0;1
EEE;2014J;633824;M;East Midlands Region;A Level or Equivalent;0;60;Y;75.0;True;False;False;0.0;1.0;0.0;0.0;105.60809714808023;3.2675540289877514;0
CCC;2014B;626296;M;South Region;Lower Than A Level;0;90;N;85.0;True;False;False;0.0;0.0;0.0;0.0;0.0;0.0;1
CCC;2014J;586526;M;South Region;A Level or Equivalent;1;60;N;95.0;True;False;False;0.0;0.0;0.0;0.0;0.0;0.0;1
BBB;2013B;535820;F;South West Region;A Level or Equivalent;0;120;N;75.0;True;False;False;0.0;0.8181818181818182;0.0;0.0;34.9382992378003;1.754364698174198;0
CCC;2014J;675638;F;North Western Region;HE Qualification;0;120;N;25.0;True;False;False;0.0;0.5;1.0;96.0;150.3394875095126;2.12368771722572;0
FFF;2013J;586851;M;Wales;Lower Than A Level;0;120;N;5.0;True;False;False;0.0;0.0;0.0;0.0;0.0;0.0;1
GGG;2013J;365192;F;South West Region;A Level or Equivalent;0;90;N;5.0;False;True;False;0.0;0.6666666666666666;0.0;0.0;92.10958194556966;2.4372098823776516;0
EEE;2013J;602718;M;Scotland;Post Graduate Qualification;0;60;N;55.0;True;False;False;0.0;1.0;0.0;0.0;103.24674610625837;3.7126164788741214;0
DDD;2014J;573328;F;London Region;Lower Than A Level;0;60;N;65.0;True;False;False;0.0;1.0;1.0;44.0;106.6672735760971;1.8114145658263305;0
BBB;2013J;396114;F;Wales;A Level or Equivalent;0;120;N;35.0;True;False;False;0.0;1.0;0.0;0.0;85.19196528046795;1.829934022012899;0
BBB;2014J;481593;F;Wales;HE Qualification;0;60;N;75.0;False;True;False;0.0;1.0;0.0;0.0;126.85729756354756;2.769523532023532;0
CCC;2014J;637939;M;South West Region;A Level or Equivalent;0;150;N;5.0;True;False;False;0.0;0.0;0.0;0.0;0.0;0.0;1
FFF;2014B;623579;M;North Western Region;A Level or Equivalent;0;60;N;35.0;True;False;False;0.0;1.0;0.0;0.0;124.08020338129697;3.4398833019191954;0
CCC;2014J;1945240;M;East Midlands Region;Lower Than A Level;1;90;N;55.0;False;True;False;0.0;0.0;0.0;0.0;0.0;0.0;1
EEE;2014J;647466;F;North Region;HE Qualification;0;60;N;15.0;True;False;False;0.0;1.0;0.0;0.0;105.98542236955034;4.074590211416837;0
BBB;2014B;400729;F;East Anglian Region;HE Qualification;0;60;N;95.0;False;True;False;0.0;0.0;0.0;0.0;0.0;0.0;1
FFF;2014B;613928;F;North Western Region;Lower Than A Level;0;60;N;25.0;True;False;False;0.0;1.0;0.0;0.0;113.11728072953166;4.16935905900607;0
CCC;2014B;628663;M;North Region;Lower Than A Level;0;30;N;47.115494568324756;False;True;False;0.0;1.0;1.0;74.0;77.24656907420065;2.1859876965140126;0
CCC;2014B;626252;F;South East Region;A Level or Equivalent;0;60;N;35.0;True;False;False;0.0;0.75;1.0;100.0;122.56668026806734;2.6292319630684737;0
CCC;2014J;677459;M;Scotland;HE Qualification;0;120;N;45.0;True;False;False;0.0;1.0;1.0;44.0;132.56774975088769;3.2323391015115153;0
GGG;2013J;573666;F;London Region;A Level or Equivalent;0;30;N;45.0;True;False;False;0.0;1.0;0.0;0.0;149.89954716336294;4.2923444976076555;0
BBB;2013B;546632;F;East Midlands Region;A Level or Equivalent;0;60;N;45.0;True;False;False;0.0;1.0;0.0;0.0;106.06336665874684;1.6388997132972196;0
CCC;2014B;607609;M;London Region;Lower Than A Level;0;90;N;15.0;True;False;False;0.0;0.0;0.0;0.0;0.0;0.0;1
FFF;2014J;654112;M;South Region;Lower Than A Level;0;60;N;95.0;False;True;False;0.0;0.0;0.0;0.0;0.0;0.0;1
BBB;2013B;1659662;F;London Region;A Level or Equivalent;0;60;N;95.0;False;True;False;0.0;1.0;0.0;0.0;135.23340447694528;1.925319805243194;0
GGG;2014B;589973;F;London Region;Lower Than A Level;0;90;Y;35.0;True;False;False;0.0;0.7777777777777778;0.0;0.0;109.3934065934066;2.859752747252747;0
DDD;2013B;1587816;M;East Anglian Region;A Level or Equivalent;0;120;N;95.0;False;True;False;0.0;0.0;0.0;0.0;0.0;0.0;0
FFF;2013B;544802;M;East Midlands Region;Lower Than A Level;0;120;N;25.0;False;True;False;0.0;0.0;0.0;0.0;0.0;0.0;1
GGG;2014J;686373;M;Wales;HE Qualification;0;30;N;35.0;False;True;False;0.0;0.3333333333333333;0.0;0.0;56.76309742869821;1.5743254807208296;0
DDD;2013J;342387;F;London Region;A Level or Equivalent;1;180;N;25.0;True;False;False;0.0;1.0;1.0;38.0;118.01019809921449;2.368304823381982;0
FFF;2014B;623326;M;South Region;A Level or Equivalent;0;60;N;85.0;True;False;False;0.0;0.0;0.0;0.0;0.0;0.0;1
BBB;2013J;555346;F;South West Region;Lower Than A Level;0;60;Y;15.0;True;False;False;0.0;1.0;0.0;0.0;107.67065669239122;1.916821139613313;0
CCC;2014B;590974;M;Yorkshire Region;Lower Than A Level;0;60;N;65.0;True;False;False;0.0;0.0;0.0;0.0;0.0;0.0;1
BBB;2014B;607220;F;Yorkshire Region;Lower Than A Level;0;60;N;5.0;True;False;False;0.0;0.8181818181818182;0.0;0.0;107.63012306046014;2.0970037453183523;0
FFF;2013B;502512;M;East Midlands Region;HE Qualification;1;180;N;15.0;True;False;False;0.0;1.0;0.0;0.0;49.69876189874864;2.1961101308979885;0
FFF;2013B;35544;M;Wales;A Level or Equivalent;0;60;N;85.0;False;True;False;0.0;1.0;0.0;0.0;110.71481016025395;2.6283975193545555;0
FFF;2014J;263862;M;West Midlands Region;A Level or Equivalent;0;60;N;95.0;False;True;False;0.0;1.0;0.0;0.0;123.27617477233164;3.236112983440402;0
BBB;2014J;495522;F;London Region;A Level or Equivalent;0;120;N;15.0;True;False;False;0.0;0.0;0.0;0.0;0.0;0.0;1
DDD;2013J;568578;M;West Midlands Region;A Level or Equivalent;0;60;N;35.0;True;False;False;0.0;0.3333333333333333;0.0;0.0;12.338979917986004;1.7223538512013525;0
GGG;2013J;2498139;F;East Midlands Region;Lower Than A Level;0;30;Y;65.0;True;False;False;0.0;0.7777777777777778;0.0;0.0;94.06055240810726;2.3407685250006156;0
BBB;2014J;653702;F;South Region;Lower Than A Level;0;60;N;15.0;True;False;False;0.0;0.8;0.0;0.0;72.7932727720718;1.8903114949683575;0
AAA;2014J;598070;F;London Region;A Level or Equivalent;0;60;N;15.0;True;False;False;0.0;0.0;0.0;0.0;0.0;0.0;1
BBB;2013J;571554;M;Yorkshire Region;A Level or Equivalent;0;60;N;5.0;True;False;False;0.0;1.0;0.0;0.0;86.540207193574;2.4710307892349443;0
FFF;2013B;1699445;M;South East Region;Lower Than A Level;0;120;N;35.0;False;True;False;0.0;1.0;0.0;0.0;76.23472716225021;3.3019929929676497;0
AAA;2013J;2685865;F;East Midlands Region;Lower Than A Level;0;60;N;35.0;True;False;False;0.0;1.0;0.0;0.0;118.17153742827855;3.461882984523768;0
GGG;2014B;633923;F;Yorkshire Region;A Level or Equivalent;0;30;N;45.0;True;False;False;0.0;1.0;0.0;0.0;128.44670855392934;4.463804498228798;0
EEE;2014J;680804;M;South West Region;HE Qualification;0;60;N;45.0;True;False;False;0.0;1.0;0.0;0.0;109.51003050649472;3.9887631792597964;0
CCC;2014B;548261;M;East Anglian Region;Lower Than A Level;0;120;N;55.0;False;True;False;0.0;0.125;0.0;0.0;19.530819860411697;1.8668536678740761;0
CCC;2014B;631929;F;London Region;A Level or Equivalent;0;60;Y;25.0;True;False;False;0.0;0.0;0.0;0.0;0.0;0.0;1
DDD;2013J;531234;F;West Midlands Region;Lower Than A Level;0;120;N;75.0;False;True;False;0.0;0.0;0.0;0.0;0.0;0.0;1
BBB;2013J;491279;F;Scotland;Lower Than A Level;1;60;Y;35.0;False;True;False;0.0;1.0;0.0;0.0;166.73546848881563;2.7962268755414614;0
CCC;2014B;629654;F;South Region;A Level or Equivalent;0;60;N;35.0;True;False;False;0.0;0.875;1.0;32.0;68.96155856813752;2.642167286904129;0
EEE;2014J;691218;M;South West Region;Lower Than A Level;0;60;N;15.0;False;True;False;0.0;0.75;0.0;0.0;86.7614114114114;3.4223282105635047;0
GGG;2013J;590711;F;East Anglian Region;Lower Than A Level;0;30;N;45.0;False;True;False;0.0;1.0;0.0;0.0;126.37659709263482;4.616254866726565;0
BBB;2014J;689089;F;Ireland;Lower Than A Level;0;60;N;15.0;True;False;False;0.0;0.6;0.0;0.0;91.41358024691357;2.45679012345679;0
FFF;2013J;527494;M;South Region;Lower Than A Level;0;60;N;47.115494568324756;True;False;False;0.0;1.0;0.0;0.0;78.27558418770346;3.6667749345332123;0
BBB;2014B;626597;F;West Midlands Region;A Level or Equivalent;0;60;N;25.0;True;False;False;0.0;0.0;0.0;0.0;0.0;0.0;1
FFF;2014B;588145;M;South East Region;Lower Than A Level;0;60;N;95.0;True;False;False;0.0;1.0;0.0;0.0;75.83007747922639;3.322343974902442;0
BBB;2013B;551895;F;Scotland;A Level or Equivalent;0;60;N;25.0;True;False;False;0.0;0.8181818181818182;0.0;0.0;81.94598849401221;1.5849910739238802;0
DDD;2013J;573845;F;South West Region;A Level or Equivalent;0;60;N;35.0;True;False;False;0.0;0.6666666666666666;1.0;51.0;47.48862621401318;1.7959965437788017;0
BBB;2013B;349040;F;North Region;HE Qualification;0;60;N;85.0;False;True;False;0.0;0.0;0.0;0.0;0.0;0.0;1
BBB;2014B;634298;M;Yorkshire Region;Lower Than A Level;0;60;Y;5.0;False;True;False;0.0;0.0;0.0;0.0;0.0;0.0;1
DDD;2014J;689921;F;Yorkshire Region;Lower Than A Level;0;60;N;5.0;False;True;False;0.0;1.0;1.0;56.0;36.547126356409;1.4529646185766965;0
FFF;2014J;582117;M;South West Region;Lower Than A Level;0;60;N;35.0;True;False;False;0.0;1.0;0.0;0.0;91.32847901191037;3.1023723304395574;0
EEE;2014J;699050;M;Scotland;A Level or Equivalent;0;40;N;15.0;True;False;False;0.0;0.0;0.0;0.0;0.0;0.0;1
CCC;2014B;605144;M;Scotland;HE Qualification;0;90;N;85.0;True;False;False;0.0;0.875;1.0;84.0;113.19959458681708;2.882049997746724;0
GGG;2013J;610530;M;North Western Region;A Level or Equivalent;0;30;N;25.0;True;False;False;0.0;0.3333333333333333;0.0;0.0;61.26666666666667;1.7833333333333332;0
CCC;2014B;551304;F;South West Region;Lower Than A Level;0;90;N;85.0;False;True;False;0.0;0.875;1.0;40.0;105.84402379020459;2.4204227757895413;0
DDD;2014B;622614;M;South West Region;Lower Than A Level;0;60;N;35.0;True;False;False;0.0;0.16666666666666666;0.0;0.0;12.167324342324342;1.628019203019203;0
BBB;2014J;686182;F;Yorkshire Region;Lower Than A Level;0;60;N;5.0;True;False;False;0.0;1.0;0.0;0.0;106.57935744810744;2.3452401764901762;0
BBB;2014B;618054;F;Yorkshire Region;Lower Than A Level;0;60;N;55.0;True;False;False;0.0;0.0;0.0;0.0;0.0;0.0;1
BBB;2013B;556986;F;South West Region;Lower Than A Level;0;60;Y;35.0;True;False;False;0.0;0.0;0.0;0.0;0.0;0.0;1
BBB;2013J;26677;M;West Midlands Region;A Level or Equivalent;4;60;N;5.0;True;False;False;0.0;0.0;0.0;0.0;0.0;0.0;1
DDD;2014B;618649;F;South West Region;A Level or Equivalent;0;90;Y;85.0;True;False;False;0.0;1.0;1.0;62.0;61.363584679505394;1.7578265605759211;0
BBB;2014J;683164;F;South Region;A Level or Equivalent;0;60;N;35.0;True;False;False;0.0;0.8;0.0;0.0;41.59549549549549;2.372072072072072;0
AAA;2014J;2690062;F;North Western Region;A Level or Equivalent;0;120;N;95.0;False;True;False;0.0;0.0;0.0;0.0;0.0;0.0;1
GGG;2014B;634569;F;Yorkshire Region;Lower Than A Level;0;30;N;5.0;True;False;False;0.0;0.7777777777777778;0.0;0.0;128.95382414469717;3.4262540369683228;0
BBB;2013B;480458;M;Wales;HE Qualification;0;180;N;55.0;True;False;False;0.0;0.8181818181818182;0.0;0.0;68.24330473844644;1.8252688326068893;0
FFF;2014B;282806;M;North Region;Lower Than A Level;2;60;Y;15.0;True;False;False;0.0;0.9166666666666666;0.0;0.0;90.5888447166306;3.729302579110763;0
EEE;2013J;1781834;M;Ireland;HE Qualification;0;115;N;35.0;False;True;False;0.0;1.0;0.0;0.0;110.92924444618137;5.252386571901118;0
EEE;2013J;514040;M;West Midlands Region;HE Qualification;0;90;N;35.0;True;False;False;0.0;0.0;0.0;0.0;0.0;0.0;1
BBB;2014J;1118432;F;North Western Region;HE Qualification;0;60;N;35.0;False;True;False;0.0;0.8;0.0;0.0;86.71059111987303;5.303914507478337;0
FFF;2013J;518937;M;East Midlands Region;Lower Than A Level;0;60;N;95.0;True;False;False;0.0;0.9166666666666666;0.0;0.0;134.37477634860497;4.01126031260054;0
FFF;2013J;134847;M;Scotland;HE Qualification;0;120;N;35.0;True;False;False;0.0;0.0;0.0;0.0;0.0;0.0;1
GGG;2014B;622166;F;South Region;Lower Than A Level;0;150;N;55.0;False;True;False;0.0;1.0;0.0;0.0;135.64617126532886;2.1400145747971835;0
FFF;2013B;315945;M;London Region;A Level or Equivalent;0;70;N;5.0;True;False;False;0.0;1.0;0.0;0.0;90.02185305539433;3.7682227125941945;0
FFF;2014J;696071;F;South West Region;Lower Than A Level;0;90;Y;35.0;True;False;False;0.0;0.0;0.0;0.0;0.0;0.0;1
BBB;2013B;86291;F;Wales;HE Qualification;0;60;N;55.0;False;True;False;0.0;0.0;0.0;0.0;0.0;0.0;1
BBB;2014J;522478;F;East Midlands Region;Lower Than A Level;0;210;Y;15.0;False;True;False;0.0;0.0;0.0;0.0;-1.9558823529411764;2.5098039215686274;0
BBB;2014J;630834;F;West Midlands Region;A Level or Equivalent;0;120;N;85.0;False;True;False;0.0;1.0;0.0;0.0;97.71598259174964;4.292842742870313;0
DDD;2013B;551573;M;Ireland;A Level or Equivalent;0;60;N;25.0;True;False;False;0.0;0.8461538461538461;1.0;42.0;82.99324545246566;1.5034624673881969;0
BBB;2013J;609812;F;Scotland;HE Qualification;0;60;N;95.0;True;False;False;0.0;1.0;0.0;0.0;153.5081699346405;2.3479135243841127;0
AAA;2014J;628088;M;South East Region;A Level or Equivalent;0;60;Y;75.0;True;False;False;0.0;0.0;0.0;0.0;0.0;0.0;1
DDD;2014J;556514;F;London Region;Lower Than A Level;0;60;N;55.0;True;False;False;0.0;1.0;1.0;84.0;96.37057425585743;1.3607516537517346;0
FFF;2014J;635795;M;Scotland;A Level or Equivalent;0;60;N;35.0;True;False;False;0.0;1.0;0.0;0.0;129.61230464364255;3.3150994808977963;0
BBB;2014J;483315;F;North Western Region;Lower Than A Level;0;60;N;75.0;True;False;False;0.0;0.8;0.0;0.0;72.93800809212574;2.765897914721444;0
FFF;2013B;503544;M;North Western Region;HE Qualification;0;90;N;5.0;False;True;False;0.0;0.9166666666666666;0.0;0.0;112.6688284695542;3.3077048522530514;0
BBB;2013B;547466;F;South West Region;Lower Than A Level;0;60;N;15.0;False;True;False;0.0;1.0;0.0;0.0;77.17654603914737;2.0870865358338455;0
BBB;2014B;576179;F;North Western Region;No Formal quals;0;60;N;5.0;True;False;False;0.0;0.0;0.0;0.0;0.0;0.0;1
EEE;2014J;640307;M;Scotland;Lower Than A Level;0;60;N;55.0;True;False;False;0.0;1.0;0.0;0.0;84.52159193976932;3.34210458248664;0
FFF;2014J;680348;M;Scotland;HE Qualification;0;120;N;85.0;True;False;False;0.0;1.0;0.0;0.0;106.74986988187088;4.581781009301977;0
BBB;2014J;578445;F;West Midlands Region;Lower Than A Level;0;90;N;5.0;False;True;False;0.0;0.0;0.0;0.0;0.0;0.0;1
BBB;2013J;442910;F;West Midlands Region;Lower Than A Level;2;60;N;5.0;True;False;False;0.0;1.0;0.0;0.0;84.7815651830006;1.4591691225662518;0
GGG;2013J;590835;F;East Midlands Region;A Level or Equivalent;0;30;N;65.0;True;False;False;0.0;0.7931081264414598;0.0;0.0;-3.0;1.4444444444444444;0
FFF;2014J;592939;M;Scotland;HE Qualification;2;90;N;5.0;True;False;False;0.0;0.9166666666666666;0.0;0.0;141.7939443712734;4.780365058044373;0
GGG;2014B;619013;F;London Region;A Level or Equivalent;0;30;N;55.0;True;False;False;0.0;0.8888888888888888;0.0;0.0;154.64930555555554;5.895833333333333;0
EEE;2013J;586314;M;North Western Region;A Level or Equivalent;0;60;N;55.0;False;True;False;0.0;0.0;0.0;0.0;0.0;0.0;0
FFF;2014J;677828;M;East Midlands Region;A Level or Equivalent;0;120;N;65.0;True;False;False;0.0;0.0;0.0;0.0;0.0;0.0;1
DDD;2014B;546299;M;West Midlands Region;Lower Than A Level;0;60;N;65.0;True;False;False;0.0;0.0;0.0;0.0;0.0;0.0;1
DDD;2013J;604392;F;East Anglian Region;A Level or Equivalent;0;60;N;45.0;True;False;False;0.0;0.0;0.0;0.0;0.0;0.0;1
FFF;2014B;625753;M;East Midlands Region;A Level or Equivalent;0;120;N;85.0;True;False;False;0.0;1.0;0.0;0.0;94.30381889767247;2.632717203032955;0
DDD;2013J;596093;M;East Anglian Region;A Level or Equivalent;0;60;N;35.0;True;False;False;0.0;1.0;1.0;71.0;17.56654617180397;1.8260337431300795;0
CCC;2014J;1777834;F;East Anglian Region;A Level or Equivalent;0;60;N;85.0;False;True;False;0.0;0.0;0.0;0.0;0.0;0.0;0
FFF;2013J;199361;M;North Western Region;Lower Than A Level;0;60;N;45.0;True;False;False;0.0;1.0;0.0;0.0;121.88062930762545;3.308185721891629;0
FFF;2014J;74165;M;West Midlands Region;A Level or Equivalent;0;60;N;35.0;True;False;False;0.0;1.0;0.0;0.0;101.9555361111111;3.6162107142857143;0
GGG;2014J;693273;M;London Region;No Formal quals;0;30;N;15.0;True;False;False;0.0;0.1111111111111111;0.0;0.0;41.63194444444445;1.863888888888889;0
BBB;2014B;579537;F;Ireland;A Level or Equivalent;0;60;N;47.115494568324756;False;True;False;0.0;1.0;0.0;0.0;80.46859903381643;2.1207729468599035;0
BBB;2013J;2006283;F;Scotland;Lower Than A Level;0;60;N;55.0;False;True;False;0.0;1.0;0.0;0.0;107.89918154761905;2.3722718253968256;0
BBB;2013J;608719;F;South East Region;Lower Than A Level;0;120;N;85.0;False;True;False;0.0;0.0;0.0;0.0;0.0;0.0;1
BBB;2014J;586818;F;East Anglian Region;Lower Than A Level;0;60;Y;25.0;True;False;False;0.0;0.4;0.0;0.0;21.679846938775512;3.7793367346938775;0
FFF;2013J;595978;M;East Anglian Region;Lower Than A Level;0;180;Y;95.0;True;False;False;0.0;0.0;0.0;0.0;0.0;0.0;1
GGG;2014B;635506;F;London Region;A Level or Equivalent;0;30;N;15.0;False;True;False;0.0;1.0;0.0;0.0;111.19779316920935;2.952532438133244;0
FFF;2013J;592538;M;North Region;Lower Than A Level;0;60;N;47.115494568324756;True;False;False;0.0;0.0;0.0;0.0;0.0;0.0;1
FFF;2014J;677546;F;London Region;A Level or Equivalent;0;120;N;45.0;True;False;False;0.0;1.0;0.0;0.0;96.75072110035265;3.7000065357508167;0
BBB;2014J;653262;M;South West Region;A Level or Equivalent;0;120;N;25.0;True;False;False;0.0;1.0;0.0;0.0;69.58333333333333;3.2371031746031744;0
DDD;2014J;677629;M;South East Region;A Level or Equivalent;0;90;N;65.0;True;False;False;0.0;0.3333333333333333;0.0;0.0;38.1875816993464;1.7566721132897605;0
BBB;2014J;695027;F;Ireland;A Level or Equivalent;0;60;N;35.0;False;True;False;0.0;1.0;0.0;0.0;117.95693175137619;1.9387793276682166;0
FFF;2014B;613574;M;South Region;A Level or Equivalent;0;60;N;85.0;True;False;False;0.0;0.25;0.0;0.0;42.23860943438408;3.2335010060362173;0
CCC;2014B;557172;M;East Anglian Region;Lower Than A Level;0;30;N;55.0;True;False;False;0.0;0.5308303886925795;0.5279151943462898;36.93851590106007;18.59090909090909;1.6590909090909092;0
DDD;2014B;472284;M;Yorkshire Region;Lower Than A Level;0;60;N;55.0;True;False;False;0.0;1.0;1.0;93.0;101.30067511822888;1.4137227045296143;0
BBB;2014J;649110;F;West Midlands Region;A Level or Equivalent;0;60;N;55.0;True;False;False;0.0;1.0;0.0;0.0;71.99622257757305;2.5758498175430997;0
BBB;2013J;573321;F;Scotland;Lower Than A Level;0;60;N;5.0;True;False;False;0.0;0.0;0.0;0.0;0.0;0.0;0
CCC;2014B;621619;M;East Anglian Region;Lower Than A Level;0;60;Y;35.0;True;False;False;0.0;0.0;0.0;0.0;0.0;0.0;1
FFF;2014B;502150;M;Yorkshire Region;A Level or Equivalent;1;60;N;35.0;True;False;False;0.0;0.0;0.0;0.0;0.0;0.0;1
DDD;2013J;2602235;M;East Midlands Region;Lower Than A Level;0;90;N;55.0;True;False;False;0.0;0.6666666666666666;1.0;27.0;78.31144301025253;1.5633818342151675;0
BBB;2014J;2423078;M;London Region;A Level or Equivalent;2;60;N;5.0;False;True;False;0.0;0.4;0.0;0.0;13.0;янв.75;0
BBB;2013B;507359;F;London Region;A Level or Equivalent;1;120;N;15.0;False;True;False;0.0;0.9090909090909091;0.0;0.0;61.94913419913419;2.232683982683983;0
BBB;2014B;617296;F;South Region;Lower Than A Level;0;60;N;75.0;True;False;False;0.0;0.36363636363636365;0.0;0.0;30.34134199134199;1.5667388167388165;0
BBB;2014J;649209;F;East Midlands Region;Lower Than A Level;0;120;N;75.0;True;False;False;0.0;0.0;0.0;0.0;0.0;0.0;1
BBB;2014J;537221;F;South West Region;A Level or Equivalent;3;120;N;5.0;True;False;False;0.0;0.0;0.0;0.0;0.0;0.0;1
GGG;2013J;2540450;M;London Region;A Level or Equivalent;0;30;N;45.0;False;True;False;0.0;0.7931081264414598;0.0;0.0;48.46666666666667;2.0;0
EEE;2014B;612124;M;South East Region;A Level or Equivalent;0;60;N;75.0;True;False;False;0.0;0.0;0.0;0.0;0.0;0.0;1
BBB;2013J;575290;M;Scotland;Lower Than A Level;0;120;Y;65.0;False;True;False;0.0;0.9090909090909091;0.0;0.0;121.56360598654399;2.0093518455513064;0
CCC;2014J;679733;M;Wales;Lower Than A Level;0;150;N;15.0;True;False;False;0.0;1.0;1.0;100.0;85.88187433336431;2.749988499731787;0
DDD;2013J;2485856;F;Scotland;Lower Than A Level;1;120;N;25.0;False;True;False;0.0;0.0;0.0;0.0;0.0;0.0;1
GGG;2014J;416700;M;East Midlands Region;Lower Than A Level;0;30;N;75.0;True;False;False;0.0;1.0;0.0;0.0;106.57167874396136;3.2121808143547272;0
DDD;2014J;643021;F;South Region;Lower Than A Level;0;120;N;75.0;True;False;False;0.0;0.0;0.0;0.0;0.0;0.0;1
BBB;2013J;608766;F;Ireland;A Level or Equivalent;0;120;N;47.115494568324756;False;True;False;0.0;1.0;0.0;0.0;105.14634336824916;1.6409845807244208;0
CCC;2014B;1671811;M;West Midlands Region;A Level or Equivalent;0;90;N;75.0;False;True;False;0.0;0.875;1.0;44.0;82.51073057807767;2.236378531449667;0
DDD;2014J;635992;F;Yorkshire Region;A Level or Equivalent;0;120;N;85.0;True;False;False;0.0;1.0;1.0;87.0;92.57009910511053;1.4169551518496397;0
DDD;2013J;1818677;M;East Anglian Region;A Level or Equivalent;0;90;N;85.0;False;True;False;0.0;0.0;0.0;0.0;0.0;0.0;1
BBB;2014B;1588208;F;North Western Region;Lower Than A Level;1;120;N;75.0;False;True;False;0.0;0.0;0.0;0.0;0.0;0.0;1
FFF;2013B;511990;F;West Midlands Region;A Level or Equivalent;1;120;N;65.0;True;False;False;0.0;0.08333333333333333;0.0;0.0;45.682594417077176;2.5370689655172414;0
BBB;2014B;634265;F;South East Region;A Level or Equivalent;0;60;N;65.0;True;False;False;0.0;0.9090909090909091;0.0;0.0;83.64555249564124;1.7542621716049709;0
FFF;2014J;680410;M;North Western Region;A Level or Equivalent;0;150;N;5.0;True;False;False;0.0;0.0;0.0;0.0;0.0;0.0;1
EEE;2013J;584191;M;East Midlands Region;HE Qualification;0;60;N;75.0;True;False;False;0.0;1.0;0.0;0.0;81.33147150317946;4.502308322539702;0
BBB;2014J;573297;F;Wales;Lower Than A Level;0;60;N;55.0;False;True;False;0.0;0.8;0.0;0.0;104.21577570611579;3.1177544287642593;0
CCC;2014J;1593442;M;South West Region;HE Qualification;0;60;N;35.0;False;True;False;0.0;1.0;1.0;54.0;133.5618190019903;3.2355298343472687;0
BBB;2014J;445136;F;South East Region;HE Qualification;1;60;N;75.0;False;True;False;0.0;0.8;0.0;0.0;101.62880061115355;2.2890819964349376;0
CCC;2014B;554583;M;Scotland;Lower Than A Level;0;90;N;55.0;True;False;False;0.0;1.0;1.0;50.0;79.80770787200335;2.3500438420069063;0
CCC;2014J;1442981;M;East Midlands Region;A Level or Equivalent;0;150;N;65.0;False;True;False;0.0;0.875;1.0;92.0;18.01824829092583;2.0850162185392844;0
FFF;2014J;680222;F;South East Region;Lower Than A Level;0;180;N;15.0;True;False;False;0.0;0.0;0.0;0.0;0.0;0.0;1
EEE;2013J;572154;M;Scotland;HE Qualification;0;150;N;45.0;True;False;False;0.0;0.0;0.0;0.0;0.0;0.0;1
FFF;2013J;542423;M;West Midlands Region;A Level or Equivalent;0;60;N;55.0;True;False;False;0.0;0.0;0.0;0.0;0.0;0.0;1
FFF;2014B;604326;F;Wales;No Formal quals;0;90;N;35.0;True;False;False;0.0;0.6897457158651188;0.0;0.0;-9.25;1.0833333333333333;0
FFF;2014B;293454;M;East Anglian Region;A Level or Equivalent;0;60;N;95.0;True;False;False;0.0;0.3333333333333333;0.0;0.0;65.03454180035284;2.40457023084288;0
DDD;2013B;2034000;F;South West Region;Lower Than A Level;0;60;N;55.0;False;True;False;0.0;0.0;0.0;0.0;0.0;0.0;1
DDD;2013J;605144;M;Scotland;HE Qualification;0;90;N;85.0;True;False;False;0.0;0.8333333333333334;1.0;69.0;96.55117845435832;1.443055549831782;0
DDD;2014B;367127;F;London Region;A Level or Equivalent;0;120;N;95.0;True;False;False;0.0;1.0;1.0;71.0;85.41047803456027;1.3980927032988004;0
EEE;2014B;617455;M;East Anglian Region;A Level or Equivalent;0;30;N;75.0;True;False;False;0.0;0.75;0.0;0.0;116.53857185990337;3.333014917923691;0
EEE;2014B;632389;M;North Region;A Level or Equivalent;0;30;N;65.0;True;False;False;0.0;1.0;0.0;0.0;112.9054975580415;4.919717610896886;0
CCC;2014B;632691;M;South Region;A Level or Equivalent;0;120;N;45.0;True;False;False;0.0;0.0;0.0;0.0;0.0;0.0;1
BBB;2013J;586535;F;South Region;Lower Than A Level;0;120;Y;55.0;True;False;False;0.0;1.0;0.0;0.0;50.74617274310364;2.1372378375285352;0
CCC;2014B;634737;M;Yorkshire Region;Lower Than A Level;0;90;N;25.0;True;False;False;0.0;0.0;0.0;0.0;0.0;0.0;1
EEE;2014B;633395;M;North Western Region;A Level or Equivalent;0;60;N;5.0;True;False;False;0.0;0.808768656716418;0.0;0.0;12.835034013605442;4.145918367346939;0
BBB;2014J;247457;F;South East Region;A Level or Equivalent;0;60;N;85.0;True;False;False;0.0;1.0;0.0;0.0;120.10383523854887;3.250437604191474;0
FFF;2014J;318139;M;Yorkshire Region;A Level or Equivalent;0;120;N;55.0;True;False;False;0.0;0.0;0.0;0.0;0.0;0.0;1
BBB;2013J;580612;F;North Region;Lower Than A Level;0;60;N;35.0;True;False;False;0.0;0.8181818181818182;0.0;0.0;100.69465515734545;1.625651645399526;0
DDD;2013J;597871;M;East Anglian Region;HE Qualification;0;90;N;95.0;False;False;True;0.0;1.0;1.0;78.0;110.50856596646398;1.353507342682789;0
DDD;2014B;627536;M;London Region;HE Qualification;0;60;N;35.0;True;False;False;0.0;0.6666666666666666;1.0;96.0;59.37898550724637;2.0044685990338165;0
DDD;2014B;2608626;F;South Region;A Level or Equivalent;0;60;N;47.115494568324756;True;False;False;0.0;1.0;1.0;84.0;105.0993575305772;1.5022822114674808;0
CCC;2014J;409852;F;South Region;Lower Than A Level;0;60;N;95.0;False;True;False;0.0;0.25;1.0;38.0;114.28453557486844;2.0542831288975925;0
DDD;2014B;628858;M;East Anglian Region;A Level or Equivalent;0;60;Y;55.0;True;False;False;0.0;0.0;0.0;0.0;0.0;0.0;1
DDD;2014J;691202;F;East Anglian Region;Lower Than A Level;0;60;N;75.0;False;True;False;0.0;0.8333333333333334;1.0;58.0;110.83070766245639;2.2686066163873586;0
BBB;2014J;373846;F;South Region;A Level or Equivalent;1;60;N;45.0;False;True;False;0.0;0.0;0.0;0.0;0.0;0.0;1
DDD;2014J;572880;F;South Region;A Level or Equivalent;1;60;Y;95.0;True;False;False;0.0;1.0;1.0;31.0;85.9404436520617;1.7520020925641664;0
BBB;2013B;493912;F;North Western Region;Lower Than A Level;0;60;N;5.0;False;True;False;0.0;1.0;0.0;0.0;109.30406363350383;2.3641524126928815;0
EEE;2014B;626906;M;South Region;Lower Than A Level;0;60;N;95.0;True;False;False;0.0;0.808768656716418;0.0;0.0;10.625595238095238;4.143452380952381;0
CCC;2014J;581770;M;East Anglian Region;A Level or Equivalent;0;90;N;35.0;True;False;False;0.0;0.0;0.0;0.0;0.0;0.0;1
DDD;2013J;489990;F;North Western Region;Lower Than A Level;0;120;N;45.0;True;False;False;0.0;0.6666666666666666;1.0;44.0;56.21011468562608;1.7770902777331767;0
BBB;2014J;445647;F;South West Region;A Level or Equivalent;0;180;N;45.0;True;False;False;0.0;0.0;0.0;0.0;0.0;0.0;1
BBB;2014J;654639;F;London Region;No Formal quals;0;120;N;25.0;True;False;False;0.0;0.0;0.0;0.0;0.0;0.0;1
FFF;2014B;624772;M;East Midlands Region;Lower Than A Level;0;60;N;45.0;True;False;False;0.0;0.0;0.0;0.0;0.0;0.0;1
CCC;2014J;693141;F;East Anglian Region;A Level or Equivalent;0;60;N;25.0;True;False;False;0.0;0.5;1.0;78.0;42.97063492063492;2.1813369963369964;0
FFF;2014B;2419081;M;North Western Region;Lower Than A Level;0;60;N;65.0;False;True;False;0.0;0.0;0.0;0.0;0.0;0.0;1
FFF;2014J;98256;M;West Midlands Region;Lower Than A Level;0;120;N;45.0;True;False;False;0.0;0.0;0.0;0.0;0.0;0.0;1
CCC;2014J;539408;M;West Midlands Region;Lower Than A Level;0;30;N;25.0;True;False;False;0.0;0.0;0.0;0.0;0.0;0.0;1
GGG;2013J;375882;F;London Region;Lower Than A Level;0;60;N;5.0;False;True;False;0.0;1.0;0.0;0.0;136.63066442816444;2.487291751458418;0
DDD;2013J;578697;F;South Region;A Level or Equivalent;0;60;N;65.0;True;False;False;0.0;0.8333333333333334;1.0;56.0;93.60410740028117;1.757499197732227;0
FFF;2013B;2389267;M;South Region;Lower Than A Level;0;120;N;25.0;True;False;False;0.0;1.0;0.0;0.0;84.43159412505806;3.426680481401186;0
FFF;2014J;2140300;F;North Western Region;A Level or Equivalent;0;240;N;95.0;False;True;False;0.0;1.0;0.0;0.0;105.33424870373484;3.4188873556038786;0
BBB;2013B;84664;F;North Western Region;A Level or Equivalent;0;60;N;65.0;False;True;False;0.0;0.9090909090909091;0.0;0.0;57.564983059500605;1.752626937714657;0
FFF;2013B;1824428;M;Ireland;Lower Than A Level;1;150;N;5.0;False;True;False;0.0;0.0;0.0;0.0;0.0;0.0;1
DDD;2014J;697841;M;North Region;Lower Than A Level;0;120;N;65.0;True;False;False;0.0;0.0;0.0;0.0;0.0;0.0;1
BBB;2014B;2643007;F;London Region;HE Qualification;0;60;N;15.0;False;True;False;0.0;1.0;0.0;0.0;152.23912774360141;1.4085135608381223;0
CCC;2014J;675116;F;London Region;Lower Than A Level;0;240;N;35.0;True;False;False;0.0;0.0;0.0;0.0;0.0;0.0;1
FFF;2014B;626326;F;South West Region;A Level or Equivalent;0;60;N;95.0;False;True;False;0.0;1.0;0.0;0.0;106.25442823512805;3.670215980201016;0
BBB;2014J;693269;F;South Region;A Level or Equivalent;0;90;Y;55.0;True;False;False;0.0;0.0;0.0;0.0;0.0;0.0;1
BBB;2014J;573873;F;London Region;A Level or Equivalent;0;60;N;25.0;True;False;False;0.0;0.7303959843837144;0.0;0.0;окт.85;2.2333333333333334;0
EEE;2014J;650734;M;North Western Region;A Level or Equivalent;0;60;N;55.0;True;False;False;0.0;1.0;0.0;0.0;106.58100919731038;3.5469274848003365;0
FFF;2013J;575282;F;Wales;A Level or Equivalent;0;120;N;15.0;True;False;False;0.0;0.3333333333333333;0.0;0.0;51.71563256189255;3.0340402877665382;0
DDD;2013J;574623;F;East Midlands Region;A Level or Equivalent;0;120;N;35.0;True;False;False;0.0;0.3333333333333333;1.0;49.0;58.38102480308363;1.7274230489916762;0
FFF;2013B;550287;M;Scotland;A Level or Equivalent;0;60;N;75.0;True;False;False;0.0;1.0;0.0;0.0;101.14735647728922;3.2517837493890127;0
CCC;2014J;565840;M;Wales;A Level or Equivalent;0;210;N;75.0;True;False;False;0.0;0.0;0.0;0.0;0.0;0.0;1
DDD;2013J;601579;F;South East Region;A Level or Equivalent;0;90;N;85.0;True;False;False;0.0;0.8333333333333334;1.0;78.0;129.31892493774248;1.459050775857285;0
FFF;2013J;583867;M;East Midlands Region;Lower Than A Level;0;150;N;25.0;True;False;False;0.0;1.0;0.0;0.0;64.99086323790529;4.417308737729952;0
BBB;2014B;615025;F;West Midlands Region;Lower Than A Level;0;60;Y;25.0;True;False;False;0.0;0.8181818181818182;0.0;0.0;59.86281803254217;3.2498590834452905;0
DDD;2014J;657161;F;South West Region;HE Qualification;0;120;N;55.0;False;True;False;0.0;0.0;0.0;0.0;0.0;0.0;1
AAA;2013J;2429854;M;London Region;A Level or Equivalent;0;120;Y;15.0;False;True;False;0.0;0.0;0.0;0.0;0.0;0.0;1
DDD;2014B;627071;M;Wales;A Level or Equivalent;0;60;Y;25.0;False;True;False;0.0;0.0;0.0;0.0;0.0;0.0;1
GGG;2014B;629736;M;North Western Region;A Level or Equivalent;0;90;N;65.0;True;False;False;0.0;1.0;0.0;0.0;93.64640637140637;2.0617347929847933;0
FFF;2014J;682578;M;Ireland;Lower Than A Level;0;120;N;55.0;True;False;False;0.0;0.25;0.0;0.0;14.40589084118496;2.9345238095238093;0
FFF;2013J;597819;M;North Region;Lower Than A Level;0;60;N;47.115494568324756;True;False;False;0.0;0.8333333333333334;0.0;0.0;92.72279335890447;2.4857529884381733;0
FFF;2014J;2683857;M;South West Region;Lower Than A Level;1;90;N;75.0;False;True;False;0.0;1.0;0.0;0.0;110.15208498609181;4.512794390940439;0
FFF;2013B;33915;F;South East Region;A Level or Equivalent;0;60;N;35.0;True;False;False;0.0;1.0;0.0;0.0;94.48592775311963;2.7429259889729076;0
EEE;2013J;406121;F;North Region;Lower Than A Level;0;60;N;45.0;True;False;False;0.0;1.0;0.0;0.0;108.96457909635424;4.625199356846704;0
AAA;2014J;292775;M;South East Region;A Level or Equivalent;0;60;N;45.0;True;False;False;0.0;1.0;0.0;0.0;91.91233979104257;2.7466882194937114;0
CCC;2014J;505700;M;West Midlands Region;Lower Than A Level;0;60;N;35.0;True;False;False;0.0;0.0;0.0;0.0;0.0;0.0;1
EEE;2014J;520077;M;South Region;Lower Than A Level;0;90;N;35.0;False;True;False;0.0;1.0;0.0;0.0;104.92118973290445;3.9316719995940685;0
BBB;2014J;297806;F;East Midlands Region;Lower Than A Level;0;60;N;45.0;False;True;False;0.0;0.0;0.0;0.0;10.404347826086957;2.4434782608695653;0
DDD;2014B;963176;M;West Midlands Region;A Level or Equivalent;0;60;N;45.0;False;True;False;0.0;0.0;0.0;0.0;0.0;0.0;1
CCC;2014J;2462862;F;West Midlands Region;A Level or Equivalent;0;180;N;15.0;True;False;False;0.0;0.0;0.0;0.0;0.0;0.0;1
DDD;2013B;142819;M;West Midlands Region;A Level or Equivalent;0;90;N;45.0;True;False;False;0.0;0.8461538461538461;1.0;53.0;92.30759496753247;1.553010551948052;0
BBB;2013B;406974;M;West Midlands Region;A Level or Equivalent;0;120;N;15.0;True;False;False;0.0;0.0;0.0;0.0;0.0;0.0;1
DDD;2013J;599109;M;South East Region;A Level or Equivalent;0;60;N;75.0;True;False;False;0.0;1.0;1.0;87.0;82.99957425117933;1.3814748483284427;0
CCC;2014J;594326;M;West Midlands Region;A Level or Equivalent;1;60;N;65.0;True;False;False;0.0;1.0;1.0;40.0;145.5652896800109;1.7599470002211572;0
BBB;2014B;331156;F;West Midlands Region;Lower Than A Level;0;60;N;5.0;False;True;False;0.0;0.5454545454545454;0.0;0.0;60.228571428571435;1.0047619047619047;0
BBB;2014J;682887;F;East Midlands Region;A Level or Equivalent;0;60;N;75.0;True;False;False;0.0;0.8;0.0;0.0;59.27719298245614;2.117471958584987;0
DDD;2013J;579372;M;Yorkshire Region;Lower Than A Level;0;90;N;5.0;True;False;False;0.0;1.0;1.0;42.0;104.02248587527511;1.6538912113598923;0
CCC;2014B;2605030;M;Yorkshire Region;HE Qualification;0;150;N;5.0;False;True;False;0.0;0.0;0.0;0.0;0.0;0.0;1
FFF;2013J;577149;M;Wales;A Level or Equivalent;0;60;N;65.0;True;False;False;0.0;1.0;0.0;0.0;98.50130866928596;3.206781148066962;0
GGG;2014J;2475886;F;East Anglian Region;Lower Than A Level;0;90;N;45.0;False;True;False;0.0;0.7862398822663723;0.0;0.0;0.2;01.янв;0
FFF;2014J;584594;M;South East Region;A Level or Equivalent;1;60;N;45.0;True;False;False;0.0;0.0;0.0;0.0;0.0;0.0;1
FFF;2014J;592218;F;South West Region;A Level or Equivalent;0;60;N;95.0;False;True;False;0.0;1.0;0.0;0.0;122.18557599623514;3.0303905067740198;0
DDD;2014B;61911;M;Wales;Lower Than A Level;0;180;N;55.0;True;False;False;0.0;0.5;0.0;0.0;76.47420875420876;2.088496071829405;0
DDD;2014J;596420;M;North Region;A Level or Equivalent;0;60;N;15.0;True;False;False;0.0;0.0;0.0;0.0;0.0;0.0;1
BBB;2013J;605009;F;West Midlands Region;A Level or Equivalent;0;60;N;95.0;True;False;False;0.0;0.9090909090909091;0.0;0.0;111.60494677236923;1.750942443364906;0
BBB;2013B;479516;F;Scotland;HE Qualification;0;60;N;65.0;True;False;False;0.0;0.7272727272727273;0.0;0.0;56.511872513245514;2.07648675154396;0
DDD;2013B;2281292;M;Scotland;A Level or Equivalent;0;60;N;95.0;False;True;False;0.0;0.8461538461538461;1.0;64.0;98.96512273651678;1.4435640507759766;0
EEE;2014J;650137;M;London Region;A Level or Equivalent;0;60;N;75.0;True;False;False;0.0;0.0;0.0;0.0;0.0;0.0;1
DDD;2013J;549424;M;South Region;Post Graduate Qualification;1;60;N;95.0;False;True;False;0.0;0.0;0.0;0.0;0.0;0.0;1
CCC;2014J;643758;M;South West Region;A Level or Equivalent;0;120;N;35.0;True;False;False;0.0;0.875;1.0;32.0;119.12368094459823;2.1092964626404243;0
CCC;2014B;592284;F;North Western Region;A Level or Equivalent;0;120;Y;15.0;True;False;False;0.0;0.0;0.0;0.0;0.0;0.0;1
DDD;2014B;623541;M;Wales;A Level or Equivalent;0;60;N;55.0;True;False;False;0.0;0.6666666666666666;1.0;76.0;40.41595475404606;1.668709865488559;0
FFF;2014J;688265;M;East Anglian Region;Lower Than A Level;0;60;N;35.0;True;False;False;0.0;0.5833333333333334;0.0;0.0;78.6977380952381;3.8904365079365077;0
BBB;2013J;610260;F;South West Region;HE Qualification;0;60;N;75.0;True;False;False;0.0;1.0;0.0;0.0;117.12405864413034;1.58827608738003;0
BBB;2013J;138920;F;Wales;Lower Than A Level;1;60;N;5.0;True;False;False;0.0;0.45454545454545453;0.0;0.0;32.79307713359437;1.8896172792724515;0
FFF;2014B;632544;M;North Region;No Formal quals;0;60;N;47.115494568324756;True;False;False;0.0;1.0;0.0;0.0;104.94509608425227;3.3286120960858447;0
BBB;2014B;480924;F;East Anglian Region;Lower Than A Level;1;90;N;35.0;True;False;False;0.0;0.0;0.0;0.0;0.0;0.0;1
BBB;2013B;527020;F;South Region;Lower Than A Level;0;120;Y;35.0;False;True;False;0.0;1.0;0.0;0.0;44.680720899470906;1.6425264550264551;0
DDD;2014J;626630;M;South Region;A Level or Equivalent;0;120;N;95.0;True;False;False;0.0;1.0;1.0;96.0;109.29659863945578;1.5515837585034014;0
FFF;2014B;606977;M;North Western Region;Lower Than A Level;0;60;N;15.0;True;False;False;0.0;1.0;0.0;0.0;86.10905973535509;4.530604300504595;0
DDD;2014J;652292;F;Wales;Lower Than A Level;0;120;Y;25.0;True;False;False;0.0;0.0;0.0;0.0;0.0;0.0;1
CCC;2014B;2410459;M;West Midlands Region;Lower Than A Level;0;30;Y;75.0;True;False;False;0.0;0.5308303886925795;0.5279151943462898;36.93851590106007;12.76236424394319;2.300459482038429;0
DDD;2013B;544226;M;Scotland;A Level or Equivalent;0;60;N;35.0;False;True;False;0.0;0.5384615384615384;0.0;0.0;37.587213895329064;1.5643925889767585;0
DDD;2013J;2639310;M;East Anglian Region;A Level or Equivalent;0;90;N;65.0;True;False;False;0.0;1.0;1.0;76.0;92.93711968627746;1.4734438715346942;0
EEE;2013J;604050;M;North Region;A Level or Equivalent;0;60;N;15.0;True;False;False;0.0;1.0;0.0;0.0;105.75371686501381;2.7513993498723948;0
FFF;2013J;601099;M;North Western Region;A Level or Equivalent;0;120;N;15.0;False;True;False;0.0;1.0;0.0;0.0;104.99478070358902;2.9365176026171347;0
BBB;2013B;269076;F;Yorkshire Region;Lower Than A Level;1;180;N;25.0;True;False;False;0.0;0.0;0.0;0.0;0.0;0.0;1
FFF;2013J;493067;M;London Region;HE Qualification;1;60;N;75.0;True;False;False;0.0;0.0;0.0;0.0;0.0;0.0;1
EEE;2014J;696577;M;Wales;HE Qualification;0;60;N;65.0;True;False;False;0.0;1.0;0.0;0.0;108.30829306352562;3.4317390830156254;0
EEE;2014J;634552;M;South East Region;A Level or Equivalent;0;60;N;85.0;True;False;False;0.0;1.0;0.0;0.0;119.32001996719583;2.7044267563843944;0
CCC;2014B;634500;M;London Region;A Level or Equivalent;0;120;N;35.0;False;True;False;0.0;0.375;1.0;66.0;113.98289562883994;2.4813817657327006;0
FFF;2013B;528270;F;South West Region;Lower Than A Level;0;180;N;75.0;True;False;False;0.0;0.0;0.0;0.0;0.0;0.0;1
FFF;2013J;1390051;M;East Anglian Region;HE Qualification;0;60;N;85.0;False;True;False;0.0;0.16666666666666666;0.0;0.0;38.946419976272445;2.985053566577051;0
DDD;2013B;503926;F;East Anglian Region;A Level or Equivalent;0;60;N;75.0;True;False;False;0.0;0.6923076923076923;1.0;42.0;92.63134947759008;1.4207401620935456;0
BBB;2013J;1993672;F;West Midlands Region;Lower Than A Level;4;60;Y;5.0;False;True;False;0.0;0.0;0.0;0.0;0.0;0.0;1
DDD;2014J;53632;M;Wales;Lower Than A Level;2;60;N;95.0;True;False;False;0.0;0.8333333333333334;0.0;0.0;99.36147186147186;1.7586580086580086;0
GGG;2014J;640505;F;Scotland;HE Qualification;0;30;N;95.0;True;False;False;0.0;1.0;0.0;0.0;129.3975337875377;4.95143810319186;0
BBB;2013B;539056;F;North Western Region;HE Qualification;0;60;N;65.0;False;True;False;0.0;1.0;0.0;0.0;106.15549418347351;1.5919821949091202;0
CCC;2014B;835603;M;North Western Region;HE Qualification;0;150;N;25.0;False;False;True;0.0;0.0;0.0;0.0;0.0;0.0;1
BBB;2014B;633590;F;East Anglian Region;A Level or Equivalent;0;60;N;85.0;True;False;False;0.0;1.0;0.0;0.0;79.2519251878675;2.1436124930541256;0
GGG;2013J;589048;F;South West Region;Lower Than A Level;0;30;N;15.0;True;False;False;0.0;0.6666666666666666;0.0;0.0;76.45956726354453;2.5543044077134986;0
GGG;2013J;494212;F;West Midlands Region;Lower Than A Level;0;30;N;85.0;False;True;False;0.0;0.8888888888888888;0.0;0.0;125.40508870214751;4.348969032057267;0
FFF;2014J;628964;M;London Region;A Level or Equivalent;0;60;N;35.0;False;True;False;0.0;1.0;0.0;0.0;111.89905660896902;2.374870420470994;0
DDD;2014J;640054;M;North Western Region;Lower Than A Level;0;120;N;35.0;True;False;False;0.0;0.0;0.0;0.0;0.0;0.0;1
FFF;2014J;679676;F;Wales;Lower Than A Level;0;60;N;85.0;False;True;False;0.0;0.0;0.0;0.0;0.0;0.0;1
FFF;2014B;627366;M;Wales;Lower Than A Level;0;120;Y;25.0;True;False;False;0.0;0.0;0.0;0.0;0.0;0.0;1
CCC;2014J;696357;M;East Anglian Region;A Level or Equivalent;0;30;Y;85.0;True;False;False;0.0;0.375;1.0;52.0;111.15691836691838;4.293484155984156;0
BBB;2014B;2590564;F;London Region;HE Qualification;0;90;N;95.0;False;True;False;0.0;1.0;0.0;0.0;129.6213922904572;1.7771743957352952;0
BBB;2013J;408106;F;East Anglian Region;A Level or Equivalent;1;90;N;35.0;False;True;False;0.0;0.0;0.0;0.0;0.0;0.0;0
BBB;2014J;650961;F;West Midlands Region;A Level or Equivalent;0;60;N;55.0;True;False;False;0.0;0.0;0.0;0.0;0.0;0.0;1
CCC;2014B;620977;M;South West Region;A Level or Equivalent;0;60;N;85.0;True;False;False;0.0;0.0;0.0;0.0;0.0;0.0;1
BBB;2013B;558168;F;Wales;A Level or Equivalent;0;60;N;25.0;True;False;False;0.0;1.0;0.0;0.0;116.75376133359326;1.9075510546098782;0
DDD;2013J;433748;M;North Western Region;A Level or Equivalent;0;60;N;35.0;True;False;False;0.0;1.0;1.0;69.0;113.77770379896816;1.6193526673411731;0
FFF;2014J;644847;M;North Western Region;Lower Than A Level;0;150;N;5.0;True;False;False;0.0;0.9166666666666666;0.0;0.0;108.68476793639782;2.9026075947917755;0
CCC;2014B;629081;M;Scotland;HE Qualification;0;60;N;45.0;True;False;False;0.0;0.375;0.0;0.0;58.194253663003664;2.5420100732600734;0
DDD;2014B;228272;F;South Region;A Level or Equivalent;0;60;N;35.0;True;False;False;0.0;0.5;1.0;78.0;77.55157574728082;1.6419025347505924;0
CCC;2014J;679451;F;Yorkshire Region;Lower Than A Level;0;60;N;15.0;True;False;False;0.0;1.0;1.0;90.0;99.54889581016555;2.076898893752579;0
BBB;2013B;329226;M;Scotland;HE Qualification;0;120;N;25.0;True;False;False;0.0;1.0;0.0;0.0;109.28831811401388;1.8717439727463312;0
DDD;2014J;690843;M;Wales;HE Qualification;0;180;N;45.0;False;True;False;0.0;0.0;0.0;0.0;0.0;0.0;1
BBB;2014J;572395;F;North Western Region;A Level or Equivalent;0;60;N;45.0;True;False;False;0.0;1.0;0.0;0.0;80.51897676066474;2.2716750072888177;0
DDD;2014J;627476;F;Scotland;HE Qualification;0;190;N;85.0;True;False;False;0.0;0.8333333333333334;1.0;53.0;89.63393423926847;1.8682022624604662;0
GGG;2013J;602780;M;London Region;Lower Than A Level;0;30;N;25.0;True;False;False;0.0;1.0;0.0;0.0;142.9397016090952;2.5996276924194546;0
EEE;2014B;626753;M;North Region;A Level or Equivalent;0;30;N;5.0;True;False;False;0.0;1.0;0.0;0.0;87.29921326490866;3.9831675643488107;0
DDD;2014J;645866;M;East Midlands Region;Lower Than A Level;0;60;N;55.0;True;False;False;0.0;0.0;0.0;0.0;0.0;0.0;1
FFF;2014J;642375;M;North Western Region;Lower Than A Level;0;60;N;75.0;True;False;False;0.0;1.0;0.0;0.0;112.79805375813487;3.372721837367495;0
BBB;2013B;508452;F;East Anglian Region;HE Qualification;0;150;N;35.0;False;True;False;0.0;0.9090909090909091;0.0;0.0;133.78241447687432;1.5761871092896023;0
BBB;2014J;674643;M;West Midlands Region;Lower Than A Level;0;120;N;25.0;True;False;False;0.0;0.0;0.0;0.0;0.0;0.0;1
EEE;2013J;607947;M;North Western Region;A Level or Equivalent;0;30;N;75.0;True;False;False;0.0;1.0;0.0;0.0;79.25005252054234;5.567629780447668;0
FFF;2013B;485412;F;West Midlands Region;A Level or Equivalent;1;210;N;55.0;True;False;False;0.0;0.0;0.0;0.0;0.0;0.0;1
DDD;2014B;2643028;F;South East Region;A Level or Equivalent;0;60;N;65.0;True;False;False;0.0;1.0;1.0;67.0;75.44559199332262;1.3429945534822088;0
CCC;2014J;572589;F;East Midlands Region;Lower Than A Level;0;90;N;55.0;True;False;False;0.0;0.0;0.0;0.0;0.0;0.0;1
FFF;2014J;696410;M;London Region;Lower Than A Level;0;120;N;55.0;False;True;False;0.0;0.0;0.0;0.0;0.0;0.0;1
DDD;2014J;2143922;M;London Region;A Level or Equivalent;0;60;N;45.0;True;False;False;0.0;1.0;1.0;96.0;125.14667585784314;1.895266544117647;0
DDD;2014B;226895;M;South Region;HE Qualification;0;90;N;95.0;False;True;False;0.0;0.0;0.0;0.0;0.0;0.0;1
BBB;2013B;536510;F;South Region;Lower Than A Level;0;60;Y;5.0;True;False;False;0.0;0.0;0.0;0.0;0.0;0.0;1
GGG;2014J;677066;F;South East Region;Lower Than A Level;0;30;Y;95.0;False;True;False;0.0;0.8888888888888888;0.0;0.0;133.61505208333332;2.8099826388888887;0
FFF;2014J;652008;M;South Region;HE Qualification;0;60;N;65.0;True;False;False;0.0;0.9166666666666666;0.0;0.0;99.78265613193476;3.6503712971825135;0
FFF;2013B;535324;M;South Region;Lower Than A Level;0;60;Y;65.0;True;False;False;0.0;0.08333333333333333;0.0;0.0;-3.2677972910927453;1.8691238685556868;0
BBB;2013B;541706;F;Wales;A Level or Equivalent;0;120;N;75.0;True;False;False;0.0;0.6363636363636364;0.0;0.0;29.202568129353843;1.7395621386692814;0
GGG;2014B;550758;F;South West Region;A Level or Equivalent;0;90;Y;85.0;True;False;False;0.0;1.0;0.0;0.0;165.6577380952381;5.173481966751198;0
FFF;2014B;632339;M;North Western Region;A Level or Equivalent;0;60;N;5.0;True;False;False;0.0;1.0;0.0;0.0;106.13089614847925;3.3923208073227817;0
EEE;2013J;587682;M;South West Region;Lower Than A Level;0;60;N;75.0;True;False;False;0.0;1.0;0.0;0.0;78.84838954536703;3.066988920758722;0
FFF;2014B;617010;F;North Western Region;A Level or Equivalent;0;60;N;5.0;True;False;False;0.0;0.0;0.0;0.0;0.0;0.0;1
DDD;2013J;587099;F;East Anglian Region;Lower Than A Level;0;60;Y;95.0;True;False;False;0.0;0.0;0.0;0.0;0.0;0.0;1
DDD;2013J;606082;M;South West Region;Lower Than A Level;0;120;N;35.0;True;False;False;0.0;1.0;1.0;84.0;89.97220565433902;1.4184974417556726;0
DDD;2014B;2162388;M;Scotland;A Level or Equivalent;0;60;N;85.0;True;False;False;0.0;0.3333333333333333;0.0;0.0;30.968358395989974;2.049498746867168;0
GGG;2014B;576416;F;London Region;Lower Than A Level;0;30;N;5.0;True;False;False;0.0;0.0;0.0;0.0;0.0;0.0;1
FFF;2014J;1514245;M;East Midlands Region;Lower Than A Level;1;90;N;5.0;False;True;False;0.0;0.0;0.0;0.0;0.0;0.0;1
BBB;2014B;604267;F;East Anglian Region;A Level or Equivalent;0;120;N;85.0;True;False;False;0.0;0.0;0.0;0.0;0.0;0.0;1
GGG;2014J;642181;M;Yorkshire Region;Lower Than A Level;0;30;N;65.0;False;True;False;0.0;0.8888888888888888;0.0;0.0;95.64964919324696;2.2296137809962695;0
DDD;2013J;577652;F;London Region;Lower Than A Level;0;90;N;75.0;True;False;False;0.0;0.0;0.0;0.0;0.0;0.0;1
BBB;2013J;610745;F;East Anglian Region;A Level or Equivalent;0;60;N;95.0;False;True;False;0.0;1.0;0.0;0.0;91.65122269626346;1.858371816727795;0
GGG;2014J;695913;F;South Region;Lower Than A Level;0;30;N;25.0;True;False;False;0.0;0.8888888888888888;0.0;0.0;124.53324744544283;2.9245390605737245;0
AAA;2014J;626240;M;South Region;HE Qualification;0;120;N;35.0;True;False;False;0.0;0.8;0.0;0.0;129.71713104528322;2.3723649267399267;0
GGG;2014J;677551;F;West Midlands Region;Lower Than A Level;0;30;N;95.0;True;False;False;0.0;0.0;0.0;0.0;0.0;0.0;1
EEE;2013J;573214;M;South West Region;HE Qualification;0;60;N;65.0;True;False;False;0.0;1.0;0.0;0.0;96.36996322792537;3.115468351286955;0
GGG;2014J;679327;F;South Region;Lower Than A Level;0;30;N;25.0;True;False;False;0.0;1.0;0.0;0.0;123.03846389426177;2.707474210186976;0
CCC;2014J;109577;M;North Western Region;A Level or Equivalent;0;120;N;75.0;True;False;False;0.0;0.625;1.0;26.0;114.9754613385315;3.863868188990996;0
FFF;2014J;484494;M;South West Region;Lower Than A Level;0;120;N;65.0;True;False;False;0.0;0.0;0.0;0.0;0.0;0.0;1
CCC;2014J;687216;M;Yorkshire Region;HE Qualification;0;30;N;85.0;False;False;True;0.0;1.0;1.0;96.0;133.75772039707135;2.4471793786331086;0
GGG;2014J;692828;F;South Region;Lower Than A Level;0;30;N;45.0;False;True;False;0.0;1.0;0.0;0.0;103.45731698856699;4.437465312465313;0
AAA;2014J;2642616;F;Yorkshire Region;A Level or Equivalent;0;90;N;25.0;False;True;False;0.0;1.0;0.0;0.0;107.98391577984508;2.1909477964726096;0
DDD;2014J;502557;M;South West Region;HE Qualification;1;60;N;25.0;True;False;False;0.0;0.0;0.0;0.0;0.0;0.0;1
CCC;2014B;479607;M;Wales;A Level or Equivalent;0;180;N;25.0;False;True;False;0.0;0.125;0.0;0.0;8.686274509803923;2.7135854341736696;0
FFF;2013J;566973;F;North Region;A Level or Equivalent;0;60;N;47.115494568324756;False;True;False;0.0;1.0;0.0;0.0;97.0479524773705;2.3182162693404016;0
DDD;2014J;646006;F;London Region;A Level or Equivalent;0;90;Y;45.0;True;False;False;0.0;0.0;0.0;0.0;0.0;0.0;1
DDD;2014B;609852;M;North Region;HE Qualification;0;60;N;47.115494568324756;False;True;False;0.0;1.0;1.0;84.0;103.60245424217561;1.6555979145595752;0
BBB;2013J;543428;F;West Midlands Region;Lower Than A Level;1;60;N;95.0;False;True;False;0.0;1.0;0.0;0.0;136.22527872142868;2.138395880368402;0
BBB;2014J;595137;F;Yorkshire Region;A Level or Equivalent;1;60;N;95.0;True;False;False;0.0;0.4;0.0;0.0;47.043103448275865;1.4482758620689655;0
DDD;2014B;566240;M;North Western Region;A Level or Equivalent;0;60;N;25.0;False;True;False;0.0;0.8333333333333334;1.0;51.0;99.10432476962222;1.6406616457996432;0
GGG;2013J;577827;F;South West Region;Lower Than A Level;0;90;Y;5.0;False;True;False;0.0;0.7931081264414598;0.0;0.0;65.88636363636364;1.8295454545454546;0
FFF;2014J;656150;M;West Midlands Region;Lower Than A Level;0;120;N;47.115494568324756;True;False;False;0.0;0.0;0.0;0.0;0.0;0.0;1
DDD;2014B;522129;M;North Western Region;A Level or Equivalent;1;120;N;75.0;False;True;False;0.0;0.0;0.0;0.0;0.0;0.0;1
FFF;2013J;512335;M;South West Region;A Level or Equivalent;2;120;N;75.0;False;True;False;0.0;0.0;0.0;0.0;0.0;0.0;1
FFF;2014B;578258;M;South West Region;Lower Than A Level;1;180;N;25.0;True;False;False;0.0;0.0;0.0;0.0;0.0;0.0;0
DDD;2013J;378825;M;South West Region;A Level or Equivalent;0;120;N;25.0;True;False;False;0.0;0.8333333333333334;1.0;56.0;106.95147580624298;1.36397534132436;0
CCC;2014J;2462607;F;East Anglian Region;HE Qualification;0;90;N;45.0;False;True;False;0.0;0.5;1.0;76.0;127.25882414758021;3.5820054965685015;0
CCC;2014J;590676;M;South East Region;No Formal quals;0;60;N;25.0;True;False;False;0.0;0.375;1.0;50.0;129.07817383916728;3.3909867589305405;0
BBB;2013J;345128;F;East Anglian Region;A Level or Equivalent;2;90;N;85.0;True;False;False;0.0;0.9090909090909091;0.0;0.0;110.81166208633212;1.8320117116895067;0
FFF;2013B;560046;F;North Region;Post Graduate Qualification;0;60;N;47.115494568324756;True;False;False;0.0;1.0;0.0;0.0;74.31044300171533;2.5412655464499316;0
BBB;2014J;626660;F;South West Region;Lower Than A Level;0;120;N;55.0;False;True;False;0.0;0.0;0.0;0.0;0.0;0.0;1
CCC;2014J;2078353;M;Scotland;A Level or Equivalent;0;30;N;95.0;False;True;False;0.0;0.5;1.0;40.0;100.59130065002127;2.2199558263254273;0
CCC;2014B;577603;M;North Region;Lower Than A Level;0;120;N;15.0;True;False;False;0.0;0.0;0.0;0.0;0.0;0.0;1
DDD;2014B;347365;M;West Midlands Region;A Level or Equivalent;0;60;N;95.0;False;True;False;0.0;0.16666666666666666;0.0;0.0;0.6989743589743589;1.8208508158508159;0
BBB;2013B;522512;F;Wales;Lower Than A Level;1;120;N;35.0;True;False;False;0.0;0.7314562719968125;0.0;0.0;1.3333333333333333;1.6666666666666667;0
AAA;2014J;335764;F;South East Region;A Level or Equivalent;1;60;N;25.0;True;False;False;0.0;1.0;0.0;0.0;134.41558205751446;2.619632964144853;0
CCC;2014B;587783;M;East Anglian Region;Lower Than A Level;0;120;N;85.0;True;False;False;0.0;1.0;1.0;80.0;95.93892742214922;1.962509975273474;0
DDD;2014B;574909;M;South East Region;A Level or Equivalent;0;60;N;95.0;False;True;False;0.0;1.0;1.0;100.0;100.15003706322884;1.6974450310397504;0
FFF;2013J;606407;M;Yorkshire Region;A Level or Equivalent;0;120;N;5.0;False;True;False;0.0;0.0;0.0;0.0;0.0;0.0;1
CCC;2014B;2394090;F;West Midlands Region;A Level or Equivalent;0;90;N;35.0;True;False;False;0.0;0.0;0.0;0.0;0.0;0.0;1
DDD;2014B;603241;M;North Region;A Level or Equivalent;0;60;N;85.0;True;False;False;0.0;0.0;0.0;0.0;0.0;0.0;1
EEE;2014J;651828;M;Scotland;HE Qualification;0;60;N;65.0;False;True;False;0.0;1.0;0.0;0.0;114.9062925891774;4.126619170974651;0
CCC;2014B;604643;M;West Midlands Region;Lower Than A Level;0;90;N;25.0;True;False;False;0.0;0.0;0.0;0.0;0.0;0.0;1
GGG;2014J;608536;F;East Anglian Region;Lower Than A Level;0;30;N;25.0;False;True;False;0.0;0.8888888888888888;0.0;0.0;105.54537428383581;2.5164952568798724;0
CCC;2014J;330952;M;North Western Region;Lower Than A Level;0;270;N;25.0;False;True;False;0.0;0.0;0.0;0.0;0.0;0.0;1
EEE;2014J;491170;M;London Region;A Level or Equivalent;0;30;N;15.0;True;False;False;0.0;0.75;0.0;0.0;100.39045110625233;3.2245715632125367;0
FFF;2014J;647320;F;Ireland;Lower Than A Level;0;120;N;35.0;True;False;False;0.0;1.0;0.0;0.0;108.16852015554251;3.489413501754009;0
FFF;2013B;537955;M;North Region;HE Qualification;0;120;N;47.115494568324756;True;False;False;0.0;1.0;0.0;0.0;89.49193965763554;3.533068379046276;0
BBB;2013J;593743;F;East Anglian Region;A Level or Equivalent;0;60;N;15.0;True;False;False;0.0;1.0;0.0;0.0;83.52393487828711;2.112678296112844;0
BBB;2013B;444926;F;East Midlands Region;Lower Than A Level;1;180;Y;25.0;True;False;False;0.0;0.9090909090909091;0.0;0.0;116.1324479533939;1.6749425276452303;0
BBB;2013J;585004;F;North Region;Lower Than A Level;0;120;N;15.0;True;False;False;0.0;0.0;0.0;0.0;0.0;0.0;1
DDD;2014J;282498;F;London Region;A Level or Equivalent;0;60;N;75.0;True;False;False;0.0;0.0;0.0;0.0;0.0;0.0;1
EEE;2013J;600869;M;South Region;Lower Than A Level;0;60;N;95.0;True;False;False;0.0;0.75;0.0;0.0;87.6112380952381;4.708571428571429;0
FFF;2014J;2278101;F;London Region;HE Qualification;0;60;N;35.0;False;True;False;0.0;1.0;0.0;0.0;139.40800650615208;4.569379524813064;0
BBB;2014J;651415;F;Yorkshire Region;A Level or Equivalent;0;120;N;65.0;True;False;False;0.0;1.0;0.0;0.0;101.28877152712937;2.3853958952674303;0
FFF;2014J;636656;M;East Anglian Region;A Level or Equivalent;0;120;N;25.0;True;False;False;0.0;1.0;0.0;0.0;92.07893426615648;4.525560423338201;0
EEE;2014J;635564;M;North Western Region;Lower Than A Level;0;60;N;85.0;True;False;False;0.0;1.0;0.0;0.0;98.63802178466936;3.9771590820390332;0
FFF;2013B;2507271;M;South West Region;Lower Than A Level;0;60;N;35.0;True;False;False;0.0;0.0;0.0;0.0;0.0;0.0;1
DDD;2013B;526699;F;South Region;Lower Than A Level;1;120;Y;35.0;True;False;False;0.0;0.0;0.0;0.0;0.0;0.0;1
CCC;2014J;679363;M;Scotland;Lower Than A Level;0;60;N;45.0;False;True;False;0.0;0.25;0.0;0.0;13.405844155844157;2.3739177489177488;0
FFF;2013B;526356;M;Yorkshire Region;A Level or Equivalent;1;150;N;5.0;True;False;False;0.0;0.0;0.0;0.0;0.0;0.0;1
BBB;2013B;2380539;F;East Midlands Region;No Formal quals;0;60;N;5.0;True;False;False;0.0;0.9090909090909091;0.0;0.0;89.12100928273364;1.3950507444421656;0
DDD;2014B;617350;M;South East Region;Lower Than A Level;0;90;N;55.0;True;False;False;0.0;0.0;0.0;0.0;0.0;0.0;1
CCC;2014J;169297;M;Scotland;A Level or Equivalent;0;60;N;85.0;True;False;False;0.0;0.0;0.0;0.0;0.0;0.0;1
CCC;2014J;511612;M;East Midlands Region;Lower Than A Level;0;90;N;75.0;True;False;False;0.0;0.0;0.0;0.0;0.0;0.0;1
DDD;2013B;366024;M;South East Region;Lower Than A Level;0;90;N;85.0;True;False;False;0.0;0.5384615384615384;1.0;29.0;53.26653555765567;1.3543502510279204;0
CCC;2014B;600632;M;South Region;Lower Than A Level;0;180;N;45.0;True;False;False;0.0;0.5;1.0;90.0;114.78382723176654;2.379871907886021;0
BBB;2014J;686688;F;West Midlands Region;Lower Than A Level;0;60;N;45.0;False;True;False;0.0;0.0;0.0;0.0;0.0;0.0;1
EEE;2014J;650164;M;Scotland;HE Qualification;0;30;N;95.0;True;False;False;0.0;1.0;0.0;0.0;111.54225103992053;4.778328263074026;0
BBB;2014B;623168;F;East Midlands Region;HE Qualification;0;120;N;35.0;True;False;False;0.0;1.0;0.0;0.0;125.60016009687142;1.715134502506945;0
BBB;2013B;533347;F;Wales;Lower Than A Level;0;60;N;75.0;True;False;False;0.0;0.9090909090909091;0.0;0.0;83.69510739395812;2.0132027608230962;0
FFF;2013B;189720;M;Ireland;Lower Than A Level;1;120;N;47.115494568324756;True;False;False;0.0;0.25;0.0;0.0;65.98482868757259;2.4533972125435537;0
AAA;2013J;2437837;F;North Region;A Level or Equivalent;0;60;N;35.0;True;False;False;0.0;1.0;0.0;0.0;125.50873117271978;4.6164843038684245;0
BBB;2014B;446296;F;Wales;Lower Than A Level;2;180;N;25.0;True;False;False;0.0;0.45454545454545453;0.0;0.0;50.0940170940171;1.6001221001221002;0
FFF;2013J;593157;F;Ireland;Lower Than A Level;0;60;N;47.115494568324756;False;True;False;0.0;0.0;0.0;0.0;0.0;0.0;1
FFF;2014B;195515;F;London Region;A Level or Equivalent;0;120;N;65.0;True;False;False;0.0;1.0;0.0;0.0;123.69858343674574;3.741400202062846;0
CCC;2014J;586808;M;West Midlands Region;Lower Than A Level;0;60;N;5.0;True;False;False;0.0;1.0;1.0;56.0;145.8974483312389;2.4940847957167174;0
BBB;2013J;528204;F;North Western Region;Lower Than A Level;0;60;N;5.0;True;False;False;0.0;0.0;0.0;0.0;0.0;0.0;1
GGG;2014J;614798;F;Scotland;Lower Than A Level;0;30;N;65.0;True;False;False;0.0;1.0;0.0;0.0;150.79021223874165;3.7892884076707607;0
FFF;2013J;1455474;M;Wales;Lower Than A Level;0;60;N;15.0;False;True;False;0.0;0.0;0.0;0.0;8.385714285714286;3.3155462184873947;0
AAA;2014J;2470694;F;Scotland;HE Qualification;1;60;N;55.0;False;False;True;0.0;0.2;0.0;0.0;88.10732076343139;2.7050197204264768;0
FFF;2014B;108822;M;South Region;Lower Than A Level;0;60;N;85.0;False;True;False;0.0;1.0;0.0;0.0;94.9380578008762;3.806764184990077;0
FFF;2014B;612880;M;South West Region;Lower Than A Level;0;60;N;55.0;True;False;False;0.0;0.0;0.0;0.0;0.0;0.0;1
FFF;2014J;696347;F;South East Region;Lower Than A Level;0;60;N;55.0;True;False;False;0.0;1.0;0.0;0.0;106.10536849359666;3.95289696567746;0
BBB;2013B;34229;F;Ireland;A Level or Equivalent;2;120;N;5.0;False;True;False;0.0;0.8181818181818182;0.0;0.0;91.36800910200911;1.8002979797979797;0
DDD;2014J;681695;F;South East Region;Lower Than A Level;0;120;N;15.0;True;False;False;0.0;0.0;0.0;0.0;0.0;0.0;1
GGG;2013J;566963;F;London Region;A Level or Equivalent;0;30;Y;25.0;True;False;False;0.0;1.0;0.0;0.0;155.08478896103895;3.2265021645021648;0
DDD;2013J;596731;M;Yorkshire Region;A Level or Equivalent;0;90;N;35.0;True;False;False;0.0;0.8333333333333334;1.0;64.0;72.03184456109665;1.3702907896588683;0
CCC;2014J;684511;M;West Midlands Region;Lower Than A Level;0;90;N;5.0;True;False;False;0.0;0.0;0.0;0.0;0.0;0.0;1
DDD;2014J;645906;M;Yorkshire Region;Lower Than A Level;0;240;Y;15.0;True;False;False;0.0;0.0;0.0;0.0;0.0;0.0;1
DDD;2013J;581320;M;Scotland;HE Qualification;0;120;N;5.0;True;False;False;0.0;0.0;0.0;0.0;0.0;0.0;1
DDD;2014J;300057;M;East Anglian Region;A Level or Equivalent;0;60;N;95.0;True;False;False;0.0;0.5;0.0;0.0;13.003877314814815;1.3976273148148148;0
BBB;2014J;678585;F;North Region;Lower Than A Level;0;60;N;25.0;True;False;False;0.0;0.0;0.0;0.0;0.0;0.0;1
FFF;2014J;2521574;M;East Midlands Region;Lower Than A Level;0;150;N;35.0;True;False;False;0.0;0.0;0.0;0.0;0.0;0.0;1
FFF;2013B;422061;M;South Region;HE Qualification;0;90;N;95.0;True;False;False;0.0;1.0;0.0;0.0;122.83286077130417;4.32075932453291;0
FFF;2013J;558484;M;South Region;A Level or Equivalent;0;60;N;95.0;True;False;False;0.0;1.0;0.0;0.0;97.93663837039598;4.784107092675203;0
AAA;2013J;704156;M;South Region;HE Qualification;0;120;N;95.0;False;False;True;0.0;1.0;0.0;0.0;111.97190880853185;5.015365978365227;0
FFF;2013B;157308;F;South West Region;HE Qualification;0;180;N;35.0;True;False;False;0.0;0.9166666666666666;0.0;0.0;72.14393792167654;4.565542194098633;0
BBB;2014B;545160;F;Scotland;Lower Than A Level;2;180;N;55.0;True;False;False;0.0;0.0;0.0;0.0;0.0;0.0;1
CCC;2014B;2049668;F;North Western Region;HE Qualification;0;90;N;75.0;False;True;False;0.0;1.0;1.0;54.0;142.33745100515893;2.5863254736023498;0
CCC;2014J;683668;F;Ireland;Post Graduate Qualification;0;90;N;47.115494568324756;True;False;False;0.0;1.0;1.0;96.0;129.8955705172512;2.6157610689963633;0
GGG;2014B;64901;M;London Region;Lower Than A Level;0;30;N;15.0;False;True;False;0.0;0.8888888888888888;0.0;0.0;128.04732055715692;3.0446505868448055;0
DDD;2013B;196266;F;Scotland;Lower Than A Level;0;240;N;15.0;True;False;False;0.0;0.15384615384615385;0.0;0.0;55.08712033833141;1.3057477893118032;0
CCC;2014B;368483;M;North Western Region;HE Qualification;0;60;N;5.0;True;False;False;0.0;0.0;0.0;0.0;0.0;0.0;1
EEE;2014J;525217;M;South Region;Lower Than A Level;0;60;N;95.0;True;False;False;0.0;1.0;0.0;0.0;107.19804434159452;4.625367737542065;0
DDD;2013J;2569416;M;South Region;A Level or Equivalent;1;90;N;85.0;False;True;False;0.0;0.6666666666666666;1.0;91.0;70.04167399776956;1.2857056839115342;0
FFF;2013J;578259;M;East Midlands Region;A Level or Equivalent;0;120;N;85.0;True;False;False;0.0;0.0;0.0;0.0;0.0;0.0;1
BBB;2013B;2483179;F;Wales;Lower Than A Level;0;60;N;45.0;True;False;False;0.0;1.0;0.0;0.0;123.56580111671279;1.7441970410298415;0
CCC;2014J;623523;M;North Western Region;A Level or Equivalent;0;90;N;55.0;False;True;False;0.0;0.0;0.0;0.0;0.0;0.0;1
DDD;2013J;2204293;F;Scotland;Lower Than A Level;0;120;N;55.0;False;True;False;0.0;0.8333333333333334;1.0;58.0;85.2058943523208;1.7876098011658206;0
DDD;2013J;610830;F;Wales;Lower Than A Level;0;60;N;85.0;True;False;False;0.0;0.0;0.0;0.0;0.0;0.0;1
FFF;2013B;1766303;F;West Midlands Region;A Level or Equivalent;0;60;N;75.0;False;True;False;0.0;0.0;0.0;0.0;0.0;0.0;1
GGG;2014B;233461;F;Yorkshire Region;A Level or Equivalent;0;30;N;5.0;True;False;False;0.0;0.0;0.0;0.0;0.0;0.0;0
DDD;2014B;380681;M;London Region;HE Qualification;0;60;N;15.0;True;False;False;0.0;0.0;0.0;0.0;0.0;0.0;1
FFF;2013B;111775;M;Ireland;HE Qualification;1;60;N;47.115494568324756;False;True;False;0.0;1.0;0.0;0.0;83.10071889870878;2.7732854110936587;0
DDD;2014J;691640;M;East Midlands Region;Lower Than A Level;0;60;N;95.0;True;False;False;0.0;0.0;0.0;0.0;0.0;0.0;1
BBB;2013B;523156;F;North Region;A Level or Equivalent;0;60;N;65.0;True;False;False;0.0;0.0;0.0;0.0;0.0;0.0;1
FFF;2013J;596687;M;North Region;HE Qualification;0;120;N;47.115494568324756;True;False;False;0.0;1.0;0.0;0.0;132.0255722613739;3.9258568175763227;0
DDD;2014B;2305957;F;North Western Region;HE Qualification;1;150;N;5.0;True;False;False;0.0;0.0;0.0;0.0;0.0;0.0;1
DDD;2014J;563710;M;South Region;Lower Than A Level;0;60;N;65.0;True;False;False;0.0;0.0;0.0;0.0;0.0;0.0;1
DDD;2014B;613466;M;Wales;HE Qualification;0;60;N;75.0;False;True;False;0.0;1.0;1.0;84.0;97.1337392962709;1.5130665366446459;0
GGG;2013J;607018;F;Yorkshire Region;Lower Than A Level;0;30;N;55.0;True;False;False;0.0;0.6666666666666666;0.0;0.0;106.8107142857143;2.274175824175824;0
BBB;2013B;2570633;F;London Region;Lower Than A Level;0;240;N;35.0;False;True;False;0.0;0.0;0.0;0.0;0.0;0.0;1
FFF;2014J;692189;M;North Western Region;Lower Than A Level;0;60;N;95.0;True;False;False;0.0;0.0;0.0;0.0;0.0;0.0;1
DDD;2013J;1464932;F;East Midlands Region;Lower Than A Level;0;60;N;15.0;False;True;False;0.0;0.0;0.0;0.0;0.0;0.0;1
BBB;2014B;617146;F;Wales;Lower Than A Level;0;60;N;25.0;True;False;False;0.0;0.2727272727272727;0.0;0.0;24.843984962406015;1.8194444444444444;0
GGG;2014B;620490;F;South East Region;Lower Than A Level;0;30;N;95.0;True;False;False;0.0;1.0;0.0;0.0;159.3101851851852;1.9992236024844723;0
EEE;2013J;406549;M;South Region;Lower Than A Level;0;60;Y;35.0;False;True;False;0.0;1.0;0.0;0.0;101.17833084313347;3.8422729036595435;0
FFF;2014B;484292;M;South Region;Lower Than A Level;2;120;N;95.0;True;False;False;0.0;0.0;0.0;0.0;0.0;0.0;1
FFF;2014J;687910;M;East Anglian Region;Lower Than A Level;0;60;N;95.0;True;False;False;0.0;1.0;0.0;0.0;113.64457303186887;2.8998568457808838;0
EEE;2013J;365405;M;Scotland;A Level or Equivalent;0;30;N;55.0;False;True;False;0.0;0.8558041112454655;0.0;0.0;6.666666666666667;1.6666666666666667;0
GGG;2013J;573510;M;South West Region;Lower Than A Level;0;30;N;85.0;True;False;False;0.0;0.0;0.0;0.0;0.0;0.0;0
FFF;2013J;573152;M;Yorkshire Region;A Level or Equivalent;0;60;N;25.0;True;False;False;0.0;0.8333333333333334;0.0;0.0;110.45869746256136;4.703173518138916;0
EEE;2014B;444197;M;South Region;A Level or Equivalent;0;30;N;95.0;True;False;False;0.0;1.0;0.0;0.0;99.03135101120904;2.78195709118513;0
CCC;2014J;656954;M;North Western Region;Lower Than A Level;0;90;N;75.0;True;False;False;0.0;0.0;0.0;0.0;0.0;0.0;1
DDD;2014B;385947;M;Ireland;A Level or Equivalent;0;60;N;75.0;True;False;False;0.0;0.0;0.0;0.0;0.0;0.0;1
CCC;2014J;597365;M;North Western Region;A Level or Equivalent;0;60;N;5.0;False;True;False;0.0;1.0;1.0;78.0;81.87422033601325;2.0388783390546203;0
DDD;2013B;540530;F;North Western Region;Lower Than A Level;0;120;N;5.0;False;True;False;0.0;0.0;0.0;0.0;0.0;0.0;1
FFF;2013J;597715;M;North Western Region;Lower Than A Level;0;60;N;25.0;False;True;False;0.0;1.0;0.0;0.0;101.92997841636284;5.56238401314765;0
BBB;2014J;565182;F;Scotland;A Level or Equivalent;1;60;N;65.0;False;True;False;0.0;1.0;0.0;0.0;85.15979773814702;2.0483539427080095;0
DDD;2014J;136135;M;East Anglian Region;A Level or Equivalent;2;90;N;65.0;True;False;False;0.0;1.0;1.0;42.0;136.3415622757395;2.95231264060378;0
DDD;2014J;352954;F;South East Region;A Level or Equivalent;0;120;N;25.0;False;True;False;0.0;0.0;0.0;0.0;0.0;0.0;1
FFF;2013J;544289;M;North Region;HE Qualification;1;90;N;47.115494568324756;True;False;False;0.0;0.9166666666666666;0.0;0.0;57.31272266677422;2.6964770349781695;0
FFF;2013B;65656;M;West Midlands Region;A Level or Equivalent;0;150;N;5.0;False;True;False;0.0;0.9166666666666666;0.0;0.0;138.32995816344726;5.52330160753058;0
BBB;2014B;633865;F;Yorkshire Region;HE Qualification;0;60;N;15.0;True;False;False;0.0;0.09090909090909091;0.0;0.0;7.409375;1.7083333333333333;0
CCC;2014J;636783;M;North Region;HE Qualification;0;150;N;45.0;True;False;False;0.0;1.0;1.0;98.0;103.68230775152776;2.568998858531145;0
EEE;2014B;1683692;M;West Midlands Region;A Level or Equivalent;0;60;N;45.0;False;True;False;0.0;0.0;0.0;0.0;0.0;0.0;1
FFF;2013B;552374;M;South West Region;Lower Than A Level;0;60;Y;85.0;True;False;False;0.0;1.0;0.0;0.0;85.98972607564359;5.557166607901903;0
FFF;2014J;442347;M;South West Region;Lower Than A Level;1;120;Y;85.0;True;False;False;0.0;0.0;0.0;0.0;0.0;0.0;1
BBB;2014B;525027;F;South East Region;A Level or Equivalent;0;60;N;35.0;False;True;False;0.0;0.0;0.0;0.0;0.0;0.0;1
CCC;2014B;529025;M;South Region;A Level or Equivalent;0;60;N;35.0;False;True;False;0.0;1.0;1.0;80.0;97.8468805966926;1.8746187477361191;0
FFF;2013J;601184;M;North Western Region;A Level or Equivalent;0;60;N;15.0;True;False;False;0.0;0.25;0.0;0.0;64.44146756021756;2.6310314685314684;0
BBB;2014J;594083;M;Yorkshire Region;Lower Than A Level;0;240;N;5.0;True;False;False;0.0;1.0;0.0;0.0;78.15379568884723;3.329553264604811;0
EEE;2013J;596321;F;North Western Region;A Level or Equivalent;0;60;N;75.0;True;False;False;0.0;0.0;0.0;0.0;0.0;0.0;1
FFF;2014B;629693;M;London Region;A Level or Equivalent;0;120;N;35.0;True;False;False;0.0;1.0;0.0;0.0;111.76753981242445;3.7476232163149;0
GGG;2013J;600305;F;East Midlands Region;A Level or Equivalent;0;30;N;15.0;True;False;False;0.0;1.0;0.0;0.0;121.76608496386392;2.6223779305482107;0
FFF;2013J;284636;M;Scotland;Lower Than A Level;0;60;N;25.0;True;False;False;0.0;0.7045980078263963;0.0;0.0;7.069747899159664;2.3071293902176255;0
DDD;2013J;597560;M;East Midlands Region;Lower Than A Level;0;120;N;65.0;False;True;False;0.0;0.8333333333333334;1.0;58.0;82.71670693346466;1.4216731936679605;0
CCC;2014B;135330;M;Scotland;HE Qualification;0;60;N;95.0;False;True;False;0.0;0.25;0.0;0.0;6.601190476190476;1.894642857142857;0
BBB;2013J;304069;F;South East Region;A Level or Equivalent;0;90;N;75.0;False;True;False;0.0;0.0;0.0;0.0;0.0;0.0;1
BBB;2013J;607778;F;East Midlands Region;A Level or Equivalent;0;60;N;15.0;True;False;False;0.0;1.0;0.0;0.0;135.60665643205795;1.8931692421890816;0
FFF;2014B;621675;M;South Region;Lower Than A Level;0;120;N;5.0;True;False;False;0.0;0.0;0.0;0.0;0.0;0.0;1
BBB;2014B;1877634;F;Wales;HE Qualification;0;60;N;85.0;False;True;False;0.0;1.0;0.0;0.0;69.24524616600863;2.979653324744532;0
DDD;2014J;1774297;M;North Western Region;HE Qualification;0;120;N;25.0;False;True;False;0.0;0.8333333333333334;1.0;73.0;72.69948836187966;1.5080720245937635;0
BBB;2013B;528250;F;Wales;A Level or Equivalent;0;60;N;45.0;True;False;False;0.0;1.0;0.0;0.0;116.13104795869137;1.3211434756002445;0
DDD;2014J;563453;M;East Midlands Region;Lower Than A Level;0;60;N;75.0;False;True;False;0.0;1.0;1.0;60.0;114.18734229898199;1.6618643580588675;0
DDD;2014B;610261;M;Wales;Lower Than A Level;0;60;N;85.0;True;False;False;0.0;0.6337579617834395;0.554140127388535;38.28768577494692;-7.666666666666667;1.3333333333333333;0
EEE;2013J;390029;M;Wales;A Level or Equivalent;0;120;N;35.0;True;False;False;0.0;1.0;0.0;0.0;113.13517041739446;3.382446002544133;0
BBB;2013B;488929;F;South East Region;Lower Than A Level;0;60;Y;25.0;True;False;False;0.0;0.0;0.0;0.0;0.0;0.0;1
DDD;2014J;577520;M;South Region;Lower Than A Level;0;60;N;85.0;True;False;False;0.0;1.0;1.0;78.0;153.5164185051581;1.436781205179027;0
CCC;2014B;359114;F;Yorkshire Region;A Level or Equivalent;0;60;Y;5.0;True;False;False;0.0;1.0;1.0;68.0;94.84942222478779;2.2868794805823107;0
AAA;2013J;183947;M;London Region;A Level or Equivalent;0;180;N;15.0;True;False;False;67.0;0.8;0.0;0.0;131.04809536055302;2.848661709943852;0
FFF;2013B;553155;M;South West Region;HE Qualification;0;90;N;85.0;False;True;False;0.0;1.0;0.0;0.0;86.22694547417996;3.493402920968438;0
CCC;2014J;441024;F;South Region;HE Qualification;0;30;N;75.0;True;False;False;0.0;0.0;0.0;0.0;0.0;0.0;1
FFF;2013B;519715;M;Scotland;A Level or Equivalent;1;120;N;55.0;True;False;False;0.0;1.0;0.0;0.0;107.52456895028371;3.1847292238250247;0
EEE;2014B;575473;F;Scotland;HE Qualification;0;60;Y;95.0;True;False;False;0.0;0.75;0.0;0.0;89.55810810810812;5.270765765765766;0
FFF;2014B;623568;F;East Midlands Region;Lower Than A Level;0;60;N;15.0;True;False;False;0.0;0.0;0.0;0.0;0.0;0.0;1
BBB;2013J;2211448;F;London Region;Lower Than A Level;1;120;N;35.0;True;False;False;0.0;0.7538543328017012;0.0;0.0;-2.2055555555555553;1.327777777777778;0
FFF;2014J;591946;M;Wales;A Level or Equivalent;1;90;N;15.0;True;False;False;0.0;1.0;0.0;0.0;104.56452080788264;4.3623753056713515;0
EEE;2013J;582170;M;West Midlands Region;A Level or Equivalent;0;60;N;15.0;True;False;False;0.0;0.0;0.0;0.0;0.0;0.0;1
AAA;2013J;2062879;F;East Anglian Region;A Level or Equivalent;0;60;N;65.0;True;False;False;0.0;1.0;0.0;0.0;106.38470911350805;3.8083485380302196;0
DDD;2013B;513773;F;London Region;HE Qualification;0;90;N;75.0;True;False;False;0.0;0.6153846153846154;1.0;49.0;83.97840032788048;1.6724698715483215;0
CCC;2014J;598102;M;London Region;HE Qualification;0;60;N;5.0;True;False;False;0.0;0.75;1.0;58.0;112.62460989515236;2.6494155322881463;0
BBB;2013B;559611;F;East Anglian Region;A Level or Equivalent;0;60;N;45.0;True;False;False;0.0;1.0;0.0;0.0;98.70825849208263;1.8910692789968653;0
DDD;2013J;525189;M;East Midlands Region;Lower Than A Level;1;60;N;95.0;True;False;False;0.0;0.0;0.0;0.0;0.0;0.0;1
FFF;2013J;590815;M;North Region;A Level or Equivalent;0;120;N;5.0;True;False;False;0.0;0.0;0.0;0.0;0.0;0.0;1
FFF;2014B;601678;M;East Midlands Region;Lower Than A Level;1;120;N;35.0;True;False;False;0.0;0.0;0.0;0.0;0.0;0.0;1
BBB;2013J;606194;F;South East Region;A Level or Equivalent;0;120;N;95.0;False;True;False;0.0;0.9090909090909091;0.0;0.0;98.54414581770375;1.8200499524562483;0
FFF;2013J;599104;M;Scotland;HE Qualification;0;120;N;45.0;True;False;False;0.0;1.0;0.0;0.0;115.45963404838126;2.588819216078484;0
BBB;2014B;481947;F;West Midlands Region;Lower Than A Level;0;180;N;55.0;True;False;False;0.0;0.09090909090909091;0.0;0.0;3.04047619047619;2.0309523809523813;0
DDD;2013B;554995;M;North Region;A Level or Equivalent;0;150;N;47.115494568324756;True;False;False;0.0;0.7692307692307693;1.0;73.0;85.87028391741865;1.5794049681154247;0
CCC;2014B;608904;M;North Region;Post Graduate Qualification;0;90;N;47.115494568324756;False;True;False;0.0;1.0;1.0;96.0;104.30591614895914;2.7043286916703204;0
BBB;2013J;608564;F;London Region;A Level or Equivalent;0;60;N;15.0;True;False;False;0.0;0.5454545454545454;0.0;0.0;57.48571428571428;2.919047619047619;0
EEE;2013J;146974;F;London Region;A Level or Equivalent;0;90;N;15.0;True;False;False;0.0;1.0;0.0;0.0;128.99963867885646;2.9864541984811614;0
EEE;2014J;686708;F;South East Region;A Level or Equivalent;0;60;N;5.0;True;False;False;0.0;1.0;0.0;0.0;93.97158465304697;3.77980803031979;0
BBB;2014B;342017;F;West Midlands Region;Lower Than A Level;1;60;N;5.0;True;False;False;0.0;0.36363636363636365;0.0;0.0;81.18543301936158;1.6717490842490843;0
EEE;2014J;162210;M;North Western Region;Lower Than A Level;0;90;N;75.0;False;True;False;0.0;1.0;0.0;0.0;76.9526046611948;3.4586800158446405;0
GGG;2013J;587004;F;East Anglian Region;Lower Than A Level;0;30;N;55.0;True;False;False;0.0;1.0;0.0;0.0;130.58727791133452;2.1124701704890385;0
FFF;2014B;509292;M;West Midlands Region;Lower Than A Level;0;90;Y;25.0;False;True;False;0.0;0.0;0.0;0.0;0.0;0.0;1
CCC;2014J;597052;F;East Anglian Region;A Level or Equivalent;0;90;Y;35.0;False;True;False;0.0;1.0;1.0;74.0;112.21171963253887;2.9041656872996024;0
CCC;2014B;507388;M;North Western Region;HE Qualification;0;30;N;55.0;False;True;False;0.0;0.0;0.0;0.0;0.0;0.0;1
DDD;2013J;509929;M;Scotland;Post Graduate Qualification;0;60;N;85.0;False;True;False;0.0;1.0;1.0;60.0;83.79506777674742;1.64496362675259;0
FFF;2014J;697554;M;London Region;A Level or Equivalent;0;240;N;35.0;True;False;False;0.0;0.0;0.0;0.0;0.0;0.0;1
DDD;2014J;635071;F;London Region;No Formal quals;0;120;N;25.0;True;False;False;0.0;0.0;0.0;0.0;0.0;0.0;1
CCC;2014J;646351;F;Wales;A Level or Equivalent;0;90;N;45.0;False;True;False;0.0;1.0;1.0;100.0;92.88763796249141;2.3705380632703026;0
EEE;2014J;575066;M;South West Region;A Level or Equivalent;0;90;N;95.0;True;False;False;0.0;1.0;0.0;0.0;100.6498337425919;3.7518188890534936;0
DDD;2014J;647614;M;North Western Region;HE Qualification;0;120;N;65.0;True;False;False;0.0;0.0;0.0;0.0;0.0;0.0;1
DDD;2013B;542476;F;West Midlands Region;HE Qualification;0;60;N;75.0;True;False;False;0.0;0.0;0.0;0.0;0.0;0.0;1
BBB;2014B;597316;F;North Western Region;Lower Than A Level;0;120;Y;45.0;True;False;False;0.0;0.9090909090909091;0.0;0.0;76.68024364830431;2.0511858885525043;0
BBB;2013B;557145;F;South West Region;A Level or Equivalent;0;60;N;45.0;False;True;False;0.0;0.9090909090909091;0.0;0.0;56.86554120753847;1.794309942223759;0
GGG;2013J;1953764;F;North Region;A Level or Equivalent;0;30;N;45.0;False;True;False;0.0;0.0;0.0;0.0;0.0;0.0;0
BBB;2013J;564626;M;London Region;A Level or Equivalent;0;60;N;85.0;True;False;False;0.0;0.8181818181818182;0.0;0.0;79.26006944444444;1.5205357142857143;0
BBB;2013J;595388;F;London Region;HE Qualification;0;60;N;25.0;False;True;False;0.0;0.0;0.0;0.0;0.0;0.0;1
EEE;2013J;586621;M;West Midlands Region;A Level or Equivalent;0;60;N;65.0;True;False;False;0.0;1.0;0.0;0.0;88.8724506445632;4.337456765992979;0
GGG;2013J;590662;F;East Midlands Region;A Level or Equivalent;0;30;N;85.0;True;False;False;0.0;0.4444444444444444;0.0;0.0;56.90975327606152;3.017515313572661;0
CCC;2014B;628090;M;Yorkshire Region;HE Qualification;0;30;N;45.0;True;False;False;0.0;0.375;0.0;0.0;39.001095219232475;2.5528048930009715;0
EEE;2014J;654676;M;North Western Region;A Level or Equivalent;0;60;N;5.0;True;False;False;0.0;1.0;0.0;0.0;89.95899777585767;4.084885089788604;0
AAA;2013J;2639641;M;South East Region;Lower Than A Level;0;120;N;35.0;False;True;False;0.0;1.0;0.0;0.0;104.14025964223158;4.268467697970536;0
DDD;2013B;525762;F;Wales;Lower Than A Level;0;60;N;55.0;True;False;False;0.0;0.0;0.0;0.0;0.0;0.0;1
CCC;2014B;388538;M;East Anglian Region;HE Qualification;0;30;N;75.0;True;False;False;0.0;0.5;1.0;84.0;111.36428600386985;3.993349208532514;0
DDD;2014J;638131;M;North Western Region;A Level or Equivalent;0;90;N;45.0;True;False;False;0.0;0.5;0.0;0.0;28.457635467980296;1.4430623973727421;0
BBB;2014B;1719114;F;London Region;Lower Than A Level;0;60;N;45.0;False;True;False;0.0;1.0;0.0;0.0;115.96485147681031;3.0976402279219557;0
CCC;2014B;1311171;M;South Region;A Level or Equivalent;0;60;N;85.0;False;True;False;0.0;1.0;1.0;86.0;134.37773180575854;1.9543279356225693;0
DDD;2013B;147307;M;Yorkshire Region;Lower Than A Level;1;60;N;85.0;False;True;False;0.0;0.0;0.0;0.0;0.0;0.0;1
FFF;2014B;620277;F;Ireland;A Level or Equivalent;0;75;N;35.0;True;False;False;0.0;0.4166666666666667;0.0;0.0;83.84314230844392;2.405572451728572;0
BBB;2014B;296232;F;South West Region;A Level or Equivalent;0;60;N;85.0;True;False;False;0.0;0.9090909090909091;0.0;0.0;59.66258954135666;1.9336361507594386;0
BBB;2014J;606531;F;London Region;HE Qualification;0;120;Y;25.0;True;False;False;0.0;0.2;0.0;0.0;20.25;1.0;0
EEE;2013J;575553;M;Ireland;A Level or Equivalent;0;30;N;95.0;True;False;False;0.0;1.0;0.0;0.0;95.97357898306964;4.340928102714952;0
DDD;2014J;652318;M;Scotland;A Level or Equivalent;0;60;N;25.0;False;True;False;0.0;1.0;1.0;87.0;116.81824960085771;1.8881027238172552;0
CCC;2014J;483858;F;Scotland;A Level or Equivalent;0;60;N;75.0;True;False;False;0.0;0.75;1.0;70.0;100.7859633595144;2.097215388571834;0
FFF;2014J;2223401;M;South Region;A Level or Equivalent;0;120;N;55.0;False;True;False;0.0;0.0;0.0;0.0;0.0;0.0;1
BBB;2014B;444221;F;Scotland;A Level or Equivalent;0;60;N;45.0;True;False;False;0.0;0.0;0.0;0.0;0.0;0.0;1
GGG;2014J;439170;M;South East Region;Lower Than A Level;0;30;Y;35.0;True;False;False;0.0;1.0;0.0;0.0;151.1037037037037;3.7231576448243118;0
GGG;2013J;589702;F;Yorkshire Region;Lower Than A Level;0;30;N;5.0;True;False;False;0.0;0.8888888888888888;0.0;0.0;88.78421574770259;2.7620405179615704;0
FFF;2013B;1510285;M;East Anglian Region;Lower Than A Level;0;60;N;75.0;False;True;False;0.0;1.0;0.0;0.0;95.79091124964953;3.5107386632530675;0
GGG;2014B;617889;F;South West Region;Lower Than A Level;0;30;N;47.115494568324756;True;False;False;0.0;0.1111111111111111;0.0;0.0;9.795833333333333;1.461111111111111;0
CCC;2014J;629822;M;East Anglian Region;Lower Than A Level;0;60;Y;85.0;True;False;False;0.0;0.0;0.0;0.0;0.0;0.0;1
FFF;2014B;99670;F;North Western Region;Lower Than A Level;0;90;N;5.0;True;False;False;0.0;0.6666666666666666;0.0;0.0;68.03986103454808;2.9606308628006555;0
CCC;2014B;632459;M;London Region;A Level or Equivalent;0;60;N;95.0;True;False;False;0.0;0.75;1.0;56.0;91.30595004351525;2.048620805925154;0
CCC;2014J;574590;M;South West Region;A Level or Equivalent;0;60;N;75.0;True;False;False;0.0;1.0;1.0;50.0;86.06703292097545;2.367929510882716;0
DDD;2014B;2301511;F;London Region;Lower Than A Level;0;60;N;25.0;False;True;False;0.0;0.3333333333333333;0.0;0.0;64.97582831661093;1.6595099538143017;0
CCC;2014J;587008;M;South Region;A Level or Equivalent;0;60;N;75.0;True;False;False;0.0;0.625;1.0;80.0;115.59189541239547;2.6850135390598613;0
FFF;2014B;597234;M;Yorkshire Region;Lower Than A Level;0;60;N;35.0;True;False;False;0.0;1.0;0.0;0.0;72.09089908775364;4.156450215882672;0
FFF;2013J;476520;M;South East Region;Lower Than A Level;0;90;Y;35.0;True;False;False;0.0;1.0;0.0;0.0;119.9371159842142;4.797690259711944;0
BBB;2013J;487214;F;Ireland;Lower Than A Level;0;60;N;45.0;True;False;False;0.0;0.6363636363636364;0.0;0.0;94.72014457395862;1.965297430800277;0
BBB;2013J;529163;F;South Region;Lower Than A Level;1;60;N;45.0;True;False;False;0.0;0.0;0.0;0.0;0.0;0.0;1
FFF;2013J;335562;M;North Region;A Level or Equivalent;0;90;N;5.0;True;False;False;0.0;1.0;0.0;0.0;70.99631628800591;3.8972378378541466;0
FFF;2013J;606002;F;West Midlands Region;A Level or Equivalent;0;60;N;45.0;True;False;False;0.0;1.0;0.0;0.0;131.18904956173003;2.3783396535767505;0
EEE;2014B;625527;M;North Region;A Level or Equivalent;0;60;N;75.0;True;False;False;0.0;1.0;0.0;0.0;102.13303662740027;3.635094042080324;0
CCC;2014J;340010;F;North Western Region;Lower Than A Level;0;30;N;45.0;True;False;False;0.0;0.375;1.0;42.0;75.9850145024058;3.5469694556651077;0
EEE;2013J;578438;M;South West Region;A Level or Equivalent;0;60;N;85.0;True;False;False;0.0;1.0;0.0;0.0;113.67259071710309;3.033851318959678;0
BBB;2013J;561312;F;Yorkshire Region;A Level or Equivalent;0;60;N;15.0;True;False;False;0.0;1.0;0.0;0.0;128.41123739119305;1.9074192908346135;0
GGG;2014J;131314;M;South Region;A Level or Equivalent;0;30;N;25.0;False;True;False;0.0;0.6666666666666666;0.0;0.0;183.3573015873016;5.360555555555555;0
GGG;2014B;634470;F;South Region;A Level or Equivalent;0;30;N;47.115494568324756;True;False;False;0.0;1.0;0.0;0.0;114.22151920969056;2.6768790849673203;0
EEE;2013J;608472;M;North Western Region;Lower Than A Level;0;60;N;55.0;True;False;False;0.0;0.8558041112454655;0.0;0.0;102.9505867779104;3.881388550481496;0
FFF;2014B;476912;M;Ireland;A Level or Equivalent;1;60;N;35.0;True;False;False;0.0;0.08333333333333333;0.0;0.0;34.016;3.021333333333333;0
DDD;2013J;576131;M;East Anglian Region;Lower Than A Level;0;120;N;75.0;False;True;False;0.0;0.0;0.0;0.0;0.0;0.0;1
BBB;2014J;700815;M;East Anglian Region;HE Qualification;0;120;N;35.0;True;False;False;0.0;0.8;0.0;0.0;54.17634464821965;2.4982860092235093;0
DDD;2013B;543919;M;East Anglian Region;Lower Than A Level;0;120;N;25.0;True;False;False;0.0;0.9230769230769231;1.0;56.0;115.15612015420861;1.9552842626305895;0
CCC;2014B;418623;M;South West Region;A Level or Equivalent;0;90;Y;35.0;True;False;False;0.0;0.875;1.0;82.0;136.2763734299229;3.576464315159424;0
FFF;2014J;686390;M;South East Region;HE Qualification;0;120;N;95.0;True;False;False;0.0;0.0;0.0;0.0;0.0;0.0;1
FFF;2014B;562064;F;North Western Region;A Level or Equivalent;0;180;N;55.0;True;False;False;0.0;0.0;0.0;0.0;0.0;0.0;1
BBB;2014J;654415;M;West Midlands Region;Lower Than A Level;0;60;Y;15.0;True;False;False;0.0;1.0;0.0;0.0;98.69357494639507;4.2813838262009;0
AAA;2014J;2648611;F;South East Region;A Level or Equivalent;0;60;N;25.0;False;True;False;0.0;1.0;0.0;0.0;76.42518631436315;2.5775586102881656;0
CCC;2014J;621001;M;London Region;A Level or Equivalent;0;120;N;15.0;True;False;False;0.0;0.0;0.0;0.0;0.0;0.0;1
FFF;2014J;643690;M;South West Region;Lower Than A Level;0;180;N;45.0;True;False;False;0.0;0.0;0.0;0.0;0.0;0.0;1
BBB;2014B;634477;F;East Anglian Region;A Level or Equivalent;0;60;N;25.0;False;True;False;0.0;1.0;0.0;0.0;67.49461697722568;3.1479630982827915;0
GGG;2013J;574857;F;West Midlands Region;Lower Than A Level;0;60;N;15.0;True;False;False;0.0;1.0;0.0;0.0;117.40585434406863;4.062157683586255;0
GGG;2013J;597058;F;South Region;Post Graduate Qualification;0;30;N;95.0;False;True;False;0.0;0.8888888888888888;0.0;0.0;112.88664232267595;2.935643171430702;0
FFF;2014J;656159;M;London Region;Lower Than A Level;0;60;N;15.0;True;False;False;0.0;1.0;0.0;0.0;89.57637056541843;3.2502466679953406;0
DDD;2014J;629379;F;South Region;A Level or Equivalent;0;60;N;65.0;True;False;False;0.0;1.0;1.0;49.0;124.29732480113258;1.5085901129614057;0
GGG;2013J;2482885;F;South Region;A Level or Equivalent;0;30;Y;45.0;False;True;False;0.0;0.5555555555555556;0.0;0.0;99.54669312169312;2.907786195286195;0
FFF;2013B;506092;F;East Midlands Region;Lower Than A Level;0;120;N;95.0;True;False;False;0.0;0.0;0.0;0.0;0.0;0.0;1
DDD;2014J;644516;M;North Region;Lower Than A Level;0;120;N;47.115494568324756;False;True;False;0.0;0.0;0.0;0.0;0.0;0.0;1
EEE;2014J;388252;M;West Midlands Region;Lower Than A Level;1;30;N;75.0;True;False;False;0.0;0.0;0.0;0.0;0.0;0.0;1
BBB;2013B;503390;F;Yorkshire Region;A Level or Equivalent;1;240;N;15.0;True;False;False;0.0;0.7272727272727273;0.0;0.0;92.30033847747652;1.733300512628157;0
EEE;2014B;446295;M;Wales;Lower Than A Level;0;60;N;25.0;True;False;False;0.0;0.808768656716418;0.0;0.0;2.6933333333333334;3.336666666666667;0
GGG;2013J;605306;F;London Region;Lower Than A Level;0;90;N;65.0;True;False;False;0.0;0.0;0.0;0.0;0.0;0.0;1
FFF;2013J;590714;M;North Region;A Level or Equivalent;0;120;N;47.115494568324756;True;False;False;0.0;0.7045980078263963;0.0;0.0;-7.0;1.0;0
EEE;2014J;648369;M;Wales;HE Qualification;0;60;N;45.0;True;False;False;0.0;1.0;0.0;0.0;131.00475527694095;3.4114578235009523;0
BBB;2013J;596017;F;Wales;A Level or Equivalent;0;120;N;25.0;False;True;False;0.0;1.0;0.0;0.0;127.07476323330229;1.6669858264168775;0
DDD;2013B;531075;M;North Region;Lower Than A Level;1;120;N;25.0;False;True;False;0.0;0.0;1.0;33.0;66.47691756358512;1.5612059892186743;0
FFF;2013J;295255;M;Ireland;A Level or Equivalent;0;60;N;47.115494568324756;True;False;False;0.0;1.0;0.0;0.0;147.09972473507813;4.798285295736786;0
EEE;2014J;588474;M;North Region;Lower Than A Level;0;90;N;47.115494568324756;True;False;False;0.0;1.0;0.0;0.0;110.98401269920157;4.157257240410069;0
CCC;2014J;1826819;M;Scotland;HE Qualification;0;60;N;45.0;False;True;False;0.0;0.5;1.0;94.0;90.80345418782618;2.2257563039928034;0
CCC;2014J;623002;M;South Region;Lower Than A Level;0;60;Y;25.0;True;False;False;0.0;0.0;0.0;0.0;0.0;0.0;0
CCC;2014B;607061;M;Scotland;A Level or Equivalent;0;90;N;25.0;True;False;False;0.0;1.0;1.0;96.0;117.25325696316263;1.790293853390413;0
FFF;2014J;678474;M;Scotland;A Level or Equivalent;0;120;N;15.0;True;False;False;0.0;0.7190721649484536;0.0;0.0;18.февр;01.авг;0
FFF;2014J;636407;M;Scotland;HE Qualification;0;120;N;5.0;False;True;False;0.0;0.0;0.0;0.0;0.0;0.0;0
BBB;2013B;426838;F;East Anglian Region;Lower Than A Level;0;60;N;15.0;True;False;False;0.0;1.0;0.0;0.0;132.86403854134247;1.61803662205623;0
FFF;2013J;572003;M;North Region;A Level or Equivalent;0;120;N;15.0;False;True;False;0.0;1.0;0.0;0.0;76.28533781979407;3.33935092051048;0
EEE;2013J;599958;F;South East Region;HE Qualification;0;150;N;45.0;True;False;False;0.0;1.0;0.0;0.0;99.31808405534449;3.4434651568147077;0
BBB;2013B;536551;F;Wales;A Level or Equivalent;0;75;N;5.0;True;False;False;0.0;0.0;0.0;0.0;0.0;0.0;0
DDD;2014J;697390;M;South East Region;Lower Than A Level;0;120;N;25.0;True;False;False;0.0;0.0;0.0;0.0;0.0;0.0;1
CCC;2014B;423879;M;South Region;A Level or Equivalent;0;30;N;45.0;False;True;False;0.0;0.5;1.0;94.0;108.81213714034851;3.0467244646751723;0
EEE;2014J;378825;M;South West Region;A Level or Equivalent;0;60;N;25.0;True;False;False;0.0;1.0;0.0;0.0;106.16941205836426;3.0194107606730287;0
CCC;2014J;632378;M;Yorkshire Region;A Level or Equivalent;0;30;N;25.0;False;True;False;0.0;0.5;1.0;100.0;92.90732119858832;3.0702866007660528;0
BBB;2013B;200863;F;South West Region;A Level or Equivalent;1;60;N;45.0;True;False;False;0.0;0.0;0.0;0.0;0.0;0.0;1
BBB;2014J;2432551;M;Scotland;A Level or Equivalent;0;60;N;5.0;False;True;False;0.0;0.8;0.0;0.0;49.65916919959473;3.129255319148936;0
DDD;2013B;150578;F;North Region;Lower Than A Level;0;60;N;65.0;False;True;False;0.0;0.3076923076923077;0.0;0.0;39.03742615578743;1.5469204825190948;0
EEE;2013J;495887;M;East Midlands Region;A Level or Equivalent;0;60;N;55.0;True;False;False;0.0;1.0;0.0;0.0;79.23554402504097;3.9103998682047543;0
BBB;2014J;534588;F;South Region;A Level or Equivalent;1;120;N;75.0;False;True;False;0.0;0.0;0.0;0.0;0.0;0.0;1
FFF;2014J;643696;M;South West Region;Lower Than A Level;0;120;N;45.0;True;False;False;0.0;0.16666666666666666;0.0;0.0;46.88581878889348;2.9289421293110918;0
BBB;2014B;626897;F;Wales;A Level or Equivalent;0;60;N;35.0;True;False;False;0.0;0.7404752923425123;0.0;0.0;08.май;март.25;0
FFF;2013B;294679;M;Yorkshire Region;Lower Than A Level;0;60;N;55.0;False;True;False;0.0;0.0;0.0;0.0;0.0;0.0;1
EEE;2013J;515774;M;Scotland;A Level or Equivalent;0;60;N;25.0;False;True;False;0.0;1.0;0.0;0.0;111.0496242805573;4.845736601819992;0
FFF;2013J;514913;M;Yorkshire Region;Lower Than A Level;1;120;Y;25.0;True;False;False;0.0;0.08333333333333333;0.0;0.0;2.5753571428571425;1.6366666666666667;0
DDD;2014J;446097;F;South West Region;A Level or Equivalent;0;120;N;55.0;True;False;False;0.0;1.0;1.0;44.0;89.81836113024222;1.8220861497177288;0
BBB;2013J;293754;M;North Region;Lower Than A Level;0;60;N;47.115494568324756;False;True;False;0.0;1.0;0.0;0.0;107.75158586464964;1.7027018517549997;0
GGG;2014B;634347;F;North Region;Lower Than A Level;0;30;N;75.0;False;True;False;0.0;0.0;0.0;0.0;0.0;0.0;1
GGG;2014J;680569;F;Scotland;A Level or Equivalent;0;30;N;65.0;True;False;False;0.0;1.0;0.0;0.0;152.88454861111111;3.7571180555555554;0
DDD;2014B;621699;F;East Midlands Region;Lower Than A Level;0;60;N;55.0;True;False;False;0.0;0.8333333333333334;1.0;80.0;58.31719108052442;1.4219836953170286;0
BBB;2013J;597142;F;North Region;A Level or Equivalent;0;60;N;65.0;False;True;False;0.0;0.7538543328017012;0.0;0.0;52.5;02.февр;0
CCC;2014J;332436;M;South Region;Lower Than A Level;0;60;N;75.0;True;False;False;0.0;1.0;1.0;82.0;138.78373206152787;2.82991492815789;0
GGG;2014B;635035;F;West Midlands Region;A Level or Equivalent;0;30;N;45.0;False;True;False;0.0;1.0;0.0;0.0;119.72790658647008;3.1042920064887864;0
GGG;2014B;612385;F;East Midlands Region;A Level or Equivalent;0;30;N;15.0;True;False;False;0.0;0.0;0.0;0.0;0.0;0.0;1
BBB;2014J;2622652;F;South East Region;Lower Than A Level;0;60;N;35.0;False;True;False;0.0;1.0;0.0;0.0;133.897750740774;3.2752858340067643;0
DDD;2014B;634397;M;East Midlands Region;Lower Than A Level;0;60;N;15.0;True;False;False;0.0;0.6666666666666666;0.0;0.0;41.170393857350376;1.670695850043676;0
BBB;2013J;614072;F;Wales;A Level or Equivalent;0;60;N;75.0;True;False;False;0.0;1.0;0.0;0.0;136.83084840606392;1.9029498598464114;0
GGG;2014B;621888;F;East Anglian Region;Lower Than A Level;0;30;N;65.0;True;False;False;0.0;0.1111111111111111;0.0;0.0;18.080065434654806;1.5644416327991209;0
BBB;2013J;498841;F;East Midlands Region;A Level or Equivalent;0;120;N;75.0;True;False;False;0.0;0.0;0.0;0.0;0.0;0.0;1
BBB;2014J;2281286;F;South West Region;Lower Than A Level;0;60;N;25.0;True;False;False;0.0;1.0;0.0;0.0;103.78169934640523;3.0611111111111113;0
EEE;2013J;581234;M;North Western Region;A Level or Equivalent;0;60;N;55.0;True;False;False;0.0;1.0;0.0;0.0;98.22959628250537;3.854852753307299;0
FFF;2013B;411553;F;London Region;Post Graduate Qualification;2;180;N;15.0;False;True;False;0.0;0.16666666666666666;0.0;0.0;41.01457936431426;3.0063936848666435;0
FFF;2014J;348324;M;South West Region;Lower Than A Level;0;60;N;35.0;False;True;False;0.0;1.0;0.0;0.0;98.10665005620102;3.152340280449599;0
GGG;2014B;630203;F;South East Region;Lower Than A Level;0;30;N;35.0;True;False;False;0.0;0.0;0.0;0.0;0.0;0.0;1
DDD;2013B;509634;M;East Anglian Region;Lower Than A Level;1;240;Y;75.0;True;False;False;0.0;0.0;0.0;0.0;0.0;0.0;1
FFF;2014J;615301;F;Wales;A Level or Equivalent;0;60;N;5.0;True;False;False;0.0;1.0;0.0;0.0;116.29373859898425;3.325191417392191;0
GGG;2014B;630219;M;East Anglian Region;A Level or Equivalent;0;30;N;95.0;True;False;False;0.0;1.0;0.0;0.0;83.06616037219484;3.399206349206349;0
FFF;2014J;2643472;M;East Midlands Region;HE Qualification;0;60;N;35.0;False;True;False;0.0;0.9166666666666666;0.0;0.0;124.84731596050494;4.924627546556681;0
FFF;2014J;675046;M;South East Region;A Level or Equivalent;0;120;N;35.0;False;True;False;0.0;0.0;0.0;0.0;0.0;0.0;1
FFF;2013B;551796;F;Wales;A Level or Equivalent;0;60;N;25.0;True;False;False;0.0;1.0;0.0;0.0;91.03794140772052;3.474468145096488;0
CCC;2014J;502766;F;South West Region;A Level or Equivalent;0;60;N;95.0;False;True;False;0.0;0.5;1.0;86.0;98.95675111324357;3.3599418500759266;0
DDD;2013B;406498;F;West Midlands Region;A Level or Equivalent;1;120;N;5.0;True;False;False;0.0;0.0;0.0;0.0;0.0;0.0;1
BBB;2013B;477167;F;Scotland;HE Qualification;0;120;N;85.0;False;True;False;0.0;1.0;0.0;0.0;142.49606947522616;1.9569377969007664;0
GGG;2014J;675247;M;East Midlands Region;A Level or Equivalent;0;30;N;45.0;True;False;False;0.0;1.0;0.0;0.0;145.770183982684;3.4115800865800865;0
CCC;2014J;264151;M;Scotland;A Level or Equivalent;0;60;N;55.0;False;True;False;0.0;0.625;1.0;30.0;85.8093070470566;2.0292849316442783;0
FFF;2013J;500099;M;North Region;A Level or Equivalent;1;120;N;5.0;True;False;False;0.0;0.0;0.0;0.0;0.0;0.0;1
EEE;2014B;631657;M;Scotland;HE Qualification;0;60;N;85.0;True;False;False;0.0;0.0;0.0;0.0;0.0;0.0;1
BBB;2013B;285912;F;Wales;HE Qualification;0;90;N;55.0;False;True;False;0.0;1.0;0.0;0.0;112.35538767141165;1.5701613171445832;0
DDD;2013J;2576298;M;South West Region;A Level or Equivalent;0;90;N;65.0;True;False;False;0.0;0.6982071713147411;0.6420982735723771;41.732403718459494;-9.75886524822695;1.1226950354609928;0
DDD;2014B;502161;M;East Anglian Region;A Level or Equivalent;1;60;Y;55.0;True;False;False;0.0;1.0;0.0;0.0;111.92721989268041;1.596489219844483;0
CCC;2014J;632929;M;South East Region;A Level or Equivalent;0;60;Y;35.0;True;False;False;0.0;0.0;0.0;0.0;0.0;0.0;1
CCC;2014B;635041;M;East Midlands Region;A Level or Equivalent;0;60;N;55.0;False;True;False;0.0;0.0;0.0;0.0;0.0;0.0;1
BBB;2014J;478412;F;North Western Region;A Level or Equivalent;0;60;N;85.0;False;True;False;0.0;0.8;0.0;0.0;107.28751220155654;3.242958712570901;0
EEE;2014B;619014;M;Yorkshire Region;A Level or Equivalent;0;60;N;35.0;True;False;False;0.0;0.75;0.0;0.0;84.68024359892874;2.63905003209351;0
DDD;2014J;355034;F;West Midlands Region;Lower Than A Level;0;120;N;5.0;True;False;False;0.0;0.0;0.0;0.0;0.0;0.0;1
EEE;2014B;558492;F;Scotland;HE Qualification;0;90;N;25.0;True;False;False;0.0;0.808768656716418;0.0;0.0;45.0;03.май;0
FFF;2013B;532578;M;North Western Region;A Level or Equivalent;0;60;N;55.0;True;False;False;0.0;1.0;0.0;0.0;88.83006947363168;3.0034011601002595;0
BBB;2014J;569589;F;South East Region;Lower Than A Level;0;60;N;45.0;False;True;False;0.0;1.0;0.0;0.0;82.06242825787919;2.9850507646559046;0
BBB;2013B;541822;F;Yorkshire Region;A Level or Equivalent;0;120;N;5.0;True;False;False;0.0;0.9090909090909091;0.0;0.0;95.32417027417027;1.5265512265512264;0
BBB;2013J;606827;F;North Western Region;A Level or Equivalent;0;120;N;15.0;True;False;False;0.0;0.0;0.0;0.0;0.0;0.0;1
EEE;2013J;259662;M;West Midlands Region;Lower Than A Level;0;120;N;85.0;False;True;False;0.0;1.0;0.0;0.0;90.05921290323873;4.513836357025739;0
BBB;2014J;679726;F;West Midlands Region;Lower Than A Level;0;60;N;95.0;True;False;False;0.0;0.0;0.0;0.0;0.0;0.0;1
FFF;2013B;497211;M;East Anglian Region;A Level or Equivalent;0;60;N;75.0;True;False;False;0.0;1.0;0.0;0.0;85.58066540374487;2.618708443964081;0
BBB;2013B;539962;F;East Anglian Region;Lower Than A Level;0;60;N;75.0;True;False;False;0.0;0.6363636363636364;0.0;0.0;52.81761548636549;2.1227436914936915;0
BBB;2013J;2072166;F;South Region;Lower Than A Level;0;60;Y;5.0;True;False;False;0.0;0.0;0.0;0.0;0.0;0.0;1
EEE;2013J;528961;F;Scotland;A Level or Equivalent;0;30;N;85.0;True;False;False;0.0;0.8558041112454655;0.0;0.0;4.681481481481481;2.2074074074074073;0
BBB;2014J;290184;F;East Anglian Region;HE Qualification;0;120;N;95.0;True;False;False;0.0;1.0;0.0;0.0;130.35060817805382;1.9849120082815737;0
BBB;2013B;127209;F;Scotland;A Level or Equivalent;1;180;Y;45.0;True;False;False;0.0;0.0;0.0;0.0;0.0;0.0;1
DDD;2014B;306944;F;South East Region;A Level or Equivalent;2;120;N;55.0;True;False;False;0.0;0.5;0.0;0.0;45.8339156268568;2.032554961378491;0
CCC;2014B;596035;M;Scotland;A Level or Equivalent;0;105;N;55.0;False;True;False;0.0;0.0;0.0;0.0;0.0;0.0;1
FFF;2013J;411939;M;South Region;A Level or Equivalent;1;180;N;45.0;False;True;False;0.0;0.0;0.0;0.0;0.0;0.0;1
CCC;2014J;2242383;M;West Midlands Region;A Level or Equivalent;0;90;N;65.0;False;True;False;0.0;0.0;0.0;0.0;0.0;0.0;1
BBB;2014J;384266;F;West Midlands Region;A Level or Equivalent;0;60;N;5.0;True;False;False;0.0;0.0;0.0;0.0;0.0;0.0;1
DDD;2013J;391578;M;East Anglian Region;Lower Than A Level;0;60;N;35.0;False;True;False;0.0;0.5;0.0;0.0;50.404330224912925;1.543266201217329;0
BBB;2014B;617764;F;Wales;Lower Than A Level;0;75;N;75.0;True;False;False;0.0;1.0;0.0;0.0;111.31417112299465;2.5736408199643495;0
CCC;2014B;562585;F;South East Region;No Formal quals;0;90;N;65.0;True;False;False;0.0;0.0;0.0;0.0;0.0;0.0;1
EEE;2014J;643168;M;North Western Region;A Level or Equivalent;0;120;N;5.0;True;False;False;0.0;1.0;0.0;0.0;103.58529632151837;3.6708131153183685;0
FFF;2013J;584550;F;London Region;Lower Than A Level;0;90;N;45.0;True;False;False;0.0;0.9166666666666666;0.0;0.0;139.36629832172858;3.6235781449092026;0
GGG;2013J;584512;F;South Region;A Level or Equivalent;0;30;N;85.0;False;True;False;0.0;0.0;0.0;0.0;0.0;0.0;0
BBB;2014J;683630;F;South Region;Lower Than A Level;0;60;N;75.0;False;True;False;0.0;0.8;0.0;0.0;93.89021681096682;2.8622059884559885;0
BBB;2014B;620486;F;Wales;A Level or Equivalent;0;90;N;65.0;False;True;False;0.0;0.0;0.0;0.0;0.0;0.0;1
CCC;2014B;626862;M;East Anglian Region;HE Qualification;0;60;N;75.0;True;False;False;0.0;0.5;1.0;94.0;125.05543932187067;2.4439528350450574;0
BBB;2014B;626951;F;Wales;A Level or Equivalent;0;60;N;85.0;False;True;False;0.0;0.9090909090909091;0.0;0.0;116.65782140922359;1.7258937166597905;0
DDD;2014J;1209065;M;South West Region;HE Qualification;0;60;N;75.0;False;False;True;0.0;0.0;0.0;0.0;0.0;0.0;1
DDD;2013J;605070;M;North Region;A Level or Equivalent;0;120;N;47.115494568324756;True;False;False;0.0;0.16666666666666666;0.0;0.0;16.8837513061651;1.8988923719958202;0
BBB;2014B;618151;F;Wales;Lower Than A Level;0;60;Y;55.0;False;True;False;0.0;0.9090909090909091;0.0;0.0;73.51507659916673;2.301194631794615;0
DDD;2014B;623015;F;Wales;A Level or Equivalent;0;90;N;5.0;True;False;False;0.0;0.6337579617834395;0.554140127388535;38.28768577494692;16.583333333333332;3.138888888888889;0
FFF;2013B;537980;M;Scotland;HE Qualification;0;60;N;15.0;True;False;False;0.0;1.0;0.0;0.0;102.21973052692789;3.7239780807918472;0
FFF;2014J;682482;M;Yorkshire Region;Lower Than A Level;0;120;N;5.0;True;False;False;0.0;0.0;0.0;0.0;0.0;0.0;1
DDD;2013J;583540;M;South West Region;A Level or Equivalent;0;60;N;35.0;False;True;False;0.0;1.0;1.0;69.0;101.69598937461006;1.7399351319178906;0
EEE;2014J;642839;F;West Midlands Region;Lower Than A Level;0;150;N;5.0;True;False;False;0.0;1.0;0.0;0.0;99.27249133337067;4.233609273339697;0
DDD;2014B;90537;F;Scotland;A Level or Equivalent;0;60;Y;95.0;True;False;False;0.0;1.0;1.0;69.0;88.03164145358426;1.1967840485838803;0
FFF;2014B;561215;M;East Anglian Region;Lower Than A Level;0;60;N;75.0;False;True;False;0.0;0.0;0.0;0.0;0.0;0.0;1
FFF;2013B;2139037;F;East Anglian Region;HE Qualification;0;120;N;95.0;True;False;False;0.0;1.0;0.0;0.0;102.2606073914129;2.642501907804551;0
CCC;2014J;402378;M;Yorkshire Region;HE Qualification;0;40;N;75.0;True;False;False;0.0;0.875;1.0;40.0;83.83560348668512;2.0537514448531966;0
DDD;2014B;596906;M;Scotland;A Level or Equivalent;1;120;N;95.0;True;False;False;0.0;0.3333333333333333;0.0;0.0;17.604880066170388;1.2220016542597187;0
CCC;2014B;598321;M;South Region;HE Qualification;0;60;N;85.0;False;True;False;0.0;1.0;1.0;84.0;107.67517802259738;1.6865134028037254;0
EEE;2013J;607835;M;South Region;A Level or Equivalent;0;60;N;85.0;True;False;False;0.0;1.0;0.0;0.0;112.2007993591896;2.9731931879347613;0
GGG;2013J;589990;F;South East Region;Lower Than A Level;0;30;Y;65.0;False;True;False;0.0;0.6666666666666666;0.0;0.0;165.8450275838787;4.060810994878501;0
FFF;2014J;2537777;M;West Midlands Region;Lower Than A Level;1;120;Y;15.0;True;False;False;0.0;0.75;0.0;0.0;105.23825333587982;4.026433107074584;0
FFF;2014J;277384;M;London Region;Lower Than A Level;0;120;N;35.0;True;False;False;0.0;0.0;0.0;0.0;0.0;0.0;1
EEE;2014B;623115;M;East Midlands Region;A Level or Equivalent;0;60;N;65.0;True;False;False;0.0;0.5;0.0;0.0;33.12778804528804;4.707511655011655;0
AAA;2013J;2691244;M;South Region;A Level or Equivalent;0;180;N;45.0;False;True;False;0.0;0.8;0.0;0.0;103.11327494211214;2.67092318534179;0
BBB;2014J;642600;F;West Midlands Region;Lower Than A Level;0;90;N;45.0;False;True;False;0.0;0.6;0.0;0.0;84.23271349862259;2.7192378328741964;0
EEE;2013J;1638548;M;Scotland;A Level or Equivalent;0;130;N;55.0;False;True;False;0.0;0.75;0.0;0.0;92.66587011379995;3.7297305706192683;0
DDD;2013J;130467;M;West Midlands Region;A Level or Equivalent;0;60;N;75.0;True;False;False;0.0;1.0;1.0;49.0;90.50246770684369;2.01469242492156;0
BBB;2013J;284906;F;East Midlands Region;A Level or Equivalent;2;60;N;75.0;True;False;False;0.0;1.0;0.0;0.0;125.74906806156805;1.7923656204906206;0
BBB;2014J;490299;F;South Region;Lower Than A Level;0;60;N;55.0;True;False;False;0.0;0.0;0.0;0.0;0.0;0.0;1
GGG;2013J;579203;F;London Region;A Level or Equivalent;0;30;N;35.0;False;True;False;0.0;1.0;0.0;0.0;120.79767474934225;1.9775723529830052;0
CCC;2014J;594052;M;North Western Region;A Level or Equivalent;1;30;N;85.0;True;False;False;0.0;0.0;0.0;0.0;0.0;0.0;1
FFF;2014J;680464;M;Ireland;A Level or Equivalent;0;120;N;85.0;True;False;False;0.0;1.0;0.0;0.0;98.34783583062534;3.8206408356831374;0
BBB;2014J;645371;F;East Anglian Region;Lower Than A Level;0;60;N;55.0;True;False;False;0.0;0.2;0.0;0.0;13.58235294117647;1.5735294117647058;0
EEE;2014J;641195;M;South East Region;Lower Than A Level;0;60;N;35.0;True;False;False;0.0;0.5;0.0;0.0;40.36770833333333;март.25;0
FFF;2013J;442432;M;South West Region;Lower Than A Level;2;100;N;15.0;True;False;False;0.0;0.7045980078263963;0.0;0.0;33.57142857142857;2.5476190476190474;0
BBB;2014J;646482;F;North Region;Lower Than A Level;0;60;N;25.0;False;True;False;0.0;0.8;0.0;0.0;87.89547217195229;2.8923897172338253;0
DDD;2014J;573742;M;East Anglian Region;Lower Than A Level;0;60;N;15.0;True;False;False;0.0;1.0;1.0;56.0;140.93734093067425;1.7886229819563153;0
CCC;2014J;631356;M;South Region;HE Qualification;0;60;N;75.0;True;False;False;0.0;0.0;0.0;0.0;0.0;0.0;1
FFF;2014J;674406;M;East Midlands Region;A Level or Equivalent;0;120;N;35.0;True;False;False;0.0;0.9166666666666666;0.0;0.0;101.57232671779963;4.448392754663691;0
AAA;2014J;2369415;M;London Region;A Level or Equivalent;0;60;N;45.0;False;True;False;0.0;0.8;0.0;0.0;84.51998556998556;3.3344103051420126;0
EEE;2014J;686462;M;Wales;A Level or Equivalent;0;60;N;55.0;True;False;False;0.0;0.0;0.0;0.0;0.0;0.0;1
DDD;2013B;281118;F;East Midlands Region;Lower Than A Level;1;70;N;75.0;True;False;False;0.0;0.6923076923076923;1.0;53.0;91.37851359167149;2.081010539168434;0
EEE;2014B;624782;F;East Anglian Region;Lower Than A Level;0;60;N;35.0;True;False;False;0.0;1.0;0.0;0.0;102.390093683632;4.827220318797859;0
BBB;2013J;510868;F;London Region;A Level or Equivalent;0;90;N;35.0;False;True;False;0.0;0.0;0.0;0.0;0.0;0.0;1
BBB;2014B;630029;M;London Region;HE Qualification;0;120;N;25.0;True;False;False;0.0;0.6363636363636364;0.0;0.0;112.85782520325203;1.559545028142589;0
FFF;2014B;574028;M;Wales;A Level or Equivalent;0;180;Y;35.0;True;False;False;0.0;1.0;0.0;0.0;96.60300215833334;3.6602562775060554;0
DDD;2014J;645434;F;North Western Region;A Level or Equivalent;0;60;N;15.0;True;False;False;0.0;1.0;1.0;62.0;100.57599123763143;1.5045795196757001;0
FFF;2013B;335242;M;East Anglian Region;A Level or Equivalent;0;60;N;95.0;False;True;False;0.0;1.0;0.0;0.0;77.24629659789244;3.2441168990461207;0
CCC;2014B;570967;F;London Region;Lower Than A Level;0;60;N;35.0;False;True;False;0.0;0.375;1.0;40.0;112.0611445634257;2.7488664438833883;0
DDD;2014J;621659;F;South East Region;Lower Than A Level;1;90;N;85.0;True;False;False;0.0;0.6666666666666666;0.0;0.0;69.63993258816224;1.6686144393241167;0
AAA;2013J;106247;M;South Region;HE Qualification;0;60;N;85.0;False;True;False;0.0;0.0;0.0;0.0;0.0;0.0;1
EEE;2014B;256867;M;Yorkshire Region;A Level or Equivalent;0;30;N;85.0;False;True;False;0.0;1.0;0.0;0.0;96.18111477165606;5.063422225915392;0
FFF;2014B;614764;F;Yorkshire Region;A Level or Equivalent;0;60;N;5.0;True;False;False;0.0;1.0;0.0;0.0;85.44169832210365;4.064353503766047;0
EEE;2014J;684473;F;London Region;A Level or Equivalent;0;90;N;45.0;True;False;False;0.0;0.0;0.0;0.0;0.0;0.0;1
CCC;2014B;488431;M;North Region;Lower Than A Level;0;90;Y;47.115494568324756;True;False;False;0.0;0.625;1.0;48.0;135.62712355212355;2.2245817245817245;0
FFF;2014B;484675;M;North Western Region;Lower Than A Level;2;120;Y;5.0;False;True;False;0.0;0.0;0.0;0.0;0.0;0.0;1
GGG;2013J;599009;F;East Anglian Region;Lower Than A Level;0;30;N;75.0;True;False;False;0.0;1.0;0.0;0.0;121.31748641363596;3.278207667828204;0
DDD;2013J;603034;M;South East Region;HE Qualification;0;60;N;75.0;True;False;False;0.0;1.0;1.0;60.0;93.17905434409106;1.8795483834753228;0
BBB;2014J;675165;F;Yorkshire Region;HE Qualification;0;60;N;35.0;False;True;False;0.0;0.0;0.0;0.0;0.0;0.0;1
CCC;2014J;677323;F;Yorkshire Region;Lower Than A Level;0;60;N;15.0;True;False;False;0.0;0.0;0.0;0.0;0.0;0.0;1
CCC;2014B;172965;M;Scotland;Post Graduate Qualification;0;150;N;65.0;False;True;False;0.0;1.0;1.0;96.0;127.57451097839555;2.732383844523134;0
GGG;2014J;682001;F;South Region;Lower Than A Level;0;30;N;95.0;True;False;False;0.0;1.0;0.0;0.0;129.5162811451417;2.8234950976892508;0
BBB;2013B;429494;F;East Midlands Region;Lower Than A Level;2;240;N;25.0;True;False;False;0.0;0.2727272727272727;0.0;0.0;27.463194444444444;2.299503968253968;0
BBB;2013J;2690077;M;Yorkshire Region;A Level or Equivalent;2;75;N;55.0;False;True;False;0.0;0.0;0.0;0.0;0.0;0.0;1
DDD;2013B;2655683;M;West Midlands Region;No Formal quals;0;60;N;35.0;True;False;False;0.0;0.6153846153846154;1.0;33.0;67.9704533622448;1.443558426125271;0
BBB;2013J;352161;F;Ireland;Lower Than A Level;2;60;N;25.0;True;False;False;0.0;0.0;0.0;0.0;0.0;0.0;1
FFF;2013J;585222;F;West Midlands Region;A Level or Equivalent;0;60;N;35.0;True;False;False;0.0;0.6666666666666666;0.0;0.0;83.34719317417873;3.2045525215498065;0
EEE;2013J;573292;M;Ireland;A Level or Equivalent;0;75;N;45.0;True;False;False;0.0;1.0;0.0;0.0;88.88241040720334;4.378471185079972;0
BBB;2014J;606239;F;Scotland;HE Qualification;0;60;N;65.0;False;True;False;0.0;0.8;0.0;0.0;80.49191942570556;1.8233222770361355;0
DDD;2014B;323659;F;West Midlands Region;Lower Than A Level;0;60;N;25.0;True;False;False;0.0;0.0;0.0;0.0;0.0;0.0;1
DDD;2013B;548872;M;South West Region;Lower Than A Level;0;60;N;25.0;True;False;False;0.0;0.0;0.0;0.0;0.0;0.0;1
FFF;2014B;581520;M;East Anglian Region;Lower Than A Level;0;60;N;55.0;False;True;False;0.0;1.0;0.0;0.0;108.10461480446514;3.7431486530195315;0
GGG;2013J;608306;F;Yorkshire Region;Lower Than A Level;0;60;N;25.0;True;False;False;0.0;0.3333333333333333;0.0;0.0;83.64930555555556;3.8333333333333335;0
DDD;2013J;2577480;M;North Western Region;Lower Than A Level;0;120;N;35.0;True;False;False;0.0;0.0;0.0;0.0;0.0;0.0;1
BBB;2013J;141949;F;East Anglian Region;Lower Than A Level;1;60;N;25.0;True;False;False;0.0;1.0;0.0;0.0;110.2831783824641;2.09150604686319;0
BBB;2014B;597882;F;East Midlands Region;A Level or Equivalent;0;150;N;35.0;False;True;False;0.0;0.9090909090909091;0.0;0.0;99.85700141035436;1.902841970121382;0
BBB;2014B;625581;F;North Western Region;Lower Than A Level;0;60;N;45.0;True;False;False;0.0;0.0;0.0;0.0;0.0;0.0;1
BBB;2014B;618710;F;North Western Region;A Level or Equivalent;0;120;N;5.0;True;False;False;0.0;0.0;0.0;0.0;0.0;0.0;1
CCC;2014B;431014;M;East Anglian Region;A Level or Equivalent;0;90;N;55.0;True;False;False;0.0;0.0;0.0;0.0;36.71168154761905;6.588293650793651;0
FFF;2013J;2686609;M;South West Region;A Level or Equivalent;1;60;Y;35.0;True;False;False;0.0;1.0;0.0;0.0;95.59267962382665;3.3272111358750323;0
FFF;2014J;689751;M;North Western Region;A Level or Equivalent;0;60;N;15.0;True;False;False;0.0;0.0;0.0;0.0;0.0;0.0;1
CCC;2014J;522257;M;Yorkshire Region;Lower Than A Level;0;60;N;5.0;True;False;False;0.0;1.0;1.0;54.0;87.3170621810764;2.055099987667666;0
GGG;2014J;641504;F;East Anglian Region;Lower Than A Level;0;30;Y;25.0;False;True;False;0.0;0.0;0.0;0.0;0.0;0.0;1
DDD;2013J;582416;M;North Region;A Level or Equivalent;0;60;N;47.115494568324756;True;False;False;0.0;1.0;1.0;84.0;72.39959964950602;1.7489741665906782;0
FFF;2013J;599994;M;North Region;A Level or Equivalent;0;60;N;75.0;True;False;False;0.0;0.0;0.0;0.0;0.0;0.0;1
FFF;2014J;1631797;M;East Midlands Region;Lower Than A Level;0;60;N;75.0;False;True;False;0.0;0.6666666666666666;0.0;0.0;102.10862161350498;3.2121470104477288;0
FFF;2014J;390070;M;North Region;A Level or Equivalent;0;60;N;35.0;False;True;False;0.0;0.5;0.0;0.0;93.60566162532704;3.1531755699184214;0
DDD;2013B;244875;M;East Anglian Region;A Level or Equivalent;0;60;N;35.0;True;False;False;0.0;0.8461538461538461;1.0;53.0;97.49118105055605;1.5774818774818775;0
BBB;2013J;108760;F;London Region;Lower Than A Level;3;60;N;35.0;False;True;False;0.0;0.7272727272727273;0.0;0.0;105.19890102699877;2.31967786473576;0
EEE;2013J;581340;M;Scotland;HE Qualification;0;60;N;95.0;True;False;False;0.0;1.0;0.0;0.0;114.18471235235937;4.610255449552891;0
DDD;2013J;514495;M;South East Region;A Level or Equivalent;0;90;N;55.0;True;False;False;0.0;0.0;0.0;0.0;0.0;0.0;1
AAA;2014J;348807;M;East Midlands Region;A Level or Equivalent;0;60;N;85.0;False;True;False;0.0;1.0;0.0;0.0;65.88801264095382;2.201080945198592;0
CCC;2014B;634217;M;Scotland;Lower Than A Level;0;60;N;75.0;False;True;False;0.0;1.0;1.0;100.0;89.86168358053604;2.677465521727817;0
FFF;2014J;649258;M;Wales;A Level or Equivalent;0;120;N;75.0;True;False;False;0.0;1.0;0.0;0.0;133.5455763474221;3.811050155993133;0
AAA;2014J;1471214;M;East Midlands Region;A Level or Equivalent;0;60;N;65.0;False;True;False;0.0;1.0;0.0;0.0;120.59815924815925;4.362161912161913;0
BBB;2014J;2520649;F;Ireland;Lower Than A Level;0;60;N;85.0;False;True;False;0.0;1.0;0.0;0.0;102.65215873015873;2.503064935064935;0
CCC;2014B;633455;M;North Western Region;Lower Than A Level;0;60;N;55.0;True;False;False;0.0;0.0;0.0;0.0;0.0;0.0;1
BBB;2013B;363416;F;London Region;Lower Than A Level;0;240;N;35.0;True;False;False;0.0;1.0;0.0;0.0;86.04421470342523;1.7674185463659147;0
FFF;2013J;558205;M;Scotland;A Level or Equivalent;0;60;N;15.0;True;False;False;0.0;0.0;0.0;0.0;0.0;0.0;1
FFF;2014J;653297;M;North Region;Lower Than A Level;0;60;N;47.115494568324756;True;False;False;0.0;1.0;0.0;0.0;107.78170308902507;2.9781791030273905;0
FFF;2013B;554256;M;East Anglian Region;A Level or Equivalent;0;60;N;45.0;True;False;False;0.0;1.0;0.0;0.0;67.83693036512851;4.575706975772765;0
DDD;2014J;485612;F;South Region;A Level or Equivalent;0;180;N;25.0;True;False;False;0.0;0.0;0.0;0.0;0.0;0.0;1
BBB;2013B;2308528;M;Scotland;A Level or Equivalent;0;60;N;15.0;True;False;False;0.0;0.8181818181818182;0.0;0.0;92.69937840056127;1.5772062726986003;0
BBB;2014B;579720;F;West Midlands Region;A Level or Equivalent;0;60;N;5.0;True;False;False;0.0;0.8181818181818182;0.0;0.0;97.29200886028171;1.9355978206885591;0
BBB;2013B;509737;F;Scotland;Lower Than A Level;1;120;N;15.0;False;True;False;0.0;0.7314562719968125;0.0;0.0;-3.75;янв.25;0
AAA;2013J;2620584;M;West Midlands Region;A Level or Equivalent;0;60;Y;45.0;True;False;False;7.983246575342466;0.8717808219178081;0.0;0.0;3.0627450980392155;2.488235294117647;0
FFF;2013J;579278;M;South West Region;Lower Than A Level;0;60;N;35.0;True;False;False;0.0;1.0;0.0;0.0;118.69289436348703;3.227047297387855;0
GGG;2014B;634986;F;East Midlands Region;A Level or Equivalent;0;30;N;15.0;False;True;False;0.0;1.0;0.0;0.0;124.6890312352047;2.8873648177219606;0
FFF;2013J;595330;M;West Midlands Region;A Level or Equivalent;0;120;N;85.0;True;False;False;0.0;1.0;0.0;0.0;107.31080082642241;3.8779907058105967;0
BBB;2014J;560208;M;East Anglian Region;Lower Than A Level;1;60;N;45.0;True;False;False;0.0;1.0;0.0;0.0;115.68340336134455;2.6219887955182073;0
FFF;2014B;625073;M;West Midlands Region;Lower Than A Level;0;60;N;35.0;True;False;False;0.0;0.6897457158651188;0.0;0.0;25.0;3.0;0
BBB;2013J;547266;F;Yorkshire Region;HE Qualification;0;60;N;15.0;False;True;False;0.0;0.0;0.0;0.0;0.0;0.0;1
CCC;2014B;616831;M;North Western Region;Lower Than A Level;0;60;N;5.0;True;False;False;0.0;0.75;1.0;54.0;80.38604661331935;1.9543604333377063;0
DDD;2013B;534910;M;South West Region;Lower Than A Level;0;90;N;15.0;True;False;False;0.0;0.9230769230769231;1.0;64.0;73.3408362123811;1.5948088956536444;0
CCC;2014B;613133;M;North Region;Post Graduate Qualification;0;60;N;47.115494568324756;True;False;False;0.0;1.0;1.0;94.0;108.61327181663358;1.9789931986835867;0
CCC;2014B;585464;M;South Region;A Level or Equivalent;0;60;N;85.0;True;False;False;0.0;0.0;0.0;0.0;0.0;0.0;1
DDD;2014J;636712;F;East Anglian Region;A Level or Equivalent;0;120;Y;45.0;True;False;False;0.0;0.0;0.0;0.0;0.0;0.0;1
CCC;2014J;686411;F;Scotland;HE Qualification;0;60;N;55.0;False;False;True;0.0;1.0;1.0;98.0;76.42523917888076;3.3553112132484504;0
FFF;2014J;536963;F;South Region;A Level or Equivalent;0;180;N;65.0;False;True;False;0.0;1.0;0.0;0.0;105.24355274776774;3.969520672736083;0
DDD;2013B;495298;F;South West Region;A Level or Equivalent;0;60;N;55.0;True;False;False;0.0;0.0;0.0;0.0;0.0;0.0;1
DDD;2014B;632482;M;South East Region;A Level or Equivalent;0;60;N;65.0;True;False;False;0.0;0.16666666666666666;0.0;0.0;26.265811965811963;1.3972222222222221;0
BBB;2013J;2383103;F;West Midlands Region;Lower Than A Level;3;60;N;5.0;True;False;False;0.0;0.0;0.0;0.0;0.0;0.0;1
BBB;2013B;511524;F;Yorkshire Region;Lower Than A Level;0;60;N;45.0;True;False;False;0.0;0.9090909090909091;0.0;0.0;119.22053156518056;1.7195494447346462;0
FFF;2014J;680506;F;East Anglian Region;HE Qualification;0;60;N;85.0;True;False;False;0.0;1.0;0.0;0.0;153.72496101964532;3.6245480495722697;0
CCC;2014B;627711;M;West Midlands Region;A Level or Equivalent;0;60;N;15.0;True;False;False;0.0;0.0;0.0;0.0;0.0;0.0;1
EEE;2014J;655484;M;East Anglian Region;A Level or Equivalent;0;90;Y;15.0;True;False;False;0.0;0.0;0.0;0.0;0.0;0.0;1
DDD;2014J;651493;F;West Midlands Region;Lower Than A Level;0;120;N;65.0;True;False;False;0.0;1.0;1.0;53.0;93.01119877298744;2.0345663929823137;0
FFF;2014B;470619;F;Scotland;A Level or Equivalent;0;120;N;35.0;True;False;False;0.0;0.9166666666666666;0.0;0.0;108.69162412468431;3.1364399523794524;0
BBB;2013J;496091;F;Yorkshire Region;Lower Than A Level;1;60;N;5.0;True;False;False;0.0;0.09090909090909091;0.0;0.0;13.120833333333334;1.9983333333333335;0
GGG;2014J;644441;F;London Region;Lower Than A Level;0;30;N;15.0;True;False;False;0.0;1.0;0.0;0.0;151.09349816849817;2.2105742687264427;0
GGG;2014J;657093;M;London Region;No Formal quals;0;60;N;15.0;False;True;False;0.0;0.0;0.0;0.0;0.0;0.0;1
EEE;2014J;336014;M;Scotland;HE Qualification;0;120;N;85.0;True;False;False;0.0;0.0;0.0;0.0;0.0;0.0;1
FFF;2013J;1064492;M;South Region;HE Qualification;0;120;N;95.0;False;True;False;0.0;1.0;0.0;0.0;92.47531231898807;3.0338813631619117;0
EEE;2013J;581533;M;South West Region;A Level or Equivalent;0;60;N;65.0;True;False;False;0.0;1.0;0.0;0.0;84.78678776683087;2.3713401067323483;0
EEE;2014B;2569912;M;Ireland;A Level or Equivalent;0;60;N;47.115494568324756;True;False;False;0.0;0.0;0.0;0.0;0.0;0.0;1
CCC;2014J;335405;M;East Anglian Region;A Level or Equivalent;0;60;N;55.0;True;False;False;0.0;1.0;1.0;98.0;123.8880213276407;2.880953736846903;0
FFF;2013J;133718;M;North Western Region;Lower Than A Level;0;60;N;35.0;True;False;False;0.0;0.16666666666666666;0.0;0.0;14.807500436071866;2.3175948767785504;0
EEE;2014B;244166;M;West Midlands Region;A Level or Equivalent;0;30;N;25.0;True;False;False;0.0;0.75;0.0;0.0;89.37531461357993;3.7869057435383966;0
BBB;2013B;355998;F;Wales;A Level or Equivalent;0;180;N;45.0;True;False;False;0.0;0.09090909090909091;0.0;0.0;11.152380952380952;1.2761904761904763;0
BBB;2013J;604292;F;North Western Region;A Level or Equivalent;0;60;N;15.0;False;True;False;0.0;1.0;0.0;0.0;129.24536040095202;2.6056096932782573;0
CCC;2014J;124711;M;London Region;Lower Than A Level;0;60;N;15.0;False;False;True;0.0;0.0;0.0;0.0;0.0;0.0;1
BBB;2014J;363213;M;Scotland;A Level or Equivalent;0;60;N;25.0;True;False;False;0.0;1.0;0.0;0.0;106.71336642284919;2.126924416579589;0
DDD;2013B;2707979;F;East Midlands Region;Lower Than A Level;0;120;N;65.0;True;False;False;0.0;0.0;0.0;0.0;0.0;0.0;0
BBB;2014J;679057;M;London Region;HE Qualification;0;120;N;15.0;False;True;False;0.0;0.0;0.0;0.0;0.0;0.0;1
CCC;2014J;601517;M;West Midlands Region;A Level or Equivalent;0;30;N;85.0;True;False;False;0.0;0.75;1.0;32.0;125.79514434922598;2.2160045547800653;0
DDD;2013J;590443;F;South West Region;A Level or Equivalent;0;90;N;35.0;True;False;False;0.0;1.0;1.0;67.0;90.06326201137563;1.6931706255968226;0
FFF;2014B;593220;M;South East Region;Lower Than A Level;0;120;N;65.0;True;False;False;0.0;0.0;0.0;0.0;0.0;0.0;1
BBB;2013J;589508;F;South East Region;HE Qualification;0;60;Y;25.0;False;True;False;0.0;1.0;0.0;0.0;89.39858105408449;1.8823736878427952;0
BBB;2014J;685079;F;North Western Region;A Level or Equivalent;0;60;N;35.0;True;False;False;0.0;0.6;0.0;0.0;74.64201388888888;6.8234375;0
DDD;2014J;688805;F;South Region;HE Qualification;0;120;N;95.0;False;True;False;0.0;0.0;0.0;0.0;0.0;0.0;1
GGG;2013J;596943;F;South East Region;A Level or Equivalent;0;30;N;65.0;True;False;False;0.0;0.8888888888888888;0.0;0.0;143.08990934186585;4.201763912416086;0
BBB;2014J;447324;F;Scotland;Lower Than A Level;0;60;N;35.0;False;True;False;0.0;0.4;0.0;0.0;37.50243902439024;1.9146341463414633;0
FFF;2013J;331417;M;Ireland;A Level or Equivalent;0;120;N;45.0;True;False;False;0.0;1.0;0.0;0.0;123.4470001443735;2.565217288959338;0
AAA;2014J;1715896;M;South Region;A Level or Equivalent;0;60;N;85.0;False;True;False;0.0;1.0;0.0;0.0;68.70628148952974;2.9868419108088595;0
GGG;2013J;549887;F;London Region;A Level or Equivalent;0;30;N;45.0;True;False;False;0.0;1.0;0.0;0.0;94.53110079177455;2.412038725655747;0
EEE;2013J;288769;F;South West Region;A Level or Equivalent;0;60;N;45.0;True;False;False;0.0;0.0;0.0;0.0;0.0;0.0;1
FFF;2014J;287258;M;Scotland;A Level or Equivalent;0;60;N;65.0;False;True;False;0.0;1.0;0.0;0.0;107.33646208378218;3.371521961158393;0
CCC;2014J;657211;M;South Region;A Level or Equivalent;0;120;N;45.0;True;False;False;0.0;0.0;0.0;0.0;0.0;0.0;1
CCC;2014B;623738;M;London Region;A Level or Equivalent;0;90;N;25.0;False;True;False;0.0;0.0;0.0;0.0;0.0;0.0;1
FFF;2014B;552284;M;East Anglian Region;A Level or Equivalent;2;120;N;85.0;True;False;False;0.0;1.0;0.0;0.0;134.5234945830184;5.4503023431594855;0
GGG;2014J;680176;F;Ireland;A Level or Equivalent;0;30;N;45.0;True;False;False;0.0;0.7777777777777778;0.0;0.0;69.2203256302521;2.1925682773109245;0
CCC;2014J;657210;M;Scotland;Lower Than A Level;0;60;N;25.0;True;False;False;0.0;0.125;0.0;0.0;14.80625;3.720833333333333;0
EEE;2014B;629627;F;South East Region;HE Qualification;0;30;N;85.0;False;True;False;0.0;0.0;0.0;0.0;0.0;0.0;1
FFF;2013B;415988;M;London Region;No Formal quals;1;120;N;5.0;True;False;False;0.0;0.9166666666666666;0.0;0.0;79.36728334154968;3.4967150745736326;0
DDD;2014J;681356;F;Scotland;HE Qualification;0;90;N;25.0;True;False;False;0.0;1.0;1.0;58.0;173.92650012025013;1.4937394781144782;0
BBB;2013J;604921;F;Ireland;Lower Than A Level;0;60;N;5.0;False;True;False;0.0;0.8181818181818182;0.0;0.0;105.78203419352113;1.8800827467189545;0
FFF;2013J;587324;M;Scotland;A Level or Equivalent;0;60;N;25.0;True;False;False;0.0;0.0;0.0;0.0;0.0;0.0;1
DDD;2013B;543383;M;North Region;A Level or Equivalent;0;60;N;35.0;True;False;False;0.0;0.0;0.0;0.0;0.0;0.0;1
DDD;2013J;577638;F;West Midlands Region;A Level or Equivalent;0;90;Y;15.0;True;False;False;0.0;0.0;0.0;0.0;0.0;0.0;1
BBB;2013B;548791;F;Scotland;HE Qualification;0;60;Y;65.0;False;True;False;0.0;0.9090909090909091;0.0;0.0;89.12524120759414;1.7796706561412445;0
DDD;2014J;496916;M;South Region;Lower Than A Level;0;60;N;45.0;False;True;False;0.0;1.0;1.0;91.0;86.77504016298977;1.7885919637028056;0
FFF;2013J;587690;F;London Region;A Level or Equivalent;0;90;N;25.0;True;False;False;0.0;1.0;0.0;0.0;67.88462563846349;3.7235704621931967;0
FFF;2014J;677456;M;Scotland;Lower Than A Level;0;60;N;5.0;False;True;False;0.0;1.0;0.0;0.0;105.63494384672613;3.6876453997751755;0
FFF;2014J;644791;M;East Midlands Region;Lower Than A Level;0;60;N;25.0;False;True;False;0.0;1.0;0.0;0.0;96.93962297470624;3.187799284702171;0
EEE;2014J;682355;M;South Region;A Level or Equivalent;0;90;N;95.0;True;False;False;0.0;1.0;0.0;0.0;114.41458669384203;2.94033772341463;0
GGG;2014J;1782236;F;South Region;A Level or Equivalent;0;30;Y;75.0;False;True;False;0.0;1.0;0.0;0.0;124.28973245273247;2.2023672623672623;0
BBB;2013B;402660;F;East Midlands Region;Lower Than A Level;0;60;N;55.0;True;False;False;0.0;0.0;0.0;0.0;0.0;0.0;1
FFF;2014J;2282620;M;West Midlands Region;A Level or Equivalent;0;60;N;5.0;True;False;False;0.0;0.3333333333333333;0.0;0.0;29.321670279154393;3.5848700142386245;0
DDD;2013J;548301;F;West Midlands Region;HE Qualification;0;60;N;45.0;True;False;False;0.0;1.0;1.0;64.0;97.30618680189515;1.9429288651620669;0
DDD;2013J;473640;M;North Western Region;Lower Than A Level;1;60;N;5.0;False;True;False;0.0;0.0;0.0;0.0;0.0;0.0;1
CCC;2014B;485594;F;West Midlands Region;A Level or Equivalent;0;180;N;35.0;True;False;False;0.0;0.0;0.0;0.0;0.0;0.0;1
EEE;2014B;578634;M;South Region;Lower Than A Level;0;60;N;47.115494568324756;True;False;False;0.0;1.0;0.0;0.0;94.06604562931093;4.881411785493419;0
GGG;2013J;575554;F;South East Region;A Level or Equivalent;0;30;N;15.0;False;True;False;0.0;0.6666666666666666;0.0;0.0;105.31454613095238;1.5829613095238095;0
EEE;2014J;680442;M;Scotland;Lower Than A Level;0;120;N;65.0;True;False;False;0.0;0.0;0.0;0.0;0.0;0.0;1
AAA;2014J;275792;F;East Anglian Region;HE Qualification;0;60;N;55.0;True;False;False;0.0;1.0;0.0;0.0;108.54198412414526;2.521226950798562;0
CCC;2014J;188273;F;East Anglian Region;A Level or Equivalent;0;60;N;15.0;True;False;False;0.0;0.75;1.0;70.0;59.07844733768648;2.0455121569252004;0
DDD;2014J;647937;M;West Midlands Region;A Level or Equivalent;0;120;Y;5.0;True;False;False;0.0;1.0;1.0;84.0;98.53624423963134;1.3859924530822147;0
CCC;2014B;596699;M;East Anglian Region;HE Qualification;0;240;N;35.0;True;False;False;0.0;0.0;0.0;0.0;0.0;0.0;1
FFF;2013J;307245;M;North Region;Lower Than A Level;2;60;N;75.0;True;False;False;0.0;1.0;0.0;0.0;76.27798489255443;4.1303802460689205;0
FFF;2014B;572870;M;East Midlands Region;A Level or Equivalent;0;120;N;25.0;False;True;False;0.0;1.0;0.0;0.0;82.08412737876465;2.758848904083259;0
BBB;2014B;626843;F;London Region;A Level or Equivalent;0;60;N;5.0;True;False;False;0.0;0.6363636363636364;0.0;0.0;98.15288220551379;1.5704260651629074;0
BBB;2014B;613047;F;Scotland;Lower Than A Level;0;60;N;25.0;False;True;False;0.0;0.8181818181818182;0.0;0.0;88.19957983193277;2.0794817927170866;0
BBB;2013J;498755;F;London Region;A Level or Equivalent;0;120;N;5.0;True;False;False;0.0;1.0;0.0;0.0;79.62282913165267;2.212920168067227;0
CCC;2014J;628618;M;South West Region;A Level or Equivalent;0;30;N;65.0;True;False;False;0.0;0.375;0.0;0.0;77.63809523809525;3.438095238095238;0
FFF;2014B;622701;M;North Western Region;A Level or Equivalent;0;90;Y;15.0;True;False;False;0.0;0.9166666666666666;0.0;0.0;89.89749402710635;2.7326867507370443;0
GGG;2014B;568572;M;London Region;A Level or Equivalent;0;90;N;65.0;False;True;False;0.0;0.0;0.0;0.0;0.0;0.0;1
BBB;2013J;559382;F;South West Region;A Level or Equivalent;0;180;N;85.0;True;False;False;0.0;1.0;0.0;0.0;118.07396254058763;1.4030517560631601;0
BBB;2013B;472182;F;South East Region;A Level or Equivalent;0;120;Y;25.0;True;False;False;0.0;0.0;0.0;0.0;0.0;0.0;1
FFF;2013J;578152;M;Wales;Lower Than A Level;0;90;N;95.0;True;False;False;0.0;0.0;0.0;0.0;0.0;0.0;1
CCC;2014B;616439;M;East Anglian Region;A Level or Equivalent;0;60;N;55.0;True;False;False;0.0;0.0;0.0;0.0;0.0;0.0;1
DDD;2013J;566185;F;West Midlands Region;A Level or Equivalent;0;120;N;5.0;False;True;False;0.0;1.0;1.0;40.0;96.62969628064091;1.4377669049961423;0
CCC;2014J;566464;M;South Region;A Level or Equivalent;0;60;N;15.0;True;False;False;0.0;0.625;1.0;64.0;117.80576548566046;1.4323516776630056;0
CCC;2014B;2436400;M;North Western Region;Lower Than A Level;0;90;N;25.0;False;True;False;0.0;0.0;0.0;0.0;0.0;0.0;1
DDD;2014B;474153;M;London Region;Lower Than A Level;3;150;N;5.0;True;False;False;0.0;0.6666666666666666;0.0;0.0;51.1436681344681;1.8136099316202081;0
CCC;2014J;2216442;M;Yorkshire Region;No Formal quals;0;90;N;35.0;True;False;False;0.0;0.0;0.0;0.0;0.0;0.0;1
FFF;2013B;2522335;M;Scotland;A Level or Equivalent;1;60;N;85.0;True;False;False;0.0;1.0;0.0;0.0;111.83716160258498;1.9774065588682526;0
DDD;2013B;146089;M;North Western Region;HE Qualification;0;60;N;5.0;True;False;False;0.0;0.6377753701697364;0.5652582159624413;31.854460093896712;62.0;1.0;0
BBB;2014J;484550;F;Wales;Lower Than A Level;0;120;N;15.0;True;False;False;0.0;0.2;0.0;0.0;11.31388888888889;1.527777777777778;0
FFF;2014B;163332;M;London Region;HE Qualification;0;60;N;15.0;False;True;False;0.0;0.25;0.0;0.0;57.59312993272949;1.852672722778396;0
BBB;2013B;395107;F;East Anglian Region;Lower Than A Level;0;180;N;75.0;True;False;False;0.0;0.0;0.0;0.0;0.0;0.0;1
CCC;2014J;682961;M;North Region;Lower Than A Level;0;60;N;47.115494568324756;False;True;False;0.0;1.0;1.0;100.0;95.49857911051797;2.4108609927283324;0
FFF;2014J;640752;M;North Western Region;HE Qualification;0;60;N;55.0;True;False;False;0.0;0.9166666666666666;0.0;0.0;128.9496506444571;4.774949407342956;0
BBB;2013J;84812;F;East Anglian Region;A Level or Equivalent;0;120;N;85.0;True;False;False;0.0;1.0;0.0;0.0;81.95035986616868;1.9483567215302198;0
GGG;2014J;237921;F;London Region;Lower Than A Level;0;30;N;55.0;False;True;False;0.0;1.0;0.0;0.0;132.60304701962986;3.213273847755272;0
FFF;2014B;618216;F;South East Region;A Level or Equivalent;0;60;N;95.0;True;False;False;0.0;1.0;0.0;0.0;108.50710661644509;2.9139970235656607;0
DDD;2013B;338669;M;North Western Region;Lower Than A Level;0;60;N;75.0;True;False;False;0.0;0.0;0.0;0.0;0.0;0.0;1
FFF;2013B;529381;M;London Region;Lower Than A Level;0;60;N;35.0;False;True;False;0.0;0.0;0.0;0.0;0.0;0.0;1
DDD;2013J;567304;M;London Region;Lower Than A Level;0;60;N;45.0;True;False;False;0.0;0.6666666666666666;1.0;64.0;122.32975561260446;2.601701399375818;0
CCC;2014B;630635;M;London Region;A Level or Equivalent;0;60;N;5.0;False;True;False;0.0;0.75;0.0;0.0;116.0381592854144;2.7966051237855316;0
FFF;2013B;558018;M;North Region;A Level or Equivalent;0;60;N;47.115494568324756;False;True;False;0.0;1.0;0.0;0.0;82.26113101487248;2.884397184424754;0
BBB;2013J;567429;F;East Midlands Region;Lower Than A Level;0;60;N;65.0;True;False;False;0.0;0.8181818181818182;0.0;0.0;93.52024429563492;1.8870256696428571;0
FFF;2014J;599297;M;Yorkshire Region;A Level or Equivalent;1;120;N;15.0;True;False;False;0.0;0.16666666666666666;0.0;0.0;16.878307169021454;1.807598116169545;0
FFF;2013J;574856;M;Wales;Lower Than A Level;0;60;N;25.0;True;False;False;0.0;0.08333333333333333;0.0;0.0;17.65646853146853;2.0067016317016315;0
FFF;2013B;551137;M;Yorkshire Region;Lower Than A Level;0;60;N;5.0;False;True;False;0.0;0.0;0.0;0.0;0.0;0.0;1
DDD;2014J;407487;F;South West Region;A Level or Equivalent;1;120;N;55.0;True;False;False;0.0;0.6666666666666666;0.0;0.0;42.32048898071625;1.5446625344352618;0
FFF;2014J;645638;M;South West Region;A Level or Equivalent;0;120;N;75.0;True;False;False;0.0;0.0;0.0;0.0;0.0;0.0;1
FFF;2013J;606990;M;London Region;Lower Than A Level;0;60;N;35.0;True;False;False;0.0;0.9166666666666666;0.0;0.0;88.85549696925911;3.255763696840767;0
BBB;2013B;553572;F;Yorkshire Region;A Level or Equivalent;0;60;N;25.0;False;True;False;0.0;1.0;0.0;0.0;116.57175690836827;1.6103751036131329;0
FFF;2013B;420699;M;Ireland;A Level or Equivalent;0;60;N;47.115494568324756;False;True;False;0.0;0.9166666666666666;0.0;0.0;89.49107788343998;2.4821791447918;0
CCC;2014B;603791;M;Scotland;Lower Than A Level;0;120;N;25.0;True;False;False;0.0;0.5308303886925795;0.5279151943462898;36.93851590106007;0.5714285714285714;01.май;0
CCC;2014J;648590;M;London Region;A Level or Equivalent;0;120;N;95.0;True;False;False;0.0;1.0;1.0;32.0;53.66531882812029;2.5336888053300255;0
DDD;2013J;474385;F;North Western Region;Lower Than A Level;1;60;N;55.0;True;False;False;0.0;0.0;0.0;0.0;0.0;0.0;1
DDD;2014J;233868;M;South Region;HE Qualification;1;60;N;35.0;True;False;False;0.0;0.16666666666666666;0.0;0.0;36.6;2.683333333333333;0
EEE;2014J;675773;M;Yorkshire Region;A Level or Equivalent;0;90;N;25.0;True;False;False;0.0;1.0;0.0;0.0;71.61942243271578;3.390643377233934;0
BBB;2014B;565402;F;South Region;Lower Than A Level;1;180;N;85.0;True;False;False;0.0;0.0;0.0;0.0;0.0;0.0;1
DDD;2013J;205442;M;Ireland;HE Qualification;0;60;N;47.115494568324756;False;True;False;0.0;1.0;1.0;84.0;112.25235459489663;1.6491182624381995;0
FFF;2014J;638388;M;East Anglian Region;A Level or Equivalent;0;60;N;65.0;True;False;False;0.0;1.0;0.0;0.0;110.29501544036084;3.9428436915547214;0
FFF;2013J;2290883;M;North Region;HE Qualification;0;60;N;85.0;False;True;False;0.0;1.0;0.0;0.0;114.46421293908745;3.3976948513285774;0
DDD;2013J;1580084;F;North Western Region;A Level or Equivalent;0;60;N;45.0;False;True;False;0.0;0.6666666666666666;0.0;0.0;59.82583754202336;1.6219255351868516;0
BBB;2014B;627613;M;North Western Region;Lower Than A Level;0;60;N;95.0;True;False;False;0.0;0.18181818181818182;0.0;0.0;15.591452991452993;2.2683760683760683;0
BBB;2013J;586996;F;Wales;A Level or Equivalent;0;60;N;95.0;False;True;False;0.0;1.0;0.0;0.0;112.34274403924326;1.678324745132041;0
GGG;2013J;2638532;M;South West Region;A Level or Equivalent;0;30;N;45.0;False;True;False;0.0;1.0;0.0;0.0;145.7219987995198;4.524099639855942;0
FFF;2013J;607011;M;East Anglian Region;A Level or Equivalent;0;60;N;25.0;False;True;False;0.0;0.16666666666666666;0.0;0.0;17.06084393216746;2.1197005829358773;0
BBB;2013B;435245;F;Yorkshire Region;Lower Than A Level;0;60;N;15.0;False;True;False;0.0;0.9090909090909091;0.0;0.0;79.09751606841188;1.6256414218050448;0
DDD;2013J;585098;M;West Midlands Region;A Level or Equivalent;0;60;N;95.0;True;False;False;0.0;1.0;1.0;47.0;122.26322378362042;1.5599179590116226;0
DDD;2014B;609570;F;West Midlands Region;HE Qualification;0;60;N;65.0;True;False;False;0.0;0.6666666666666666;0.0;0.0;67.38751150218542;1.6209694425274135;0
GGG;2014J;637280;M;West Midlands Region;Lower Than A Level;0;30;N;45.0;True;False;False;0.0;1.0;0.0;0.0;139.40802125774553;3.866702697493139;0
DDD;2013J;594880;F;South East Region;A Level or Equivalent;0;90;N;45.0;True;False;False;0.0;0.0;0.0;0.0;0.0;0.0;1
CCC;2014J;483108;F;North Western Region;A Level or Equivalent;1;30;N;85.0;True;False;False;0.0;0.25;0.0;0.0;58.93521349565467;1.9634933304855906;0
FFF;2014J;657330;M;North Region;A Level or Equivalent;0;60;N;15.0;True;False;False;0.0;1.0;0.0;0.0;75.35875794064565;3.3513742724102125;0
AAA;2014J;390890;M;Scotland;A Level or Equivalent;1;90;N;5.0;True;False;False;0.0;1.0;0.0;0.0;121.12537868480725;2.5708616780045355;0
BBB;2014B;507009;F;London Region;Lower Than A Level;0;120;N;25.0;False;True;False;0.0;0.0;0.0;0.0;0.0;0.0;1
BBB;2014J;652605;F;North Western Region;HE Qualification;0;120;N;5.0;True;False;False;0.0;1.0;0.0;0.0;59.048363095238095;2.4769345238095237;0
FFF;2013B;550272;M;South Region;A Level or Equivalent;0;60;N;85.0;True;False;False;0.0;1.0;0.0;0.0;116.6650125958617;3.6153459060942614;0
GGG;2014B;619520;F;South East Region;Lower Than A Level;0;30;Y;25.0;True;False;False;0.0;0.3333333333333333;0.0;0.0;112.46825396825398;1.6253968253968254;0
DDD;2014J;2418277;M;East Midlands Region;HE Qualification;0;60;N;95.0;False;True;False;0.0;0.8333333333333334;1.0;49.0;100.27371681235608;1.8152749760580311;0
DDD;2014J;103891;M;South Region;HE Qualification;1;90;N;75.0;True;False;False;0.0;0.0;0.0;0.0;0.0;0.0;1
DDD;2014J;495903;M;West Midlands Region;Lower Than A Level;0;60;N;5.0;True;False;False;0.0;0.0;0.0;0.0;0.0;0.0;1
DDD;2014J;674388;M;North Western Region;Lower Than A Level;0;120;N;5.0;True;False;False;0.0;0.6666666666666666;1.0;44.0;82.84519961830885;1.5921457289953624;0
DDD;2013J;240641;F;North Region;A Level or Equivalent;0;60;N;47.115494568324756;True;False;False;0.0;1.0;1.0;64.0;76.2871339351898;1.7936166152212156;0
GGG;2014B;594167;F;East Anglian Region;Lower Than A Level;0;30;N;55.0;True;False;False;0.0;1.0;0.0;0.0;123.58846595655807;4.135458437761069;0
CCC;2014B;559770;M;South East Region;HE Qualification;0;60;N;95.0;False;True;False;0.0;1.0;1.0;54.0;118.77263015824036;2.293490540012633;0
FFF;2014B;630654;M;East Anglian Region;Lower Than A Level;0;90;N;45.0;True;False;False;0.0;1.0;0.0;0.0;150.40572453185823;4.209707175992013;0
DDD;2014J;381439;M;Scotland;HE Qualification;0;60;N;95.0;False;True;False;0.0;0.0;0.0;0.0;0.0;0.0;1
FFF;2013J;603260;F;South West Region;Lower Than A Level;0;60;N;95.0;True;False;False;0.0;0.0;0.0;0.0;0.0;0.0;1
FFF;2014B;623474;M;North Western Region;Lower Than A Level;0;60;N;65.0;True;False;False;0.0;0.08333333333333333;0.0;0.0;15.49804952881876;2.3338264299802765;0
FFF;2014B;628098;M;London Region;A Level or Equivalent;0;60;N;55.0;True;False;False;0.0;1.0;0.0;0.0;69.55374364565488;3.388742355986325;0
DDD;2013J;545093;F;South West Region;A Level or Equivalent;0;60;N;95.0;True;False;False;0.0;1.0;1.0;82.0;107.36473787079055;2.070074509672745;0
AAA;2014J;2085209;F;North Region;HE Qualification;0;60;N;45.0;False;True;False;0.0;1.0;0.0;0.0;133.51573904995;4.617648714595172;0
CCC;2014B;556246;M;North Region;Lower Than A Level;0;60;N;47.115494568324756;True;False;False;0.0;1.0;1.0;90.0;94.07891666700999;2.233844747599524;0
FFF;2014J;640393;M;Scotland;A Level or Equivalent;0;120;N;35.0;True;False;False;0.0;0.0;0.0;0.0;0.0;0.0;1
DDD;2014B;434841;M;Scotland;A Level or Equivalent;0;60;N;45.0;True;False;False;0.0;0.16666666666666666;1.0;44.0;61.81;1.8366666666666667;0
DDD;2014B;629725;M;North Western Region;A Level or Equivalent;0;60;N;75.0;True;False;False;0.0;0.8333333333333334;1.0;78.0;81.50079400592357;1.6251264279412652;0
BBB;2014J;652149;F;East Anglian Region;No Formal quals;0;60;N;25.0;True;False;False;0.0;1.0;0.0;0.0;99.83923784703755;3.48306710870002;0
FFF;2014B;630966;M;North Western Region;A Level or Equivalent;0;60;N;25.0;True;False;False;0.0;1.0;0.0;0.0;99.53959328065568;3.760774500839533;0
DDD;2014J;564000;F;Wales;A Level or Equivalent;1;60;N;65.0;True;False;False;0.0;0.0;0.0;0.0;0.0;0.0;1
DDD;2014J;609242;M;North Western Region;Lower Than A Level;1;120;N;15.0;True;False;False;0.0;0.0;0.0;0.0;0.0;0.0;1
DDD;2014J;636503;F;East Midlands Region;A Level or Equivalent;0;120;N;15.0;True;False;False;0.0;0.6666666666666666;1.0;40.0;97.13203786183756;1.4448246255998598;0
DDD;2013J;366267;F;North Region;Lower Than A Level;1;60;N;25.0;True;False;False;0.0;0.0;0.0;0.0;0.0;0.0;1
DDD;2014B;628333;F;South Region;A Level or Equivalent;0;60;Y;75.0;True;False;False;0.0;0.8333333333333334;1.0;49.0;89.00476932733031;1.6566954951101294;0
BBB;2014J;2677541;F;Wales;Lower Than A Level;1;120;N;55.0;True;False;False;0.0;0.8;0.0;0.0;102.85142889800176;2.773289020271574;0
DDD;2013J;1903131;M;East Anglian Region;Lower Than A Level;0;120;N;45.0;False;True;False;0.0;0.0;0.0;0.0;0.0;0.0;1
FFF;2014B;633924;M;London Region;HE Qualification;0;60;N;15.0;False;True;False;0.0;0.5833333333333334;0.0;0.0;66.46656410231479;2.691796985444492;0
FFF;2013J;600676;M;South East Region;Lower Than A Level;0;60;N;65.0;False;True;False;0.0;1.0;0.0;0.0;101.33210756391236;2.8494972941221794;0
DDD;2014J;614912;F;West Midlands Region;A Level or Equivalent;0;60;N;65.0;True;False;False;0.0;0.0;0.0;0.0;0.0;0.0;1
EEE;2014J;586474;M;East Anglian Region;A Level or Equivalent;0;30;N;95.0;True;False;False;0.0;0.75;0.0;0.0;89.87768829822606;4.450381004070935;0
EEE;2014B;571963;M;North Region;A Level or Equivalent;1;90;N;35.0;True;False;False;0.0;1.0;0.0;0.0;101.014312335789;3.2502758053823912;0
BBB;2013J;541171;F;Wales;A Level or Equivalent;0;120;N;65.0;True;False;False;0.0;0.0;0.0;0.0;0.0;0.0;1
BBB;2014J;572106;F;West Midlands Region;A Level or Equivalent;0;90;N;45.0;True;False;False;0.0;0.6;0.0;0.0;79.8;февр.35;0
FFF;2013J;580477;M;East Anglian Region;Lower Than A Level;0;120;Y;85.0;True;False;False;0.0;0.0;0.0;0.0;0.0;0.0;1
FFF;2014J;674935;M;Wales;A Level or Equivalent;0;90;N;95.0;True;False;False;0.0;0.0;0.0;0.0;0.0;0.0;1
CCC;2014J;520332;M;Scotland;A Level or Equivalent;1;60;N;15.0;True;False;False;0.0;0.5;1.0;44.0;117.42366302656083;1.812287481282973;0
BBB;2014B;560920;F;London Region;A Level or Equivalent;1;120;N;35.0;False;True;False;0.0;0.0;0.0;0.0;0.0;0.0;1
GGG;2014J;678618;F;South East Region;Lower Than A Level;0;30;N;85.0;True;False;False;0.0;1.0;0.0;0.0;142.46942110177403;2.7471521942110178;0
FFF;2013J;581253;M;West Midlands Region;Lower Than A Level;0;60;N;55.0;False;True;False;0.0;0.8333333333333334;0.0;0.0;148.44987798341086;4.2242239307885034;0
BBB;2014J;648182;F;South West Region;A Level or Equivalent;0;60;N;45.0;False;True;False;0.0;0.8;0.0;0.0;78.94482435294307;2.4407308677387247;0
FFF;2014B;443007;M;North Western Region;A Level or Equivalent;0;60;N;15.0;True;False;False;0.0;1.0;0.0;0.0;86.0493626507044;3.0795970903546874;0
FFF;2013J;597241;M;West Midlands Region;A Level or Equivalent;0;120;N;5.0;True;False;False;0.0;1.0;0.0;0.0;78.79413761509117;3.0622420945341573;0
CCC;2014B;1551895;M;North Western Region;HE Qualification;0;120;N;35.0;False;True;False;0.0;0.0;0.0;0.0;0.0;0.0;1
CCC;2014J;490313;M;East Anglian Region;A Level or Equivalent;0;30;N;55.0;True;False;False;0.0;0.0;0.0;0.0;0.0;0.0;1
BBB;2014J;623441;F;Yorkshire Region;A Level or Equivalent;0;60;N;5.0;False;True;False;0.0;1.0;0.0;0.0;49.28179244407315;3.4760547201336673;0
BBB;2013J;573831;F;East Midlands Region;Lower Than A Level;0;60;Y;5.0;True;False;False;0.0;0.7272727272727273;0.0;0.0;83.08530584823689;1.8826140852002922;0
FFF;2014J;681973;M;South East Region;A Level or Equivalent;0;60;N;95.0;True;False;False;0.0;0.8333333333333334;0.0;0.0;135.6209030977899;5.50977296917745;0
BBB;2014B;200506;F;North Western Region;Lower Than A Level;0;60;N;35.0;False;True;False;0.0;0.0;0.0;0.0;0.0;0.0;1
BBB;2014B;612919;F;Scotland;A Level or Equivalent;0;75;N;25.0;False;True;False;0.0;1.0;0.0;0.0;109.78130426087682;1.5602585350589488;0
BBB;2014B;626746;F;South Region;A Level or Equivalent;0;60;N;75.0;True;False;False;0.0;0.0;0.0;0.0;0.0;0.0;1
EEE;2014J;684225;M;South Region;A Level or Equivalent;0;60;N;85.0;True;False;False;0.0;1.0;0.0;0.0;121.35459000347322;3.3482292611086306;0
DDD;2013J;593338;M;East Midlands Region;Lower Than A Level;0;60;N;65.0;True;False;False;0.0;0.8333333333333334;1.0;42.0;77.37072899777819;1.8198931457128178;0
BBB;2013J;251815;F;Wales;Lower Than A Level;1;90;Y;15.0;False;True;False;0.0;0.5454545454545454;0.0;0.0;163.54166666666666;2.5416666666666665;0
CCC;2014B;129198;F;North Western Region;HE Qualification;0;150;Y;25.0;False;True;False;0.0;0.0;0.0;0.0;0.0;0.0;1
DDD;2013B;521755;F;North Region;Lower Than A Level;1;120;N;25.0;True;False;False;0.0;0.0;0.0;0.0;0.0;0.0;1
CCC;2014J;530663;F;South Region;A Level or Equivalent;0;150;N;55.0;True;False;False;0.0;1.0;1.0;94.0;64.44176691837853;1.835838293996159;0
DDD;2013J;319479;F;Scotland;HE Qualification;0;60;N;65.0;True;False;False;0.0;0.0;0.0;0.0;0.0;0.0;1
FFF;2013J;568774;M;West Midlands Region;A Level or Equivalent;0;120;N;15.0;True;False;False;0.0;0.9166666666666666;0.0;0.0;108.35265356019471;4.271244907170321;0
EEE;2013J;610503;M;West Midlands Region;A Level or Equivalent;0;60;N;25.0;True;False;False;0.0;1.0;0.0;0.0;85.17473083198277;2.80449776087077;0
FFF;2014B;613461;M;Scotland;Lower Than A Level;0;90;N;95.0;True;False;False;0.0;1.0;0.0;0.0;124.11017587829222;2.4384412786351843;0
DDD;2013J;2688422;F;South Region;A Level or Equivalent;0;120;Y;65.0;True;False;False;0.0;0.0;0.0;0.0;0.0;0.0;1
BBB;2013J;106588;F;Scotland;A Level or Equivalent;0;60;N;65.0;False;True;False;0.0;1.0;0.0;0.0;101.62603262335567;1.8798380430736086;0
BBB;2013B;535760;F;East Anglian Region;A Level or Equivalent;0;60;N;35.0;True;False;False;0.0;1.0;0.0;0.0;68.54825977720715;1.7730394783026362;0
FFF;2014J;653659;M;North Region;A Level or Equivalent;0;60;N;25.0;True;False;False;0.0;0.16666666666666666;0.0;0.0;22.752891156462585;1.9941609977324262;0
DDD;2013B;2231961;M;London Region;HE Qualification;1;60;N;15.0;False;True;False;0.0;0.9230769230769231;1.0;82.0;80.45471393507275;1.543665785245897;0
FFF;2014B;551636;M;North Western Region;A Level or Equivalent;2;120;N;55.0;True;False;False;0.0;0.0;0.0;0.0;0.0;0.0;1
FFF;2014J;679251;M;Wales;Lower Than A Level;0;120;Y;55.0;True;False;False;0.0;0.8333333333333334;0.0;0.0;94.39396522209022;2.705021562313229;0
DDD;2013B;2141506;F;North Region;A Level or Equivalent;1;120;N;65.0;False;True;False;0.0;0.0;0.0;0.0;0.0;0.0;1
CCC;2014J;2434666;M;London Region;HE Qualification;0;60;N;55.0;True;False;False;0.0;1.0;1.0;100.0;107.05689342403629;2.0589115646258502;0
DDD;2013J;401947;M;North Region;Lower Than A Level;0;60;N;15.0;False;True;False;0.0;0.0;0.0;0.0;0.0;0.0;1
BBB;2014J;648820;F;East Anglian Region;Lower Than A Level;0;180;N;75.0;True;False;False;0.0;0.0;0.0;0.0;0.0;0.0;1
BBB;2013J;512977;M;North Western Region;A Level or Equivalent;0;60;N;5.0;True;False;False;0.0;1.0;0.0;0.0;124.5284178187404;1.8179723502304146;0
CCC;2014J;636628;M;South East Region;A Level or Equivalent;0;120;Y;35.0;True;False;False;0.0;0.0;0.0;0.0;0.0;0.0;1
BBB;2014J;601706;F;East Anglian Region;A Level or Equivalent;1;120;Y;75.0;True;False;False;0.0;0.6;0.0;0.0;85.01218868850448;2.434581646423752;0
DDD;2013J;484999;M;South Region;Lower Than A Level;1;60;N;75.0;True;False;False;0.0;0.0;0.0;0.0;0.0;0.0;1
BBB;2013B;371679;F;South East Region;Lower Than A Level;2;120;N;75.0;True;False;False;0.0;1.0;0.0;0.0;46.22629721227282;1.5393747512649951;0
GGG;2014B;344098;F;South West Region;A Level or Equivalent;0;30;N;5.0;True;False;False;0.0;0.6666666666666666;0.0;0.0;108.35357864357864;2.548871375538042;0
BBB;2014J;685592;F;South Region;Lower Than A Level;0;60;N;95.0;False;True;False;0.0;0.8;0.0;0.0;110.59079352990243;2.5778630060808276;0
FFF;2014B;495580;F;Wales;A Level or Equivalent;0;90;N;15.0;True;False;False;0.0;0.6897457158651188;0.0;0.0;6.0;янв.25;0
FFF;2014J;1998834;M;South Region;A Level or Equivalent;0;80;N;55.0;True;False;False;0.0;0.8333333333333334;0.0;0.0;129.27282369226728;2.544133670387925;0
GGG;2014J;675242;F;Yorkshire Region;Lower Than A Level;0;30;N;25.0;True;False;False;0.0;1.0;0.0;0.0;112.09402852049911;3.438799762329174;0
FFF;2014J;526819;M;London Region;A Level or Equivalent;3;90;N;15.0;True;False;False;0.0;0.9166666666666666;0.0;0.0;168.94559248804555;5.639112461703865;0
GGG;2014J;372141;F;South East Region;A Level or Equivalent;0;30;N;65.0;True;False;False;0.0;0.8888888888888888;0.0;0.0;141.2446943644081;3.076171337424932;0
CCC;2014B;481024;F;London Region;A Level or Equivalent;0;90;N;25.0;False;True;False;0.0;0.0;0.0;0.0;0.0;0.0;1
BBB;2013J;595570;F;South East Region;A Level or Equivalent;0;60;N;75.0;True;False;False;0.0;0.9090909090909091;0.0;0.0;96.550617781066;2.210396231143064;0
FFF;2014J;583056;M;Ireland;A Level or Equivalent;1;60;N;65.0;True;False;False;0.0;0.9166666666666666;0.0;0.0;118.60385854167285;5.213015205577401;0
DDD;2014B;626405;M;Wales;A Level or Equivalent;0;60;N;85.0;True;False;False;0.0;0.6666666666666666;0.0;0.0;44.58283717141788;1.4765877407130548;0
DDD;2014B;620951;M;Scotland;Lower Than A Level;0;60;N;15.0;False;True;False;0.0;0.0;0.0;0.0;0.0;0.0;1
DDD;2013B;560391;M;London Region;HE Qualification;0;60;N;35.0;False;True;False;0.0;0.9230769230769231;1.0;73.0;89.24423796800897;1.4057690657418607;0
BBB;2013B;551053;F;Wales;Lower Than A Level;0;60;Y;15.0;False;True;False;0.0;0.0;0.0;0.0;0.0;0.0;1
BBB;2013B;312141;F;Yorkshire Region;Lower Than A Level;1;60;N;25.0;False;True;False;0.0;0.09090909090909091;0.0;0.0;8.0;2.060185185185185;0
FFF;2013J;2337889;M;West Midlands Region;A Level or Equivalent;1;60;Y;15.0;True;False;False;0.0;1.0;0.0;0.0;105.04781229216019;4.345954042521989;0
EEE;2013J;582768;M;Ireland;A Level or Equivalent;0;90;Y;95.0;True;False;False;0.0;0.25;0.0;0.0;46.6953125;2.4791666666666665;0
BBB;2014B;512118;F;South East Region;Lower Than A Level;0;60;N;45.0;True;False;False;0.0;0.0;0.0;0.0;0.0;0.0;1
FFF;2013B;512305;M;London Region;Lower Than A Level;1;150;N;45.0;True;False;False;0.0;0.0;0.0;0.0;0.0;0.0;1
GGG;2014B;634273;F;West Midlands Region;Lower Than A Level;0;30;N;35.0;True;False;False;0.0;0.1111111111111111;0.0;0.0;49.675327940033824;2.6975067416243883;0
FFF;2014J;634601;F;West Midlands Region;A Level or Equivalent;0;90;N;55.0;True;False;False;0.0;0.25;0.0;0.0;38.16118514230373;3.736072758192186;0
DDD;2013J;549160;M;East Anglian Region;A Level or Equivalent;0;120;N;65.0;True;False;False;0.0;0.0;0.0;0.0;0.0;0.0;1
BBB;2014J;632431;F;South West Region;Lower Than A Level;1;60;N;25.0;False;True;False;0.0;0.0;0.0;0.0;0.0;0.0;1
BBB;2014J;645256;F;South East Region;HE Qualification;0;60;N;95.0;False;True;False;0.0;0.8;0.0;0.0;121.63002394708279;2.5569523324425667;0
DDD;2014J;1794309;M;East Midlands Region;Lower Than A Level;0;60;N;95.0;False;True;False;0.0;0.0;0.0;0.0;0.0;0.0;1
EEE;2013J;233771;M;South West Region;A Level or Equivalent;0;60;N;25.0;True;False;False;0.0;1.0;0.0;0.0;84.25885982390088;3.062671939039307;0
BBB;2013B;557060;F;South West Region;HE Qualification;0;60;N;25.0;False;True;False;0.0;0.8181818181818182;0.0;0.0;89.04703703703703;7.014179894179894;0
EEE;2013J;586473;M;East Midlands Region;A Level or Equivalent;0;60;Y;75.0;True;False;False;0.0;0.75;0.0;0.0;52.08445491144721;4.359026123845898;0
FFF;2014B;622164;M;Yorkshire Region;A Level or Equivalent;0;60;N;25.0;True;False;False;0.0;0.0;0.0;0.0;0.0;0.0;1
BBB;2014J;606442;F;East Anglian Region;A Level or Equivalent;0;60;N;25.0;True;False;False;0.0;0.8;0.0;0.0;85.36689189189188;3.069022869022869;0
FFF;2013J;501922;M;London Region;Lower Than A Level;1;120;N;5.0;True;False;False;0.0;0.7045980078263963;0.0;0.0;23.июнь;2.0;0
GGG;2013J;585236;F;South West Region;Lower Than A Level;0;30;N;15.0;True;False;False;0.0;0.7777777777777778;0.0;0.0;156.58455882352942;1.507843137254902;0
GGG;2014B;611534;F;London Region;Lower Than A Level;1;60;N;25.0;False;True;False;0.0;0.1111111111111111;0.0;0.0;49.20634920634921;2.158730158730159;0
FFF;2014J;594065;M;South East Region;A Level or Equivalent;0;60;N;45.0;True;False;False;0.0;1.0;0.0;0.0;115.83711008820836;2.860163239528695;0
DDD;2013J;594079;M;Yorkshire Region;Lower Than A Level;0;60;N;5.0;True;False;False;0.0;0.0;0.0;0.0;0.0;0.0;1
DDD;2013J;588352;F;Scotland;HE Qualification;0;60;N;85.0;True;False;False;0.0;1.0;1.0;29.0;85.17762812749109;1.3143112207454695;0
GGG;2013J;592059;F;South East Region;Lower Than A Level;0;30;N;35.0;True;False;False;0.0;1.0;0.0;0.0;157.41724025974028;2.7446915584415588;0
CCC;2014B;632900;F;West Midlands Region;A Level or Equivalent;0;60;N;75.0;True;False;False;0.0;0.5;1.0;82.0;91.8785018541484;2.389347080654552;0
BBB;2013B;551282;F;London Region;HE Qualification;0;60;N;45.0;True;False;False;0.0;0.9090909090909091;0.0;0.0;81.15125;2.5254166666666666;0
FFF;2013J;594558;M;West Midlands Region;A Level or Equivalent;0;60;N;25.0;True;False;False;0.0;1.0;0.0;0.0;108.8959928101675;2.964768356334009;0
AAA;2013J;229361;M;East Midlands Region;A Level or Equivalent;0;60;N;55.0;True;False;False;10.125;1.0;0.0;0.0;116.53545756088377;4.096859189331772;0
DDD;2014J;100561;M;East Anglian Region;Lower Than A Level;1;60;N;75.0;True;False;False;0.0;1.0;1.0;31.0;122.67471445759534;1.4721195732553072;0
EEE;2013J;556521;M;East Anglian Region;A Level or Equivalent;0;60;Y;55.0;True;False;False;0.0;1.0;0.0;0.0;92.08794926630465;3.6510895066128994;0
DDD;2013J;605005;M;South Region;Lower Than A Level;0;60;N;55.0;True;False;False;0.0;0.0;0.0;0.0;0.0;0.0;1
DDD;2013J;585929;M;North Western Region;A Level or Equivalent;0;120;N;15.0;True;False;False;0.0;0.0;0.0;0.0;0.0;0.0;1
DDD;2013J;496154;F;South Region;A Level or Equivalent;0;60;N;55.0;False;True;False;0.0;0.0;0.0;0.0;0.0;0.0;1
CCC;2014J;548926;F;East Anglian Region;A Level or Equivalent;1;60;N;75.0;True;False;False;0.0;0.25;0.0;0.0;84.61111111111111;3.853703703703704;0
AAA;2014J;1926668;M;London Region;Lower Than A Level;0;60;N;35.0;False;True;False;0.0;1.0;0.0;0.0;75.59915581975733;4.021103287058922;0
FFF;2014B;623786;M;London Region;A Level or Equivalent;0;90;N;35.0;True;False;False;0.0;0.08333333333333333;0.0;0.0;25.220238095238095;1.3214285714285714;0
EEE;2013J;465845;M;Scotland;A Level or Equivalent;0;30;Y;15.0;True;False;False;0.0;0.0;0.0;0.0;0.0;0.0;1
DDD;2014J;335018;F;London Region;Lower Than A Level;2;60;N;55.0;True;False;False;0.0;0.6666666666666666;1.0;60.0;98.8673777203189;1.5146789485024779;0
FFF;2013J;596938;M;West Midlands Region;A Level or Equivalent;0;60;N;65.0;True;False;False;0.0;1.0;0.0;0.0;111.45501651824189;3.9005465456054367;0
EEE;2013J;347518;M;Scotland;A Level or Equivalent;0;120;N;15.0;False;True;False;0.0;1.0;0.0;0.0;100.15683335623812;4.1854904630202245;0
GGG;2014J;650268;F;South East Region;A Level or Equivalent;0;30;N;85.0;True;False;False;0.0;0.7777777777777778;0.0;0.0;126.95455396950283;2.6183114158330523;0
DDD;2014B;629921;F;Yorkshire Region;A Level or Equivalent;0;60;N;75.0;True;False;False;0.0;0.8333333333333334;1.0;67.0;91.99125996277246;1.6195898966284359;0
FFF;2013B;540713;M;London Region;A Level or Equivalent;0;120;N;35.0;True;False;False;0.0;0.9166666666666666;0.0;0.0;111.46887378872674;3.2751385317561788;0
EEE;2013J;583032;M;Scotland;HE Qualification;0;60;N;55.0;True;False;False;0.0;1.0;0.0;0.0;83.66190809117454;3.6798235930174976;0
FFF;2013B;400087;F;North Region;A Level or Equivalent;1;60;N;15.0;True;False;False;0.0;1.0;0.0;0.0;99.88787586360822;2.8697832423155947;0
DDD;2013B;532988;M;South West Region;A Level or Equivalent;0;60;N;75.0;True;False;False;0.0;0.07692307692307693;0.0;0.0;27.833333333333332;1.5444444444444445;0
FFF;2013B;540800;M;Yorkshire Region;A Level or Equivalent;0;90;Y;5.0;True;False;False;0.0;1.0;0.0;0.0;91.10384781683858;3.234060120152026;0
BBB;2014B;619330;M;Scotland;A Level or Equivalent;0;60;N;55.0;True;False;False;0.0;0.0;0.0;0.0;0.0;0.0;1
DDD;2013J;437923;M;East Anglian Region;A Level or Equivalent;0;90;Y;85.0;True;False;False;0.0;0.6666666666666666;1.0;56.0;129.24913070800167;1.6901242843178328;0
EEE;2014J;646998;M;East Midlands Region;A Level or Equivalent;0;60;N;95.0;True;False;False;0.0;1.0;0.0;0.0;89.42569026427556;4.42637403933511;0
BBB;2013J;559414;F;Scotland;HE Qualification;0;60;N;5.0;False;True;False;0.0;1.0;0.0;0.0;152.5503461554873;1.9351547832394607;0
FFF;2013J;527148;M;North Western Region;HE Qualification;0;150;N;75.0;True;False;False;0.0;1.0;0.0;0.0;100.14156357907675;5.304241209268603;0
GGG;2014J;610302;F;South Region;Lower Than A Level;0;90;N;45.0;False;True;False;0.0;1.0;0.0;0.0;131.77868480725624;2.148054524840239;0
FFF;2013B;2424750;M;London Region;Lower Than A Level;0;60;N;65.0;True;False;False;0.0;1.0;0.0;0.0;91.58563811743117;2.7848852390814907;0
GGG;2014B;602997;F;East Anglian Region;No Formal quals;1;60;N;25.0;True;False;False;0.0;0.0;0.0;0.0;0.0;0.0;1
FFF;2013J;590128;M;South Region;HE Qualification;0;120;N;25.0;True;False;False;0.0;0.08333333333333333;0.0;0.0;20.271428571428572;2.2142857142857144;0
FFF;2014B;547569;M;North Region;A Level or Equivalent;0;60;N;45.0;False;True;False;0.0;0.25;0.0;0.0;14.349699087144739;3.3314843062076265;0
EEE;2014J;629421;M;East Anglian Region;HE Qualification;1;120;N;95.0;True;False;False;0.0;0.0;0.0;0.0;0.0;0.0;1
GGG;2014B;631392;F;West Midlands Region;Lower Than A Level;0;30;N;75.0;True;False;False;0.0;1.0;0.0;0.0;107.44184823998005;4.168803967467694;0
GGG;2014B;627773;F;South West Region;Lower Than A Level;0;30;N;15.0;True;False;False;0.0;1.0;0.0;0.0;116.95223754233189;2.1738388969521045;0
BBB;2013B;408112;F;East Midlands Region;Lower Than A Level;0;60;Y;15.0;False;True;False;0.0;0.8181818181818182;0.0;0.0;89.06468631674367;1.973107592093441;0
GGG;2014B;634822;F;West Midlands Region;Lower Than A Level;0;30;N;5.0;True;False;False;0.0;0.1111111111111111;0.0;0.0;13.401454545454547;3.1074545454545457;0
DDD;2014J;1526210;F;South West Region;A Level or Equivalent;0;60;Y;75.0;False;True;False;0.0;0.8333333333333334;1.0;44.0;94.50903106370001;1.5688966281241574;0
FFF;2014J;431139;M;North Region;Lower Than A Level;0;120;N;47.115494568324756;True;False;False;0.0;1.0;0.0;0.0;109.26448437255246;3.30523554113644;0
CCC;2014B;2367058;M;West Midlands Region;Lower Than A Level;0;90;N;85.0;True;False;False;0.0;0.0;0.0;0.0;0.0;0.0;1
DDD;2014B;2523146;M;East Midlands Region;A Level or Equivalent;2;120;N;85.0;False;True;False;0.0;0.5;0.0;0.0;62.13333333333333;1.4854166666666666;0
EEE;2014B;610927;M;South West Region;A Level or Equivalent;0;30;N;35.0;True;False;False;0.0;0.0;0.0;0.0;0.0;0.0;1
EEE;2014J;247653;M;London Region;A Level or Equivalent;0;90;N;45.0;True;False;False;0.0;0.0;0.0;0.0;0.0;0.0;1
FFF;2014J;622910;M;Ireland;Lower Than A Level;0;60;N;35.0;False;True;False;0.0;0.0;0.0;0.0;0.0;0.0;1
FFF;2014B;612543;F;South Region;A Level or Equivalent;0;120;N;95.0;True;False;False;0.0;1.0;0.0;0.0;93.07591969718884;3.792763036050707;0
DDD;2013J;2253576;M;Yorkshire Region;Lower Than A Level;0;60;N;15.0;False;True;False;0.0;0.6982071713147411;0.6420982735723771;41.732403718459494;2.6666666666666665;2.0277777777777777;0
GGG;2013J;547440;M;North Western Region;Lower Than A Level;0;30;N;75.0;False;True;False;0.0;0.0;0.0;0.0;0.0;0.0;1
FFF;2014B;478073;F;South Region;A Level or Equivalent;0;150;Y;75.0;True;False;False;0.0;0.9166666666666666;0.0;0.0;67.40613298831545;3.9785399573264995;0
DDD;2013J;509501;M;East Anglian Region;A Level or Equivalent;0;120;Y;55.0;True;False;False;0.0;0.0;0.0;0.0;0.0;0.0;1
DDD;2013J;568668;M;East Anglian Region;A Level or Equivalent;0;60;N;45.0;True;False;False;0.0;0.16666666666666666;0.0;0.0;38.01842105263158;1.8736842105263158;0
BBB;2013J;438068;F;Yorkshire Region;Lower Than A Level;0;60;N;55.0;False;True;False;0.0;1.0;0.0;0.0;99.26501573112047;2.0079472376818144;0
CCC;2014J;631870;M;East Midlands Region;A Level or Equivalent;0;90;N;5.0;True;False;False;0.0;0.0;0.0;0.0;0.0;0.0;1
BBB;2014J;620698;F;East Midlands Region;A Level or Equivalent;0;60;N;95.0;True;False;False;0.0;0.8;0.0;0.0;120.17189754689755;2.858288470788471;0
BBB;2013J;587754;F;South Region;A Level or Equivalent;0;60;N;55.0;True;False;False;0.0;1.0;0.0;0.0;73.6816391941392;1.5648199023199023;0
DDD;2014J;677316;M;North Western Region;HE Qualification;0;60;N;95.0;True;False;False;0.0;0.6666666666666666;0.0;0.0;50.21829268292682;1.8287940379403793;0
EEE;2014B;634578;M;Scotland;A Level or Equivalent;0;60;N;55.0;True;False;False;0.0;0.0;0.0;0.0;0.0;0.0;1
CCC;2014J;650787;F;East Anglian Region;A Level or Equivalent;0;120;N;45.0;False;True;False;0.0;0.5;1.0;46.0;76.49696882305894;2.077780084902178;0
CCC;2014J;387944;M;South East Region;A Level or Equivalent;0;60;N;85.0;False;True;False;0.0;0.625;0.0;0.0;78.40877737166167;2.434406373075485;0
DDD;2013B;552166;M;West Midlands Region;Lower Than A Level;0;60;N;47.115494568324756;True;False;False;0.0;0.6923076923076923;1.0;40.0;77.42948255865826;1.4199132941318313;0
BBB;2013J;604962;F;Ireland;A Level or Equivalent;0;120;N;15.0;False;True;False;0.0;0.0;0.0;0.0;0.0;0.0;1
CCC;2014J;523872;M;South Region;Lower Than A Level;0;60;N;55.0;True;False;False;0.0;1.0;1.0;58.0;96.63592053591472;3.205476323538128;0
DDD;2014B;497405;M;London Region;HE Qualification;1;60;N;85.0;False;False;True;0.0;0.0;0.0;0.0;0.0;0.0;1
BBB;2014B;334981;F;South Region;A Level or Equivalent;6;120;N;75.0;False;True;False;0.0;1.0;0.0;0.0;158.28246753246754;3.6572871572871573;0
DDD;2013J;524261;F;Scotland;HE Qualification;1;60;Y;5.0;False;True;False;0.0;0.0;0.0;0.0;0.0;0.0;1
AAA;2014J;687698;M;Yorkshire Region;HE Qualification;0;120;N;25.0;True;False;False;0.0;1.0;0.0;0.0;129.2581026528258;2.0658881199538643;0
BBB;2014J;674349;F;South Region;A Level or Equivalent;0;60;N;35.0;True;False;False;0.0;1.0;0.0;0.0;100.50180305131761;3.2156572661427028;0
GGG;2014J;689839;M;London Region;Lower Than A Level;0;30;N;15.0;False;True;False;0.0;0.7777777777777778;0.0;0.0;119.31559535185313;3.6888593118406785;0
DDD;2013J;596473;F;Scotland;HE Qualification;0;60;N;45.0;True;False;False;0.0;0.0;0.0;0.0;0.0;0.0;0
EEE;2013J;557490;M;North Region;Lower Than A Level;0;60;N;25.0;True;False;False;0.0;0.0;0.0;0.0;34.98387896825397;8.115228174603175;0
DDD;2014J;680996;M;South West Region;A Level or Equivalent;0;120;Y;65.0;True;False;False;0.0;0.8333333333333334;1.0;58.0;130.41299983885844;1.394433930242844;0
GGG;2014J;638228;F;East Midlands Region;Lower Than A Level;0;30;N;15.0;False;True;False;0.0;1.0;0.0;0.0;117.7968730186242;2.9545465486226736;0
CCC;2014J;680804;M;South West Region;HE Qualification;0;60;N;45.0;True;False;False;0.0;0.875;1.0;56.0;93.2154533611983;2.292431105765268;0
GGG;2014J;653374;F;London Region;Lower Than A Level;0;30;N;15.0;True;False;False;0.0;0.8888888888888888;0.0;0.0;122.26436339074637;3.154301967240797;0
GGG;2014B;425257;M;East Midlands Region;A Level or Equivalent;0;30;N;45.0;True;False;False;0.0;0.8888888888888888;0.0;0.0;93.39222693831353;2.022660977958092;0
CCC;2014B;2148297;F;East Midlands Region;Lower Than A Level;0;210;N;35.0;False;True;False;0.0;0.0;0.0;0.0;0.0;0.0;1
AAA;2013J;494424;F;North Region;A Level or Equivalent;0;60;N;85.0;True;False;False;7.983246575342466;0.8717808219178081;0.0;0.0;10.857142857142858;2.607142857142857;0
AAA;2013J;749412;M;South Region;Lower Than A Level;0;60;N;75.0;False;False;True;0.0;1.0;0.0;0.0;94.75597125202742;2.869467318557205;0
BBB;2014J;682364;M;Scotland;Lower Than A Level;0;60;N;55.0;True;False;False;0.0;0.0;0.0;0.0;0.0;0.0;1
FFF;2014B;619112;M;South Region;A Level or Equivalent;0;60;N;95.0;True;False;False;0.0;0.0;0.0;0.0;0.0;0.0;1
GGG;2014J;694082;F;East Midlands Region;A Level or Equivalent;0;30;N;55.0;True;False;False;0.0;0.8888888888888888;0.0;0.0;123.27136904761906;2.7877380952380952;0
DDD;2014J;1082062;M;North Western Region;Lower Than A Level;0;60;Y;35.0;False;True;False;0.0;0.8333333333333334;1.0;87.0;86.34152540342029;1.4835384658380073;0
FFF;2014B;629603;M;East Midlands Region;Lower Than A Level;0;60;N;5.0;True;False;False;0.0;1.0;0.0;0.0;96.0181516615988;3.1349891775143424;0
GGG;2014J;646131;F;East Midlands Region;A Level or Equivalent;0;30;N;45.0;True;False;False;0.0;1.0;0.0;0.0;125.78402366863905;2.6405736357659433;0
EEE;2013J;606373;M;South East Region;HE Qualification;0;30;N;95.0;False;True;False;0.0;1.0;0.0;0.0;84.2849649698763;5.392375035338422;0
GGG;2013J;556523;F;Scotland;A Level or Equivalent;0;30;N;95.0;True;False;False;0.0;0.7777777777777778;0.0;0.0;168.69278761642397;1.6621080939262756;0
FFF;2013J;609831;M;South West Region;Lower Than A Level;0;60;N;15.0;True;False;False;0.0;0.08333333333333333;0.0;0.0;10.926163614911317;2.839348297140704;0
GGG;2014J;645232;M;East Anglian Region;Lower Than A Level;0;30;Y;65.0;True;False;False;0.0;1.0;0.0;0.0;136.44858564858563;5.360424560424561;0
FFF;2013J;570061;F;South West Region;Lower Than A Level;0;180;Y;35.0;True;False;False;0.0;1.0;0.0;0.0;74.15268266447;3.770922382414822;0
CCC;2014J;494911;F;South Region;Lower Than A Level;0;30;N;55.0;True;False;False;0.0;0.0;0.0;0.0;0.0;0.0;1
DDD;2013B;550092;M;East Anglian Region;A Level or Equivalent;0;60;N;15.0;False;True;False;0.0;0.8461538461538461;1.0;44.0;85.36088374743836;2.198423005565863;0
FFF;2013J;323984;M;South West Region;A Level or Equivalent;1;60;N;75.0;True;False;False;0.0;1.0;0.0;0.0;96.54847617344049;4.070232514169051;0
CCC;2014J;550393;M;Yorkshire Region;Lower Than A Level;0;90;N;25.0;True;False;False;0.0;0.375;0.0;0.0;45.28138528138528;2.1136964886964886;0
BBB;2014J;682223;F;Scotland;HE Qualification;0;60;N;55.0;True;False;False;0.0;1.0;0.0;0.0;132.53935139437857;2.920561594202898;0
BBB;2014J;631954;F;South Region;Lower Than A Level;0;120;N;55.0;True;False;False;0.0;0.8;0.0;0.0;133.62541770086412;3.328082482993197;0
BBB;2014B;318500;F;East Midlands Region;A Level or Equivalent;0;60;N;35.0;True;False;False;0.0;0.9090909090909091;0.0;0.0;51.75422058772508;1.7793405729220877;0
DDD;2014J;623223;M;West Midlands Region;Lower Than A Level;0;60;N;15.0;True;False;False;0.0;0.0;0.0;0.0;0.0;0.0;1
FFF;2013J;570878;M;South Region;Lower Than A Level;0;120;N;55.0;True;False;False;0.0;0.3333333333333333;0.0;0.0;48.796471968055826;2.6406454682133185;0
FFF;2013B;2441910;M;East Anglian Region;HE Qualification;1;120;N;75.0;True;False;False;0.0;0.8333333333333334;0.0;0.0;68.5084643810691;3.7466582045782815;0
DDD;2013J;594164;F;North Western Region;HE Qualification;0;120;Y;5.0;True;False;False;0.0;0.0;0.0;0.0;0.0;0.0;1
CCC;2014J;648854;M;North Western Region;Lower Than A Level;0;120;N;35.0;True;False;False;0.0;0.875;1.0;66.0;97.43897125864811;2.6055692346340837;0
DDD;2013J;558610;F;Scotland;Lower Than A Level;1;120;N;5.0;True;False;False;0.0;0.5;0.0;0.0;35.925;1.7416666666666667;0
GGG;2013J;570141;F;East Anglian Region;A Level or Equivalent;0;30;N;75.0;True;False;False;0.0;1.0;0.0;0.0;149.51130952380953;3.7612244897959184;0
CCC;2014J;1501577;M;South West Region;A Level or Equivalent;0;120;N;75.0;False;True;False;0.0;1.0;1.0;96.0;101.91296803912893;7.531389686324729;0
BBB;2013B;548355;F;South East Region;A Level or Equivalent;0;60;N;25.0;True;False;False;0.0;0.0;0.0;0.0;0.0;0.0;1
GGG;2013J;585841;M;East Midlands Region;Lower Than A Level;0;30;N;95.0;False;True;False;0.0;0.7931081264414598;0.0;0.0;25.394053315105946;1.5101199969621022;0
FFF;2013J;535671;F;Scotland;HE Qualification;0;60;N;55.0;True;False;False;0.0;0.0;0.0;0.0;0.0;0.0;1
AAA;2013J;59185;M;East Anglian Region;Lower Than A Level;0;60;N;65.0;False;True;False;67.0;1.0;0.0;0.0;107.30005824428439;3.4345639519325633;0
CCC;2014J;601431;M;South West Region;A Level or Equivalent;0;60;N;75.0;False;True;False;0.0;0.375;0.0;0.0;113.93697212086416;1.8845365056431003;0
FFF;2014B;1799963;M;Ireland;HE Qualification;0;90;N;35.0;False;True;False;0.0;0.0;0.0;0.0;0.0;0.0;1
CCC;2014J;653452;F;South West Region;A Level or Equivalent;0;120;N;35.0;True;False;False;0.0;0.625;1.0;74.0;125.42459320650111;1.6289611338953445;0
FFF;2014J;45423;M;South West Region;Lower Than A Level;0;60;N;75.0;False;True;False;0.0;1.0;0.0;0.0;98.01337293554839;5.4297933974949695;0
BBB;2013B;367304;F;London Region;A Level or Equivalent;2;60;N;15.0;True;False;False;0.0;0.36363636363636365;0.0;0.0;31.113425925925924;1.4050925925925926;0
FFF;2014B;505131;M;East Midlands Region;Lower Than A Level;0;60;N;85.0;True;False;False;0.0;0.0;0.0;0.0;0.0;0.0;1
FFF;2014B;537938;M;South West Region;A Level or Equivalent;0;120;N;55.0;True;False;False;0.0;0.9166666666666666;0.0;0.0;111.42769890359803;4.758085183578604;0
CCC;2014J;2367058;M;West Midlands Region;Lower Than A Level;1;30;N;85.0;True;False;False;0.0;0.0;0.0;0.0;0.0;0.0;1
DDD;2014J;601418;M;North Region;HE Qualification;0;60;N;47.115494568324756;False;True;False;0.0;1.0;1.0;73.0;142.97865213882164;1.352302993616553;0
CCC;2014J;524851;M;Yorkshire Region;Lower Than A Level;0;30;N;65.0;True;False;False;0.0;0.0;0.0;0.0;0.0;0.0;1
CCC;2014J;645481;M;South Region;Lower Than A Level;0;60;Y;15.0;True;False;False;0.0;0.0;0.0;0.0;0.0;0.0;1
EEE;2014J;582094;M;Wales;A Level or Equivalent;1;30;N;95.0;True;False;False;0.0;1.0;0.0;0.0;119.15823561443521;5.181110854884936;0
DDD;2013B;550348;F;Wales;HE Qualification;0;60;N;95.0;True;False;False;0.0;0.15384615384615385;0.0;0.0;25.111182836771075;1.5021125116713352;0
BBB;2013B;511050;M;West Midlands Region;Lower Than A Level;0;60;N;55.0;False;True;False;0.0;1.0;0.0;0.0;56.53352591036415;2.065073529411765;0
DDD;2014J;2488965;M;South East Region;HE Qualification;0;60;N;55.0;True;False;False;0.0;0.0;0.0;0.0;0.0;0.0;1
FFF;2013J;590898;M;West Midlands Region;A Level or Equivalent;0;60;N;5.0;True;False;False;0.0;0.0;0.0;0.0;0.0;0.0;1
BBB;2013J;592900;M;Wales;HE Qualification;0;60;N;65.0;True;False;False;0.0;1.0;0.0;0.0;122.85590463853815;1.7934010215039773;0
FFF;2013B;539514;F;North Region;Lower Than A Level;0;60;N;47.115494568324756;True;False;False;0.0;1.0;0.0;0.0;113.77085653938074;3.8092500444344433;0
FFF;2014B;2675061;M;West Midlands Region;Lower Than A Level;1;90;N;35.0;True;False;False;0.0;0.0;0.0;0.0;0.0;0.0;0
DDD;2013B;560381;M;East Midlands Region;A Level or Equivalent;0;60;N;15.0;True;False;False;0.0;0.9230769230769231;1.0;64.0;91.18494393267854;1.7880588891084712;0
DDD;2014J;577566;M;North Region;HE Qualification;0;90;N;15.0;True;False;False;0.0;0.8333333333333334;1.0;56.0;87.87094794337867;1.406185443467404;0
AAA;2014J;1676594;M;London Region;HE Qualification;0;60;N;85.0;False;False;True;0.0;0.0;0.0;0.0;0.0;0.0;1
DDD;2014J;1822731;M;Scotland;Lower Than A Level;0;60;N;85.0;False;True;False;0.0;0.8333333333333334;1.0;31.0;105.99973944465694;1.7956600569397503;0
FFF;2013J;601390;F;Yorkshire Region;A Level or Equivalent;0;90;N;55.0;True;False;False;0.0;1.0;0.0;0.0;79.221162538986;3.2636365524319606;0
AAA;2013J;229179;M;West Midlands Region;A Level or Equivalent;0;60;N;25.0;True;False;False;06.апр;1.0;0.0;0.0;77.69748148148149;4.349259259259259;0
FFF;2013J;524384;M;Yorkshire Region;Lower Than A Level;0;60;N;5.0;False;True;False;0.0;0.3333333333333333;0.0;0.0;34.87451692826008;2.8700758344245867;0
FFF;2013J;568184;M;Ireland;Lower Than A Level;0;60;N;75.0;True;False;False;0.0;0.25;0.0;0.0;22.45232588624368;3.452404852979731;0
FFF;2013J;418340;F;Scotland;HE Qualification;0;60;N;25.0;True;False;False;0.0;0.08333333333333333;0.0;0.0;-0.7688519813519815;2.0808372183372184;0
AAA;2013J;324282;M;South East Region;A Level or Equivalent;0;120;N;95.0;True;False;False;0.0;0.8;0.0;0.0;69.11453192322757;1.8962397179788482;0
BBB;2014B;613162;M;Ireland;A Level or Equivalent;1;120;N;45.0;True;False;False;0.0;0.9090909090909091;0.0;0.0;156.49167561761547;2.2424812030075185;0
FFF;2013J;2286574;M;Yorkshire Region;A Level or Equivalent;0;60;N;35.0;False;True;False;0.0;0.3333333333333333;0.0;0.0;83.43409802958372;3.5424544585175854;0
DDD;2014B;624052;M;West Midlands Region;A Level or Equivalent;0;60;N;35.0;True;False;False;0.0;1.0;1.0;84.0;104.60798263694498;1.9637772101201287;0
DDD;2014J;590616;M;South West Region;A Level or Equivalent;0;60;N;65.0;True;False;False;0.0;0.8333333333333334;1.0;40.0;81.41765798517989;1.7119349295426247;0
FFF;2013B;1026777;M;South Region;Lower Than A Level;1;210;N;65.0;False;True;False;0.0;0.0;0.0;0.0;0.0;0.0;1
BBB;2013J;525877;F;Scotland;Lower Than A Level;2;60;Y;5.0;True;False;False;0.0;0.0;0.0;0.0;0.0;0.0;1
GGG;2014B;628280;F;London Region;Lower Than A Level;0;30;N;35.0;False;True;False;0.0;0.8888888888888888;0.0;0.0;109.80386014054746;3.3928018575851393;0
DDD;2013J;570671;M;Ireland;A Level or Equivalent;0;120;Y;95.0;True;False;False;0.0;1.0;1.0;80.0;97.45753182796687;1.492223363812416;0
GGG;2014B;1897611;F;East Anglian Region;Lower Than A Level;0;30;N;5.0;False;True;False;0.0;1.0;0.0;0.0;117.42872573315023;1.6949558176971542;0
BBB;2014B;612212;F;East Anglian Region;A Level or Equivalent;0;120;Y;55.0;True;False;False;0.0;0.18181818181818182;0.0;0.0;11.726107804232804;1.6450066137566137;0
FFF;2013J;2623496;M;West Midlands Region;HE Qualification;0;180;N;75.0;False;True;False;0.0;1.0;0.0;0.0;85.3507003585693;2.8774410021812518;0
BBB;2013B;518189;F;South East Region;Lower Than A Level;0;120;N;15.0;True;False;False;0.0;1.0;0.0;0.0;59.14952556389754;1.4246333242710054;0
BBB;2014B;575602;F;London Region;A Level or Equivalent;0;120;N;75.0;True;False;False;0.0;1.0;0.0;0.0;135.7225933431068;1.5537942449707154;0
BBB;2014J;2694919;F;East Anglian Region;Lower Than A Level;0;120;Y;65.0;False;True;False;0.0;1.0;0.0;0.0;85.5637447135717;4.4097654748173785;0
FFF;2014B;408105;M;West Midlands Region;A Level or Equivalent;1;60;N;15.0;False;True;False;0.0;0.25;0.0;0.0;100.02184077184077;3.0887000387000385;0
CCC;2014B;584468;F;North Western Region;A Level or Equivalent;0;120;N;35.0;False;True;False;0.0;0.0;0.0;0.0;0.0;0.0;1
CCC;2014B;2577091;M;Scotland;Post Graduate Qualification;0;30;N;95.0;False;True;False;0.0;0.0;0.0;0.0;0.0;0.0;1
DDD;2014J;425910;F;London Region;Lower Than A Level;0;60;N;75.0;False;True;False;0.0;1.0;1.0;36.0;87.35929173918863;1.906547433093825;0
FFF;2014J;648373;M;East Midlands Region;A Level or Equivalent;0;90;N;35.0;True;False;False;0.0;0.0;0.0;0.0;0.0;0.0;1
FFF;2014J;649954;F;London Region;A Level or Equivalent;0;60;N;15.0;True;False;False;0.0;0.0;0.0;0.0;0.0;0.0;1
FFF;2013B;540224;M;North Region;Lower Than A Level;0;60;N;47.115494568324756;False;True;False;0.0;1.0;0.0;0.0;88.61019067085385;2.8708699884371778;0
EEE;2013J;501921;M;East Midlands Region;A Level or Equivalent;0;30;N;15.0;False;True;False;0.0;1.0;0.0;0.0;98.25971592114556;3.445408600268329;0
AAA;2013J;365642;M;East Anglian Region;Lower Than A Level;0;60;N;15.0;False;True;False;0.0;1.0;0.0;0.0;110.10243490373378;2.432018147548572;0
FFF;2013B;1034674;M;South East Region;A Level or Equivalent;0;60;N;65.0;False;True;False;0.0;1.0;0.0;0.0;101.8000649483168;3.723637969094598;0
FFF;2013B;408753;F;West Midlands Region;Lower Than A Level;0;90;N;35.0;True;False;False;0.0;1.0;0.0;0.0;109.37347002475639;4.841880521412596;0
BBB;2013J;495875;F;Yorkshire Region;Lower Than A Level;1;60;N;85.0;True;False;False;0.0;0.0;0.0;0.0;0.0;0.0;0
FFF;2014B;628307;M;South Region;Lower Than A Level;0;60;N;55.0;False;True;False;0.0;0.9166666666666666;0.0;0.0;83.20225291211781;3.8929929268589705;0
DDD;2014J;465629;F;Wales;Lower Than A Level;1;60;N;5.0;True;False;False;0.0;0.8333333333333334;1.0;58.0;131.12289215262695;1.4898055139067952;0
GGG;2014J;690065;F;Wales;Lower Than A Level;0;30;Y;5.0;False;True;False;0.0;0.1111111111111111;0.0;0.0;17.062264036049203;1.516745828766289;0
GGG;2014J;682307;F;Scotland;Lower Than A Level;0;30;N;25.0;True;False;False;0.0;0.7862398822663723;0.0;0.0;17.233766233766232;1.3268398268398267;0
FFF;2013B;551730;M;Wales;A Level or Equivalent;0;60;N;35.0;True;False;False;0.0;0.16666666666666666;0.0;0.0;10.899540719238832;2.4397708434123526;0
FFF;2013B;404135;F;South West Region;A Level or Equivalent;0;60;N;55.0;False;True;False;0.0;1.0;0.0;0.0;136.25932313094077;2.9493868257103553;0
CCC;2014B;465517;M;West Midlands Region;Lower Than A Level;0;45;N;35.0;True;False;False;0.0;0.0;0.0;0.0;0.0;0.0;1
DDD;2014J;2464683;F;East Midlands Region;A Level or Equivalent;1;60;Y;25.0;False;True;False;0.0;0.0;0.0;0.0;0.0;0.0;1
BBB;2013J;466477;F;South Region;Lower Than A Level;1;60;N;45.0;True;False;False;0.0;0.8181818181818182;0.0;0.0;104.38641989565383;2.089361590302083;0
BBB;2013B;359170;F;Yorkshire Region;A Level or Equivalent;0;180;N;55.0;True;False;False;0.0;0.0;0.0;0.0;0.0;0.0;1
DDD;2014J;653914;F;South West Region;Lower Than A Level;0;60;Y;45.0;False;True;False;0.0;0.6666666666666666;1.0;9.0;117.26674679487179;1.827714342948718;0
CCC;2014B;502554;M;South Region;HE Qualification;0;60;N;95.0;False;True;False;0.0;1.0;1.0;96.0;111.69259889140842;1.4953470496828891;0
BBB;2013J;138289;F;East Midlands Region;Lower Than A Level;0;60;N;45.0;True;False;False;0.0;1.0;0.0;0.0;120.07149335924846;2.2226163481265524;0
CCC;2014J;619927;M;South West Region;Lower Than A Level;0;60;N;35.0;True;False;False;0.0;1.0;1.0;64.0;110.11298178002468;3.76065393747731;0
FFF;2014J;679036;F;London Region;HE Qualification;0;60;N;95.0;False;True;False;0.0;1.0;0.0;0.0;68.94111868787618;3.751290026985786;0
BBB;2013B;248103;F;Yorkshire Region;A Level or Equivalent;0;60;N;55.0;True;False;False;0.0;1.0;0.0;0.0;106.73385946483856;1.6265157378740969;0
FFF;2013J;560659;M;East Midlands Region;Lower Than A Level;0;150;N;35.0;True;False;False;0.0;0.0;0.0;0.0;0.0;0.0;1
FFF;2013J;598887;M;South Region;A Level or Equivalent;0;60;N;25.0;True;False;False;0.0;0.0;0.0;0.0;0.0;0.0;1
BBB;2013J;380240;F;Wales;A Level or Equivalent;0;180;N;5.0;True;False;False;0.0;0.8181818181818182;0.0;0.0;51.597766301459245;1.8271933111970788;0
CCC;2014B;563631;M;West Midlands Region;A Level or Equivalent;0;90;N;65.0;True;False;False;0.0;0.0;0.0;0.0;0.5327380952380952;1.8735119047619049;0
EEE;2014J;611971;M;North Western Region;A Level or Equivalent;1;60;N;35.0;True;False;False;0.0;0.0;0.0;0.0;0.0;0.0;1
BBB;2013B;536722;F;West Midlands Region;A Level or Equivalent;0;60;N;15.0;True;False;False;0.0;0.5454545454545454;0.0;0.0;40.965168961357435;1.363181659610231;0
GGG;2014B;612797;F;North Western Region;Lower Than A Level;0;30;N;5.0;True;False;False;0.0;0.8888888888888888;0.0;0.0;128.03203554289934;2.5692214663643234;0
FFF;2013J;602320;M;London Region;A Level or Equivalent;0;120;N;55.0;False;True;False;0.0;0.0;0.0;0.0;0.0;0.0;1
BBB;2013J;612484;F;Ireland;A Level or Equivalent;0;60;N;65.0;False;True;False;0.0;0.8181818181818182;0.0;0.0;105.127885858375;1.4747716457791349;0
AAA;2013J;2080474;F;South Region;A Level or Equivalent;0;60;N;95.0;False;True;False;0.0;1.0;0.0;0.0;102.14635746346272;3.986091727539096;0
FFF;2013J;595150;M;East Midlands Region;Lower Than A Level;0;120;N;15.0;True;False;False;0.0;0.9166666666666666;0.0;0.0;50.6476744475568;4.430457205104264;0
DDD;2013J;609031;F;East Anglian Region;Lower Than A Level;0;90;N;75.0;True;False;False;0.0;1.0;1.0;96.0;109.03517139087609;1.6485247601019413;0
FFF;2014B;261265;M;East Anglian Region;Lower Than A Level;0;120;N;75.0;True;False;False;0.0;0.9166666666666666;0.0;0.0;102.64996255840335;3.156964930233296;0
FFF;2013J;50487;F;East Anglian Region;Lower Than A Level;1;60;N;95.0;True;False;False;0.0;1.0;0.0;0.0;88.41432158537629;4.366371823035614;0
DDD;2014J;643126;F;East Anglian Region;A Level or Equivalent;0;60;N;85.0;True;False;False;0.0;1.0;1.0;80.0;118.14073735521221;1.5953364406492403;0
FFF;2013J;265268;M;North Western Region;Lower Than A Level;1;120;N;65.0;True;False;False;0.0;1.0;0.0;0.0;88.41734984504771;2.9821543667104518;0
GGG;2013J;586598;F;East Anglian Region;A Level or Equivalent;0;30;N;25.0;True;False;False;0.0;1.0;0.0;0.0;148.03487116331942;2.997902193591849;0
FFF;2013B;539241;M;Scotland;A Level or Equivalent;0;120;N;95.0;True;False;False;0.0;1.0;0.0;0.0;76.88813262496262;5.4059958409684645;0
CCC;2014B;357942;F;East Anglian Region;Lower Than A Level;0;70;N;55.0;True;False;False;0.0;0.0;0.0;0.0;0.0;0.0;1
BBB;2013J;579300;F;South East Region;Lower Than A Level;0;60;N;75.0;True;False;False;0.0;0.0;0.0;0.0;0.0;0.0;1
BBB;2014B;622466;M;South Region;A Level or Equivalent;0;60;N;85.0;True;False;False;0.0;1.0;0.0;0.0;134.5003110778111;2.0202612791249157;0
CCC;2014B;478025;M;South West Region;No Formal quals;0;60;N;25.0;True;False;False;0.0;0.0;0.0;0.0;0.0;0.0;1
FFF;2013B;553655;F;East Midlands Region;A Level or Equivalent;0;60;N;55.0;True;False;False;0.0;1.0;0.0;0.0;111.14946329645043;2.3273533410429645;0
FFF;2013J;432474;F;London Region;A Level or Equivalent;0;60;N;15.0;True;False;False;0.0;0.7045980078263963;0.0;0.0;11.338133640552996;2.352150537634409;0
BBB;2013J;607887;F;South Region;Lower Than A Level;0;60;N;95.0;True;False;False;0.0;1.0;0.0;0.0;161.22718684823948;2.8040393816709606;0
CCC;2014B;634157;M;North Region;Lower Than A Level;0;60;N;47.115494568324756;True;False;False;0.0;1.0;1.0;78.0;101.38457739898492;2.035598019961971;0
FFF;2013J;568450;M;South East Region;A Level or Equivalent;0;60;N;35.0;True;False;False;0.0;1.0;0.0;0.0;89.95556191429766;3.314200418128589;0
GGG;2014B;626159;F;South West Region;Lower Than A Level;0;30;Y;65.0;False;True;False;0.0;1.0;0.0;0.0;101.90426033805338;2.6673178031192704;0
BBB;2014J;692164;F;Scotland;Lower Than A Level;0;60;Y;5.0;True;False;False;0.0;0.8;0.0;0.0;93.36464111139044;3.331422451772796;0
FFF;2013J;606712;M;North Region;Lower Than A Level;0;60;N;35.0;True;False;False;0.0;0.9166666666666666;0.0;0.0;75.26416328054434;4.619099434006615;0
FFF;2014J;2599162;M;London Region;A Level or Equivalent;1;60;N;15.0;True;False;False;0.0;0.0;0.0;0.0;0.0;0.0;1
AAA;2013J;65002;F;East Anglian Region;A Level or Equivalent;0;60;N;75.0;True;False;False;0.0;0.0;0.0;0.0;0.0;0.0;1
BBB;2013B;543351;F;London Region;No Formal quals;0;60;N;25.0;True;False;False;0.0;0.9090909090909091;0.0;0.0;71.23852615798181;1.904646697388633;0
DDD;2013B;236620;M;South Region;A Level or Equivalent;0;60;N;35.0;False;True;False;0.0;1.0;1.0;56.0;113.79625709953986;1.4626461600309888;0
EEE;2014J;253496;M;Wales;Lower Than A Level;0;60;N;5.0;True;False;False;0.0;1.0;0.0;0.0;91.28717624601717;5.360838344180708;0
DDD;2013J;259951;F;South Region;A Level or Equivalent;0;60;N;75.0;True;False;False;0.0;0.8333333333333334;1.0;56.0;112.35211355311355;1.367884004884005;0
CCC;2014J;602123;M;South Region;Lower Than A Level;0;90;N;75.0;True;False;False;0.0;0.875;1.0;38.0;107.63381074481075;3.276250305250305;0
FFF;2013B;560443;M;East Midlands Region;A Level or Equivalent;0;60;N;15.0;False;True;False;0.0;0.0;0.0;0.0;0.0;0.0;1
DDD;2013B;424987;M;Wales;A Level or Equivalent;0;120;N;5.0;True;False;False;0.0;0.8461538461538461;1.0;38.0;101.91253695922813;1.4585959383753502;0
DDD;2014B;1591864;F;East Anglian Region;HE Qualification;0;60;N;35.0;False;True;False;0.0;0.0;0.0;0.0;0.0;0.0;1
DDD;2013B;553627;M;East Anglian Region;A Level or Equivalent;0;60;N;85.0;True;False;False;0.0;0.0;0.0;0.0;0.0;0.0;1
DDD;2013J;411730;F;South Region;A Level or Equivalent;0;60;N;75.0;False;True;False;0.0;0.0;0.0;0.0;0.0;0.0;1
EEE;2014J;649720;M;Wales;A Level or Equivalent;0;120;N;55.0;True;False;False;0.0;0.0;0.0;0.0;0.0;0.0;1
GGG;2013J;609567;F;London Region;A Level or Equivalent;0;30;N;25.0;True;False;False;0.0;0.0;0.0;0.0;0.0;0.0;1
CCC;2014J;648872;F;Wales;Lower Than A Level;0;120;N;15.0;True;False;False;0.0;0.0;0.0;0.0;0.0;0.0;1
BBB;2014B;620389;F;London Region;A Level or Equivalent;0;120;N;95.0;True;False;False;0.0;0.0;0.0;0.0;0.0;0.0;1
BBB;2013B;549512;F;North Western Region;Lower Than A Level;0;150;N;65.0;False;True;False;0.0;0.0;0.0;0.0;0.0;0.0;1
DDD;2013B;469016;M;South East Region;A Level or Equivalent;0;60;N;35.0;False;True;False;0.0;1.0;1.0;58.0;99.85916609296414;1.7474400843052955;0
DDD;2014J;623224;M;West Midlands Region;A Level or Equivalent;0;60;N;85.0;True;False;False;0.0;0.0;0.0;0.0;0.0;0.0;1
CCC;2014J;486877;M;South East Region;A Level or Equivalent;0;30;N;65.0;True;False;False;0.0;0.0;0.0;0.0;0.0;0.0;1
EEE;2014J;646903;M;North Western Region;Lower Than A Level;0;60;N;5.0;True;False;False;0.0;1.0;0.0;0.0;117.5327857706956;3.247539152559644;0
AAA;2014J;409100;M;South East Region;HE Qualification;0;60;N;85.0;False;True;False;0.0;1.0;0.0;0.0;94.92255787432107;4.114480938778027;0
BBB;2014B;629088;M;East Midlands Region;A Level or Equivalent;0;60;N;85.0;True;False;False;0.0;0.0;0.0;0.0;0.0;0.0;1
FFF;2013J;510112;M;East Anglian Region;HE Qualification;0;120;N;75.0;False;True;False;0.0;0.0;0.0;0.0;0.0;0.0;1
DDD;2014B;609265;F;East Midlands Region;Lower Than A Level;0;60;Y;5.0;True;False;False;0.0;0.8333333333333334;1.0;64.0;73.66012507031805;1.630210261903974;0
FFF;2014J;242636;M;West Midlands Region;A Level or Equivalent;0;120;N;45.0;True;False;False;0.0;0.7190721649484536;0.0;0.0;24.07142857142857;1.6785714285714286;0
FFF;2014J;1948159;F;North Region;A Level or Equivalent;1;60;N;47.115494568324756;False;True;False;0.0;1.0;0.0;0.0;131.76863868231285;2.5341437181186786;0
DDD;2013B;405426;M;Scotland;A Level or Equivalent;0;60;N;45.0;True;False;False;0.0;0.6923076923076923;0.0;0.0;63.2796052631579;1.637938596491228;0
FFF;2013B;520525;M;North Region;A Level or Equivalent;0;60;N;25.0;True;False;False;0.0;0.0;0.0;0.0;0.0;0.0;1
CCC;2014J;580342;M;East Midlands Region;Lower Than A Level;0;60;N;35.0;True;False;False;0.0;1.0;1.0;78.0;121.36225472469016;1.8608453381421597;0
BBB;2014B;635591;F;Scotland;A Level or Equivalent;0;60;N;45.0;True;False;False;0.0;1.0;0.0;0.0;94.86650790140618;1.825764411027569;0
FFF;2014B;472341;M;Scotland;A Level or Equivalent;0;60;Y;95.0;True;False;False;0.0;0.3333333333333333;0.0;0.0;16.548096892940585;2.7003202954117937;0
DDD;2014J;649819;M;North Region;Lower Than A Level;0;120;N;47.115494568324756;True;False;False;0.0;0.8333333333333334;1.0;67.0;80.66617970489276;1.5639924541298666;0
FFF;2013J;527619;M;Ireland;A Level or Equivalent;0;120;Y;85.0;True;False;False;0.0;0.0;0.0;0.0;0.0;0.0;1
FFF;2014B;409651;M;South West Region;A Level or Equivalent;0;120;N;85.0;True;False;False;0.0;1.0;0.0;0.0;144.16262755102042;3.2386550453514737;0
CCC;2014J;612449;M;East Anglian Region;A Level or Equivalent;0;60;N;65.0;False;True;False;0.0;0.0;0.0;0.0;0.0;0.0;1
FFF;2013B;538045;M;East Anglian Region;A Level or Equivalent;0;60;N;75.0;True;False;False;0.0;0.9166666666666666;0.0;0.0;75.65992936041346;4.1910154971079345;0
CCC;2014B;2488382;F;Scotland;HE Qualification;0;30;N;55.0;True;False;False;0.0;1.0;1.0;70.0;108.66482094906563;2.8620118587640637;0
FFF;2013J;570807;F;North Region;A Level or Equivalent;0;90;N;47.115494568324756;True;False;False;0.0;1.0;0.0;0.0;110.29134298275616;2.5960466301101266;0
BBB;2013J;262639;F;London Region;Lower Than A Level;0;60;N;15.0;True;False;False;0.0;1.0;0.0;0.0;89.72543731778426;1.7581754130223517;0
BBB;2013B;403093;F;East Anglian Region;Lower Than A Level;0;60;Y;45.0;True;False;False;0.0;0.7272727272727273;0.0;0.0;63.667142857142856;1.8885714285714283;0
FFF;2013J;409040;M;East Anglian Region;Lower Than A Level;1;90;N;25.0;True;False;False;0.0;0.9166666666666666;0.0;0.0;128.94584261372063;3.0241819447081824;0
DDD;2014B;493296;F;North Region;Lower Than A Level;2;60;N;55.0;True;False;False;0.0;0.5;0.0;0.0;35.722664218686255;2.229579763361893;0
EEE;2013J;467302;M;London Region;HE Qualification;0;60;N;65.0;False;True;False;0.0;1.0;0.0;0.0;105.45474463857003;2.856807983477036;0
CCC;2014J;595988;F;London Region;A Level or Equivalent;0;60;N;15.0;True;False;False;0.0;0.0;0.0;0.0;0.0;0.0;1
FFF;2013B;2060467;M;South West Region;HE Qualification;0;60;N;55.0;False;True;False;0.0;1.0;0.0;0.0;75.10447132216446;4.610420906874664;0
BBB;2014B;618258;F;Scotland;HE Qualification;0;60;N;25.0;False;True;False;0.0;0.9090909090909091;0.0;0.0;94.21918768503794;1.5045785703890044;0
CCC;2014B;586060;M;South Region;Lower Than A Level;0;60;N;25.0;True;False;False;0.0;0.0;0.0;0.0;0.0;0.0;0
FFF;2014J;650398;M;South East Region;A Level or Equivalent;0;180;N;15.0;True;False;False;0.0;0.0;0.0;0.0;0.0;0.0;1
CCC;2014B;523061;M;North Western Region;A Level or Equivalent;0;120;N;5.0;True;False;False;0.0;0.25;1.0;40.0;119.51548572954823;2.2424933862433862;0
GGG;2014B;556406;F;East Anglian Region;A Level or Equivalent;0;30;N;25.0;True;False;False;0.0;0.8888888888888888;0.0;0.0;114.72984183385451;2.0717385117788325;0
FFF;2013J;311151;M;North Region;Lower Than A Level;2;60;N;47.115494568324756;False;True;False;0.0;0.0;0.0;0.0;0.0;0.0;1
EEE;2014J;678860;M;East Anglian Region;HE Qualification;0;60;N;35.0;False;True;False;0.0;0.0;0.0;0.0;0.0;0.0;1
EEE;2014J;686913;M;Scotland;Lower Than A Level;0;60;N;85.0;True;False;False;0.0;1.0;0.0;0.0;110.09069280343716;2.5078947368421054;0
GGG;2014B;609326;F;Yorkshire Region;Lower Than A Level;0;30;N;5.0;False;True;False;0.0;0.8888888888888888;0.0;0.0;108.8055217689468;2.005820882623539;0
GGG;2014J;688038;F;South East Region;Lower Than A Level;0;30;N;25.0;True;False;False;0.0;0.7777777777777778;0.0;0.0;108.14228374000551;2.3188145702863445;0
GGG;2013J;1516666;F;East Anglian Region;Lower Than A Level;0;30;N;25.0;False;True;False;0.0;0.7931081264414598;0.0;0.0;-5.5;янв.75;0
BBB;2013B;87604;F;West Midlands Region;A Level or Equivalent;0;180;N;35.0;True;False;False;0.0;0.0;0.0;0.0;0.0;0.0;1
BBB;2014B;334565;M;Wales;Post Graduate Qualification;1;120;N;85.0;False;True;False;0.0;1.0;0.0;0.0;107.78022381441343;1.985137208941388;0
CCC;2014B;507801;M;Yorkshire Region;A Level or Equivalent;0;30;N;15.0;True;False;False;0.0;0.0;0.0;0.0;0.0;0.0;1
DDD;2013B;418956;M;South Region;Lower Than A Level;0;120;N;65.0;True;False;False;0.0;1.0;1.0;64.0;100.3075127961662;1.6884864783455469;0
FFF;2014B;624981;M;North Region;A Level or Equivalent;0;120;N;55.0;True;False;False;0.0;1.0;0.0;0.0;137.19327395086344;4.511865776703565;0
FFF;2013B;185496;M;Wales;Lower Than A Level;2;120;N;5.0;True;False;False;0.0;0.9166666666666666;0.0;0.0;124.8820238707371;3.986665487290487;0
EEE;2014B;623864;F;London Region;A Level or Equivalent;0;60;N;35.0;True;False;False;0.0;1.0;0.0;0.0;102.1252714066348;5.401375591343948;0
FFF;2013B;553727;M;East Midlands Region;Lower Than A Level;0;90;N;55.0;True;False;False;0.0;1.0;0.0;0.0;65.07574145202231;2.909400395897558;0
FFF;2014B;567859;M;Scotland;A Level or Equivalent;1;150;N;55.0;False;True;False;0.0;0.9166666666666666;0.0;0.0;93.50497302885897;2.9020780110344075;0
BBB;2014J;404121;F;Wales;Lower Than A Level;0;60;N;45.0;True;False;False;0.0;0.8;0.0;0.0;95.03718087305806;3.12984989831481;0
AAA;2014J;135400;F;South East Region;Lower Than A Level;1;60;Y;95.0;False;True;False;0.0;1.0;0.0;0.0;95.23066666666665;4.757333333333333;0
FFF;2013B;557469;M;Ireland;A Level or Equivalent;0;120;N;85.0;True;False;False;0.0;0.0;0.0;0.0;0.0;0.0;1
EEE;2013J;571818;M;Yorkshire Region;A Level or Equivalent;0;60;N;45.0;True;False;False;0.0;1.0;0.0;0.0;104.51864802634923;3.188839952831627;0
FFF;2014B;632923;M;London Region;A Level or Equivalent;0;60;N;35.0;True;False;False;0.0;0.0;0.0;0.0;0.0;0.0;1
BBB;2014B;604962;F;Ireland;A Level or Equivalent;1;120;N;15.0;False;True;False;0.0;1.0;0.0;0.0;86.22821546753423;1.9457466214791594;0
DDD;2014J;636451;F;North Western Region;A Level or Equivalent;0;120;N;15.0;True;False;False;0.0;1.0;1.0;69.0;142.06575474634298;1.3503330220977279;0
EEE;2014J;686339;F;Wales;A Level or Equivalent;0;60;N;65.0;True;False;False;0.0;0.0;0.0;0.0;0.0;0.0;1
CCC;2014B;626417;M;Wales;Lower Than A Level;0;90;N;85.0;True;False;False;0.0;0.0;0.0;0.0;0.0;0.0;1
FFF;2014J;634749;M;South East Region;Lower Than A Level;0;90;N;85.0;False;True;False;0.0;1.0;0.0;0.0;94.2370364181365;3.355398901751357;0
FFF;2013J;557545;M;East Midlands Region;A Level or Equivalent;0;60;N;35.0;False;True;False;0.0;1.0;0.0;0.0;83.72473736164899;2.800374683096944;0
DDD;2013B;371831;F;London Region;HE Qualification;1;120;N;15.0;False;True;False;0.0;0.6923076923076923;1.0;49.0;87.65559367322378;1.7822137017994892;0
BBB;2013B;1996746;F;North Western Region;Lower Than A Level;3;120;N;65.0;False;True;False;0.0;0.0;0.0;0.0;0.0;0.0;1
BBB;2014B;573000;F;London Region;HE Qualification;0;120;N;25.0;False;True;False;0.0;0.0;0.0;0.0;0.0;0.0;1
DDD;2013J;502051;F;South Region;Lower Than A Level;0;90;N;45.0;False;True;False;0.0;0.0;0.0;0.0;0.0;0.0;1
CCC;2014B;559977;M;Yorkshire Region;Lower Than A Level;0;60;N;15.0;True;False;False;0.0;0.5308303886925795;0.5279151943462898;36.93851590106007;24.025462962962962;2.5162037037037037;0
DDD;2013J;2461936;M;East Midlands Region;A Level or Equivalent;0;60;N;65.0;True;False;False;0.0;0.6666666666666666;1.0;49.0;102.24113957030623;1.7098246853455188;0
FFF;2013B;534750;M;East Midlands Region;A Level or Equivalent;0;120;N;85.0;True;False;False;0.0;0.4166666666666667;0.0;0.0;58.48030899807459;3.633638372771048;0
GGG;2013J;586660;F;South Region;Lower Than A Level;0;30;N;75.0;False;True;False;0.0;0.7777777777777778;0.0;0.0;109.72811025311026;3.9767767767767768;0
FFF;2013B;554620;M;London Region;A Level or Equivalent;0;70;Y;25.0;True;False;False;0.0;1.0;0.0;0.0;93.89773447665806;3.0693771253938946;0
DDD;2013B;543482;F;West Midlands Region;Lower Than A Level;0;60;N;35.0;True;False;False;0.0;0.0;0.0;0.0;0.0;0.0;1
FFF;2013J;367510;M;London Region;A Level or Equivalent;1;120;Y;25.0;True;False;False;0.0;0.0;0.0;0.0;0.0;0.0;1
CCC;2014J;422697;M;East Anglian Region;A Level or Equivalent;0;60;N;25.0;False;True;False;0.0;0.0;0.0;0.0;0.0;0.0;1
EEE;2014B;2455893;M;South Region;HE Qualification;0;90;N;95.0;True;False;False;0.0;1.0;0.0;0.0;100.4352862675451;5.114380310176389;0
BBB;2014B;617813;F;Yorkshire Region;Lower Than A Level;0;60;N;35.0;False;True;False;0.0;1.0;0.0;0.0;127.80491575091575;2.697067155067155;0
DDD;2013J;419822;F;North Western Region;Lower Than A Level;0;90;N;45.0;False;True;False;0.0;0.0;0.0;0.0;0.0;0.0;1
CCC;2014J;624585;M;East Anglian Region;Lower Than A Level;0;60;N;25.0;True;False;False;0.0;0.0;0.0;0.0;0.0;0.0;1
GGG;2014J;686668;F;Yorkshire Region;A Level or Equivalent;0;30;N;5.0;True;False;False;0.0;0.2222222222222222;0.0;0.0;-2.7404761904761905;5.004761904761905;0
FFF;2014B;627717;F;North Western Region;A Level or Equivalent;0;90;N;25.0;True;False;False;0.0;1.0;0.0;0.0;66.55322012930304;3.9372013908367722;0
FFF;2013B;529563;M;South Region;A Level or Equivalent;0;120;N;95.0;True;False;False;0.0;1.0;0.0;0.0;104.72210842670401;3.781776355953988;0
BBB;2013J;605832;F;East Midlands Region;A Level or Equivalent;0;60;Y;5.0;True;False;False;0.0;1.0;0.0;0.0;65.84598214285714;2.9002299783549783;0
FFF;2014B;606976;M;Ireland;Lower Than A Level;0;60;N;95.0;True;False;False;0.0;1.0;0.0;0.0;102.65956992922189;2.9498885287510075;0
FFF;2013B;556970;M;South West Region;Lower Than A Level;0;60;N;95.0;True;False;False;0.0;0.08333333333333333;0.0;0.0;19.948419784580498;2.110787509448224;0
GGG;2014B;630446;F;West Midlands Region;Lower Than A Level;0;30;N;15.0;True;False;False;0.0;0.6666666666666666;0.0;0.0;125.73614718614719;3.4245310245310248;0
GGG;2014J;644144;F;Wales;Lower Than A Level;0;30;N;15.0;False;True;False;0.0;1.0;0.0;0.0;104.92287734618323;2.648195409818939;0
BBB;2013B;561164;M;North Region;A Level or Equivalent;0;120;N;15.0;True;False;False;0.0;1.0;0.0;0.0;109.58839624625062;1.8804356161956497;0
GGG;2013J;593819;F;South West Region;A Level or Equivalent;0;30;N;95.0;True;False;False;0.0;1.0;0.0;0.0;112.75893393393393;1.918157443157443;0
BBB;2013J;599840;F;Yorkshire Region;A Level or Equivalent;0;60;N;45.0;True;False;False;0.0;0.9090909090909091;0.0;0.0;86.63545274170275;1.9861525974025973;0
FFF;2013J;576229;M;East Midlands Region;Lower Than A Level;0;60;N;35.0;True;False;False;0.0;0.9166666666666666;0.0;0.0;131.6878517287941;2.9540287125442157;0
BBB;2014J;646119;F;South West Region;Lower Than A Level;0;60;N;55.0;False;True;False;0.0;0.8;0.0;0.0;78.22841202471845;2.9982960490894826;0
FFF;2014B;632958;M;North Region;HE Qualification;0;90;N;47.115494568324756;False;True;False;0.0;0.0;0.0;0.0;0.0;0.0;1
DDD;2014J;275309;M;South East Region;Lower Than A Level;1;90;N;35.0;False;True;False;0.0;0.0;0.0;0.0;0.0;0.0;1
BBB;2013J;588194;F;East Midlands Region;Lower Than A Level;0;60;N;95.0;True;False;False;0.0;0.0;0.0;0.0;0.0;0.0;1
DDD;2014B;539060;F;Ireland;Lower Than A Level;0;120;Y;5.0;True;False;False;0.0;0.0;0.0;0.0;0.0;0.0;1
CCC;2014B;557700;M;North Region;Post Graduate Qualification;0;60;N;47.115494568324756;True;False;False;0.0;0.0;0.0;0.0;0.0;0.0;1
FFF;2013B;548057;F;North Region;A Level or Equivalent;0;60;N;25.0;True;False;False;0.0;1.0;0.0;0.0;101.56018548581049;3.809542110088985;0
FFF;2013J;341361;M;London Region;HE Qualification;1;60;N;15.0;False;True;False;0.0;1.0;0.0;0.0;117.76599748726647;3.031379890538475;0
CCC;2014J;324440;F;London Region;Lower Than A Level;0;90;N;25.0;True;False;False;0.0;0.0;0.0;0.0;0.0;0.0;1
DDD;2013J;494389;F;London Region;A Level or Equivalent;0;120;Y;35.0;True;False;False;0.0;0.0;0.0;0.0;0.0;0.0;1
DDD;2013J;599177;M;South Region;Lower Than A Level;0;120;N;35.0;True;False;False;0.0;0.8333333333333334;1.0;58.0;100.06860746828312;1.2666145013697034;0
FFF;2014J;465294;M;South Region;A Level or Equivalent;0;60;N;45.0;False;True;False;0.0;1.0;0.0;0.0;108.48627200871182;2.9034361030197475;0
CCC;2014J;583293;M;Wales;A Level or Equivalent;0;60;N;35.0;True;False;False;0.0;1.0;1.0;98.0;115.63543866532453;2.406160706915755;0
EEE;2013J;391466;F;Ireland;A Level or Equivalent;0;90;N;5.0;True;False;False;0.0;1.0;0.0;0.0;97.98689820886163;3.4087903081831707;0
DDD;2013J;574860;M;Yorkshire Region;Lower Than A Level;0;60;N;15.0;True;False;False;0.0;0.0;0.0;0.0;0.0;0.0;1
CCC;2014J;679386;M;South West Region;Lower Than A Level;0;120;N;75.0;True;False;False;0.0;0.875;1.0;54.0;112.38466934392805;2.839399807542064;0
EEE;2014J;2464118;M;South East Region;Lower Than A Level;0;60;N;25.0;True;False;False;0.0;1.0;0.0;0.0;110.86369352869353;2.8171489621489623;0
FFF;2013B;337189;M;East Anglian Region;Lower Than A Level;1;60;N;95.0;False;True;False;0.0;1.0;0.0;0.0;93.33150386440238;2.7546507841173753;0
DDD;2014J;649383;M;Scotland;HE Qualification;0;60;N;45.0;True;False;False;0.0;0.6666666666666666;1.0;36.0;61.842237442922375;1.475435713449412;0
FFF;2014J;674644;M;London Region;A Level or Equivalent;0;60;N;35.0;True;False;False;0.0;1.0;0.0;0.0;94.36887694456972;4.173056101967581;0
GGG;2014B;590739;F;West Midlands Region;Lower Than A Level;0;30;N;25.0;True;False;False;0.0;0.7735849056603774;0.0;0.0;04.февр;2.066666666666667;0
FFF;2014B;630264;M;East Anglian Region;Lower Than A Level;0;60;N;25.0;True;False;False;0.0;1.0;0.0;0.0;120.12505175983436;4.5367667356797785;0
FFF;2014B;621580;F;North Western Region;A Level or Equivalent;0;60;N;65.0;True;False;False;0.0;0.9166666666666666;0.0;0.0;91.92241917820394;3.874425159062593;0
FFF;2013B;502973;M;South East Region;Lower Than A Level;0;120;N;55.0;True;False;False;0.0;0.0;0.0;0.0;0.0;0.0;0
BBB;2013B;524968;F;West Midlands Region;Lower Than A Level;0;60;N;65.0;True;False;False;0.0;0.0;0.0;0.0;0.0;0.0;1
CCC;2014J;650850;F;South West Region;A Level or Equivalent;0;180;N;25.0;True;False;False;0.0;0.0;0.0;0.0;0.0;0.0;1
GGG;2013J;591321;M;West Midlands Region;Lower Than A Level;0;30;N;25.0;False;True;False;0.0;0.6666666666666666;0.0;0.0;174.51664704343276;2.4570905285191;0
BBB;2014J;584595;F;North Region;A Level or Equivalent;0;60;N;55.0;False;True;False;0.0;0.0;0.0;0.0;0.0;0.0;1
BBB;2014B;625071;F;East Anglian Region;A Level or Equivalent;0;60;N;95.0;True;False;False;0.0;0.9090909090909091;0.0;0.0;84.05647104774924;1.9765403769163166;0
CCC;2014J;643770;M;Scotland;HE Qualification;0;90;N;25.0;True;False;False;0.0;0.0;0.0;0.0;0.0;0.0;1
BBB;2013B;325879;F;Yorkshire Region;Lower Than A Level;0;60;N;5.0;True;False;False;0.0;0.9090909090909091;0.0;0.0;75.34431802102043;1.6743679051803075;0
FFF;2013J;564821;M;North Region;Lower Than A Level;0;120;N;5.0;True;False;False;0.0;0.0;0.0;0.0;0.0;0.0;1
BBB;2014J;656122;F;Ireland;Lower Than A Level;0;60;N;35.0;False;True;False;0.0;0.0;0.0;0.0;0.0;0.0;1
DDD;2013J;606492;F;South East Region;Lower Than A Level;0;60;N;45.0;True;False;False;0.0;0.6982071713147411;0.6420982735723771;41.732403718459494;7.128947368421052;1.9807017543859649;0
FFF;2013J;279750;M;Scotland;Lower Than A Level;0;60;N;65.0;False;True;False;0.0;1.0;0.0;0.0;109.75490400216714;3.3019141399272454;0
CCC;2014B;575967;M;Wales;A Level or Equivalent;0;150;N;45.0;True;False;False;0.0;0.75;1.0;94.0;93.2352774940592;1.832585307880032;0
EEE;2014J;128817;M;East Anglian Region;Lower Than A Level;0;60;N;95.0;False;True;False;0.0;0.0;0.0;0.0;0.0;0.0;1
CCC;2014J;607094;F;London Region;A Level or Equivalent;0;120;N;15.0;True;False;False;0.0;0.75;0.0;0.0;56.66514196587726;1.755104087089381;0
BBB;2013J;533301;F;East Anglian Region;A Level or Equivalent;0;60;Y;75.0;True;False;False;0.0;1.0;0.0;0.0;152.11556776556776;1.9464285714285716;0
FFF;2014J;682504;M;Wales;A Level or Equivalent;0;90;N;95.0;True;False;False;0.0;0.0;0.0;0.0;0.0;0.0;1
BBB;2014B;616361;F;East Midlands Region;Lower Than A Level;0;60;N;15.0;True;False;False;0.0;0.0;0.0;0.0;0.0;0.0;1
CCC;2014J;648140;M;South Region;A Level or Equivalent;0;120;N;85.0;True;False;False;0.0;0.875;1.0;40.0;90.9131661102056;2.638216425387478;0
BBB;2014J;698207;F;Wales;HE Qualification;0;60;N;25.0;True;False;False;0.0;1.0;0.0;0.0;124.51515033102469;3.607380907465797;0
CCC;2014J;651187;M;London Region;A Level or Equivalent;0;150;N;25.0;True;False;False;0.0;0.0;0.0;0.0;0.0;0.0;1
DDD;2014B;618913;M;East Midlands Region;Lower Than A Level;0;60;N;65.0;False;True;False;0.0;0.0;0.0;0.0;0.0;0.0;1
FFF;2014J;105125;M;Yorkshire Region;Lower Than A Level;0;60;N;5.0;True;False;False;0.0;0.0;0.0;0.0;0.0;0.0;1
CCC;2014J;120236;M;East Midlands Region;A Level or Equivalent;0;100;N;35.0;True;False;False;0.0;0.75;1.0;26.0;85.11021807359307;2.7528156565656565;0
CCC;2014J;686957;M;East Anglian Region;HE Qualification;0;30;N;75.0;True;False;False;0.0;1.0;1.0;60.0;119.09561399725945;4.71969329689038;0
FFF;2014J;677436;M;East Midlands Region;Lower Than A Level;0;60;N;25.0;False;True;False;0.0;1.0;0.0;0.0;89.25527899643215;3.7478791190969836;0
FFF;2013B;540577;M;South West Region;A Level or Equivalent;0;120;N;85.0;True;False;False;0.0;1.0;0.0;0.0;100.66632612770222;2.903318793784472;0
CCC;2014J;581656;M;South West Region;A Level or Equivalent;0;60;Y;65.0;True;False;False;0.0;1.0;1.0;68.0;112.08897831286761;2.215063487389765;0
CCC;2014J;161781;M;Scotland;A Level or Equivalent;0;90;N;65.0;True;False;False;0.0;0.0;0.0;0.0;0.0;0.0;1
DDD;2014J;475863;M;North Region;Lower Than A Level;0;60;N;47.115494568324756;False;True;False;0.0;1.0;1.0;73.0;99.00716096030054;1.3771933797260596;0
EEE;2014J;694106;M;London Region;Lower Than A Level;0;120;N;25.0;True;False;False;0.0;0.0;0.0;0.0;0.0;0.0;1
FFF;2013J;589303;M;North Region;HE Qualification;0;60;N;47.115494568324756;False;True;False;0.0;1.0;0.0;0.0;99.58655627155089;4.460705462480786;0
BBB;2013J;293760;F;Ireland;Lower Than A Level;1;120;N;35.0;True;False;False;0.0;0.9090909090909091;0.0;0.0;98.8842229199372;1.6863335077620794;0
BBB;2014B;630393;F;Scotland;HE Qualification;0;60;N;55.0;False;True;False;0.0;1.0;0.0;0.0;114.86041582725285;2.032453068378816;0
BBB;2014J;608851;F;Scotland;HE Qualification;0;60;N;65.0;True;False;False;0.0;0.8;0.0;0.0;103.82915858088272;3.1078550281136486;0
DDD;2013B;527917;M;East Anglian Region;Lower Than A Level;0;60;N;25.0;True;False;False;0.0;1.0;1.0;56.0;83.72060825534926;1.529020910093128;0
BBB;2014J;641045;F;North Region;Lower Than A Level;0;120;N;35.0;True;False;False;0.0;0.0;0.0;0.0;0.0;0.0;1
DDD;2014J;649688;M;Yorkshire Region;HE Qualification;0;120;N;35.0;True;False;False;0.0;1.0;1.0;69.0;117.94396132376394;1.6985190248348143;0
FFF;2013J;575372;M;London Region;A Level or Equivalent;0;120;N;15.0;True;False;False;0.0;1.0;0.0;0.0;94.92545029949339;4.273764394110293;0
FFF;2014J;678005;M;West Midlands Region;A Level or Equivalent;0;60;N;35.0;True;False;False;0.0;0.0;0.0;0.0;0.0;0.0;1
FFF;2014B;630435;M;London Region;No Formal quals;0;120;N;5.0;True;False;False;0.0;0.0;0.0;0.0;0.0;0.0;0
FFF;2013B;366649;F;South East Region;Lower Than A Level;0;60;N;5.0;True;False;False;0.0;0.25;0.0;0.0;44.52155241669018;3.148793111161984;0
FFF;2013J;522740;M;London Region;A Level or Equivalent;0;90;N;35.0;True;False;False;0.0;1.0;0.0;0.0;89.51278622292342;5.294341574753161;0
EEE;2013J;611255;M;Ireland;A Level or Equivalent;0;60;N;47.115494568324756;False;True;False;0.0;1.0;0.0;0.0;100.75392313700014;4.164442037364075;0
DDD;2013B;540310;M;South West Region;A Level or Equivalent;0;120;N;35.0;True;False;False;0.0;0.9230769230769231;1.0;47.0;90.62060124863943;2.4890743141034766;0
FFF;2013J;585659;M;South East Region;Lower Than A Level;0;60;N;85.0;True;False;False;0.0;1.0;0.0;0.0;80.12619951212214;2.662919799397827;0
CCC;2014J;657352;M;London Region;A Level or Equivalent;0;150;N;95.0;True;False;False;0.0;1.0;1.0;48.0;67.24317844784973;2.2188148788927333;0
EEE;2014J;121163;M;London Region;Lower Than A Level;0;30;N;15.0;True;False;False;0.0;0.0;0.0;0.0;0.0;0.0;1
GGG;2013J;588391;F;East Midlands Region;Lower Than A Level;0;30;N;45.0;False;True;False;0.0;0.8888888888888888;0.0;0.0;148.12397372742203;4.421182266009852;0
EEE;2014B;625174;F;East Anglian Region;A Level or Equivalent;0;60;N;45.0;True;False;False;0.0;1.0;0.0;0.0;108.90802179445322;3.567596090170454;0
BBB;2013J;2115711;M;Wales;Lower Than A Level;0;120;N;45.0;False;True;False;0.0;0.9090909090909091;0.0;0.0;105.5304143479485;1.4957158047077617;0
GGG;2014B;345737;F;London Region;A Level or Equivalent;1;60;Y;15.0;False;True;False;0.0;0.0;0.0;0.0;0.0;0.0;1
CCC;2014J;559672;M;North Region;A Level or Equivalent;0;60;N;25.0;True;False;False;0.0;0.0;0.0;0.0;0.0;0.0;1
FFF;2013J;335582;M;South East Region;A Level or Equivalent;0;120;N;95.0;False;True;False;0.0;1.0;0.0;0.0;120.12819038618642;3.0084191975352765;0
DDD;2013B;348790;M;East Midlands Region;HE Qualification;0;60;N;65.0;True;False;False;0.0;0.0;0.0;0.0;0.0;0.0;1
FFF;2014B;39882;F;Scotland;A Level or Equivalent;1;120;N;85.0;True;False;False;0.0;0.9166666666666666;0.0;0.0;105.0400989057239;4.308331454425205;0
DDD;2013J;577279;M;East Anglian Region;HE Qualification;0;60;N;65.0;False;True;False;0.0;1.0;1.0;91.0;80.1974541107209;1.4859954594709583;0
FFF;2013B;1118284;M;South Region;A Level or Equivalent;0;60;N;65.0;False;True;False;0.0;1.0;0.0;0.0;99.91590785503475;2.6149359235228196;0
BBB;2013J;2539817;M;North Western Region;Lower Than A Level;1;60;N;5.0;False;True;False;0.0;0.0;0.0;0.0;0.0;0.0;1
FFF;2014J;651478;M;East Anglian Region;A Level or Equivalent;0;90;N;85.0;True;False;False;0.0;1.0;0.0;0.0;94.97776888306196;3.8500812304208782;0
EEE;2014J;346093;M;Ireland;Post Graduate Qualification;0;30;N;47.115494568324756;True;False;False;0.0;1.0;0.0;0.0;106.83570801795334;6.261853706123707;0
BBB;2013J;31014;F;West Midlands Region;Lower Than A Level;0;120;N;85.0;False;True;False;0.0;0.0;0.0;0.0;0.0;0.0;1
GGG;2013J;543557;M;Yorkshire Region;Lower Than A Level;0;30;N;45.0;True;False;False;0.0;0.0;0.0;0.0;0.0;0.0;1
BBB;2014J;686953;F;Scotland;Lower Than A Level;0;120;N;45.0;True;False;False;0.0;0.6;0.0;0.0;37.65575670352977;4.559522967900486;0
FFF;2013B;480981;M;London Region;Lower Than A Level;1;120;Y;35.0;False;True;False;0.0;0.25;0.0;0.0;27.865346898179425;3.933927699754747;0
FFF;2014B;634279;M;East Midlands Region;A Level or Equivalent;0;120;N;35.0;True;False;False;0.0;0.16666666666666666;0.0;0.0;-1.0173333333333334;3.206666666666667;0
CCC;2014J;610019;M;Yorkshire Region;A Level or Equivalent;0;90;N;45.0;False;False;True;0.0;0.375;1.0;50.0;129.44817268674106;2.5251305805843645;0
CCC;2014B;446628;M;North Western Region;Lower Than A Level;0;90;N;85.0;True;False;False;0.0;0.0;0.0;0.0;0.0;0.0;1
EEE;2014J;656134;M;South East Region;Lower Than A Level;0;60;N;55.0;True;False;False;0.0;1.0;0.0;0.0;113.13024176269045;3.476284701504643;0
DDD;2013B;530762;M;South West Region;Lower Than A Level;0;90;N;35.0;True;False;False;0.0;0.0;0.0;0.0;0.0;0.0;1
CCC;2014J;1942491;M;East Anglian Region;HE Qualification;0;30;N;45.0;False;True;False;0.0;1.0;1.0;76.0;122.07533436269362;4.211483746773011;0
FFF;2014J;647169;M;Yorkshire Region;A Level or Equivalent;0;120;N;75.0;True;False;False;0.0;1.0;0.0;0.0;130.98094502086775;3.5223388103649698;0
GGG;2014J;649095;F;London Region;A Level or Equivalent;0;30;N;25.0;False;True;False;0.0;0.8888888888888888;0.0;0.0;124.11273870933593;4.9587996417163085;0
DDD;2014J;647920;M;South East Region;HE Qualification;0;60;N;85.0;False;True;False;0.0;0.0;0.0;0.0;0.0;0.0;1
EEE;2013J;601757;M;Scotland;HE Qualification;0;90;N;95.0;False;True;False;0.0;1.0;0.0;0.0;96.8708663354285;4.002660445971394;0
CCC;2014J;568691;F;London Region;A Level or Equivalent;0;60;N;5.0;False;True;False;0.0;0.5;1.0;86.0;98.10680558169103;3.0863562945331378;0
FFF;2013J;163120;M;Scotland;A Level or Equivalent;0;60;N;65.0;False;True;False;0.0;1.0;0.0;0.0;97.82599209048966;3.5564439161939503;0
CCC;2014J;683073;M;Scotland;HE Qualification;0;90;N;25.0;False;True;False;0.0;0.0;0.0;0.0;0.0;0.0;1
FFF;2014J;1866233;M;East Midlands Region;A Level or Equivalent;1;60;Y;15.0;False;True;False;0.0;0.3333333333333333;0.0;0.0;115.29478381700604;2.1666880444658223;0
GGG;2013J;2599817;F;East Anglian Region;Lower Than A Level;0;30;N;65.0;False;True;False;0.0;1.0;0.0;0.0;131.51606236503207;2.676852195694564;0
EEE;2013J;413190;M;East Anglian Region;Lower Than A Level;0;60;N;35.0;True;False;False;0.0;0.0;0.0;0.0;0.0;0.0;0
DDD;2014J;648959;M;South East Region;Lower Than A Level;0;240;N;85.0;True;False;False;0.0;0.5;0.0;0.0;27.527786357786358;1.979413341913342;0
FFF;2013J;529723;M;South West Region;A Level or Equivalent;0;60;N;45.0;True;False;False;0.0;1.0;0.0;0.0;105.38862768919728;3.722201268716351;0
EEE;2014B;2554047;M;East Midlands Region;A Level or Equivalent;0;60;N;35.0;True;False;False;0.0;0.0;0.0;0.0;0.0;0.0;1
FFF;2014J;685663;F;South East Region;A Level or Equivalent;0;90;N;5.0;True;False;False;0.0;0.0;0.0;0.0;0.0;0.0;1
BBB;2013J;609804;M;Scotland;HE Qualification;0;60;N;35.0;False;True;False;0.0;0.7272727272727273;0.0;0.0;92.86764705882354;2.550887021475257;0
GGG;2014B;620564;F;North Region;A Level or Equivalent;0;30;N;35.0;True;False;False;0.0;0.8888888888888888;0.0;0.0;108.31938244047619;1.9319196428571428;0
CCC;2014J;34068;M;Scotland;Lower Than A Level;0;30;N;55.0;True;False;False;0.0;0.0;0.0;0.0;0.0;0.0;1
FFF;2013J;584792;M;South West Region;Lower Than A Level;0;60;N;25.0;True;False;False;0.0;0.0;0.0;0.0;0.0;0.0;1
CCC;2014B;518330;F;South West Region;A Level or Equivalent;0;90;N;65.0;True;False;False;0.0;0.0;0.0;0.0;0.0;0.0;1
BBB;2013J;588205;F;London Region;Lower Than A Level;0;60;N;5.0;True;False;False;0.0;0.0;0.0;0.0;0.0;0.0;1
EEE;2013J;472336;M;Scotland;A Level or Equivalent;0;50;N;95.0;False;True;False;0.0;1.0;0.0;0.0;109.23602152651429;4.341356638329464;0
BBB;2014B;2625752;F;East Anglian Region;Lower Than A Level;1;180;N;25.0;True;False;False;0.0;0.0;0.0;0.0;0.0;0.0;0
GGG;2013J;588522;F;South East Region;Lower Than A Level;0;30;N;65.0;False;True;False;0.0;1.0;0.0;0.0;108.28011394290463;2.3194860533523327;0
FFF;2014J;421070;F;Scotland;HE Qualification;1;90;N;55.0;False;True;False;0.0;0.0;0.0;0.0;0.0;0.0;1
BBB;2014B;627245;F;South East Region;HE Qualification;0;90;N;45.0;True;False;False;0.0;0.0;0.0;0.0;0.0;0.0;1
CCC;2014J;582651;M;East Anglian Region;HE Qualification;0;60;N;65.0;False;True;False;0.0;0.0;0.0;0.0;0.0;0.0;1
GGG;2013J;598139;F;East Anglian Region;A Level or Equivalent;0;30;N;35.0;False;True;False;0.0;1.0;0.0;0.0;147.12109231928673;2.500118262069236;0
BBB;2013J;583255;F;South Region;Lower Than A Level;0;60;N;55.0;True;False;False;0.0;0.0;0.0;0.0;0.0;0.0;1
FFF;2014J;648116;F;North Region;Lower Than A Level;0;120;N;15.0;True;False;False;0.0;1.0;0.0;0.0;100.82229442911785;3.805690111207122;0
BBB;2014J;656217;F;South Region;Lower Than A Level;0;60;N;25.0;True;False;False;0.0;0.8;0.0;0.0;79.76193452380951;1.9238988095238096;0
GGG;2013J;592287;M;South East Region;Lower Than A Level;0;30;N;5.0;True;False;False;0.0;1.0;0.0;0.0;175.79622758194188;2.05885384456813;0
BBB;2014B;620889;F;South East Region;A Level or Equivalent;0;60;N;35.0;True;False;False;0.0;1.0;0.0;0.0;100.24767917267917;2.3132392187895032;0
BBB;2014J;601316;F;South West Region;Lower Than A Level;1;60;N;45.0;False;True;False;0.0;0.0;0.0;0.0;0.0;0.0;1
EEE;2014J;274967;M;Scotland;A Level or Equivalent;0;30;N;45.0;False;True;False;0.0;1.0;0.0;0.0;115.09150539813331;4.59143186959466;0
BBB;2014J;1784816;F;West Midlands Region;A Level or Equivalent;0;120;N;15.0;False;True;False;0.0;1.0;0.0;0.0;59.91476008027732;2.469074986316366;0
EEE;2014B;624441;M;South Region;A Level or Equivalent;0;60;N;95.0;True;False;False;0.0;1.0;0.0;0.0;124.87105925252985;4.296629192217427;0
BBB;2014J;646515;M;North Region;Lower Than A Level;0;120;N;5.0;True;False;False;0.0;0.0;0.0;0.0;0.0;0.0;1
BBB;2014B;628982;F;Wales;HE Qualification;0;60;N;5.0;True;False;False;0.0;0.8181818181818182;0.0;0.0;72.1435606060606;3.26155303030303;0
DDD;2013J;588219;M;South East Region;Lower Than A Level;0;90;N;55.0;True;False;False;0.0;1.0;1.0;60.0;79.50408338906135;1.978488899065938;0
DDD;2013J;600094;M;North Western Region;A Level or Equivalent;0;90;N;75.0;True;False;False;0.0;0.0;0.0;0.0;0.0;0.0;1
BBB;2013J;579046;F;South East Region;Lower Than A Level;0;60;N;95.0;True;False;False;0.0;0.0;0.0;0.0;0.0;0.0;1
BBB;2014J;600664;F;Yorkshire Region;Lower Than A Level;0;60;N;5.0;True;False;False;0.0;1.0;0.0;0.0;129.881096954911;3.254180126351616;0
GGG;2013J;352382;F;Yorkshire Region;A Level or Equivalent;0;30;N;75.0;False;True;False;0.0;1.0;0.0;0.0;117.52004101909898;2.4219779817605906;0
DDD;2013J;552003;F;London Region;A Level or Equivalent;0;120;N;95.0;False;True;False;0.0;0.0;0.0;0.0;0.0;0.0;1
CCC;2014B;618619;M;East Midlands Region;Lower Than A Level;0;60;N;85.0;True;False;False;0.0;0.0;0.0;0.0;0.0;0.0;1
CCC;2014J;628008;M;South East Region;Lower Than A Level;0;60;N;25.0;True;False;False;0.0;0.0;0.0;0.0;0.0;0.0;1
EEE;2013J;593362;M;Scotland;Lower Than A Level;0;60;N;15.0;False;True;False;0.0;0.0;0.0;0.0;0.0;0.0;1
CCC;2014B;1514245;M;East Midlands Region;Lower Than A Level;0;90;N;5.0;False;True;False;0.0;0.0;0.0;0.0;0.0;0.0;1
FFF;2013B;400632;M;South Region;Lower Than A Level;0;60;N;85.0;True;False;False;0.0;1.0;0.0;0.0;109.85778876101949;3.9695897854098297;0
BBB;2013B;513757;F;London Region;A Level or Equivalent;1;120;N;35.0;False;True;False;0.0;1.0;0.0;0.0;127.58341232134597;2.1499562563566377;0
BBB;2014J;692914;F;South Region;A Level or Equivalent;0;120;N;25.0;True;False;False;0.0;0.0;0.0;0.0;0.0;0.0;1
BBB;2014J;490648;F;North Western Region;Lower Than A Level;0;120;N;15.0;True;False;False;0.0;0.0;0.0;0.0;0.0;0.0;0
BBB;2014B;607678;F;East Anglian Region;No Formal quals;0;60;N;35.0;True;False;False;0.0;0.7272727272727273;0.0;0.0;104.74802371541502;1.83201581027668;0
EEE;2014J;643531;M;Yorkshire Region;Lower Than A Level;0;60;N;55.0;True;False;False;0.0;1.0;0.0;0.0;98.62406460045125;4.138991211496559;0
BBB;2013B;477011;F;London Region;A Level or Equivalent;0;60;N;25.0;True;False;False;0.0;1.0;0.0;0.0;120.4824953211604;1.7072985827104055;0
BBB;2014J;689178;F;Ireland;Lower Than A Level;0;60;N;95.0;True;False;False;0.0;0.4;0.0;0.0;16.31872427983539;3.6302175191064077;0
FFF;2014J;645705;M;Wales;A Level or Equivalent;0;120;N;75.0;True;False;False;0.0;1.0;0.0;0.0;105.23966638697574;4.134553185001418;0
EEE;2013J;250047;M;Scotland;HE Qualification;0;90;N;35.0;False;True;False;0.0;1.0;0.0;0.0;95.23406894508211;5.81774570699718;0
GGG;2013J;2420364;M;West Midlands Region;HE Qualification;0;30;N;25.0;True;False;False;0.0;0.7777777777777778;0.0;0.0;146.8009247757074;2.892700138026225;0
AAA;2013J;306107;M;West Midlands Region;A Level or Equivalent;0;120;N;55.0;False;True;False;0.0;1.0;0.0;0.0;97.87563356618368;4.680123932288965;0
DDD;2013J;332309;M;North Western Region;A Level or Equivalent;0;60;N;35.0;True;False;False;0.0;0.6666666666666666;1.0;51.0;81.3450332033792;1.4620910345951919;0
EEE;2013J;475893;M;South Region;A Level or Equivalent;0;60;N;75.0;True;False;False;0.0;1.0;0.0;0.0;89.42831688596492;4.829358552631579;0
BBB;2014B;270256;F;South East Region;A Level or Equivalent;0;60;N;15.0;True;False;False;0.0;0.0;0.0;0.0;0.0;0.0;1
DDD;2013B;511576;M;East Midlands Region;A Level or Equivalent;0;60;N;15.0;True;False;False;0.0;0.46153846153846156;0.0;0.0;49.21129775941213;1.3682650193708126;0
FFF;2013J;314776;M;East Anglian Region;Lower Than A Level;0;60;N;35.0;True;False;False;0.0;1.0;0.0;0.0;87.4335867823361;3.228291793289685;0
BBB;2013J;534323;F;North Region;A Level or Equivalent;0;60;N;45.0;False;True;False;0.0;0.9090909090909091;0.0;0.0;124.2754543363239;1.9864504255808602;0
BBB;2014J;650161;F;East Anglian Region;A Level or Equivalent;0;60;N;45.0;True;False;False;0.0;1.0;0.0;0.0;101.76588604044206;2.335047085832605;0
BBB;2013B;1536591;F;London Region;Lower Than A Level;0;60;N;15.0;False;True;False;0.0;0.0;0.0;0.0;0.0;0.0;1
CCC;2014J;415023;M;London Region;A Level or Equivalent;0;60;Y;45.0;False;True;False;0.0;0.0;0.0;0.0;0.0;0.0;1
BBB;2014J;656472;F;West Midlands Region;A Level or Equivalent;0;60;N;65.0;True;False;False;0.0;0.0;0.0;0.0;0.0;0.0;1
GGG;2013J;608114;M;East Anglian Region;A Level or Equivalent;0;30;N;45.0;True;False;False;0.0;0.0;0.0;0.0;0.0;0.0;0
CCC;2014J;242778;M;Scotland;HE Qualification;1;30;N;95.0;False;True;False;0.0;1.0;1.0;38.0;132.3192612942613;2.1442918192918192;0
FFF;2014J;2602542;M;Scotland;Post Graduate Qualification;2;60;N;95.0;False;True;False;0.0;1.0;0.0;0.0;105.6674947428611;2.964833602396355;0
FFF;2013J;349676;M;South Region;Lower Than A Level;0;60;N;55.0;True;False;False;0.0;1.0;0.0;0.0;90.04978161632891;3.7132606428915564;0
FFF;2013J;603651;M;South Region;A Level or Equivalent;0;60;N;95.0;True;False;False;0.0;1.0;0.0;0.0;85.22885930238706;2.8371217588109197;0
EEE;2014B;629628;M;Yorkshire Region;Lower Than A Level;0;60;N;55.0;True;False;False;0.0;0.0;0.0;0.0;0.0;0.0;1
CCC;2014J;500189;M;Scotland;A Level or Equivalent;1;30;N;85.0;True;False;False;0.0;0.875;1.0;28.0;113.79281680861618;1.9983158621236323;0
BBB;2013J;2271644;M;South Region;A Level or Equivalent;0;180;N;45.0;False;True;False;0.0;0.5454545454545454;0.0;0.0;55.38176538908246;2.4149825783972125;0
CCC;2014B;513997;M;South East Region;Lower Than A Level;0;60;N;55.0;True;False;False;0.0;0.0;0.0;0.0;0.0;0.0;1
BBB;2013J;609864;F;Scotland;A Level or Equivalent;0;60;N;25.0;True;False;False;0.0;0.9090909090909091;0.0;0.0;150.44493464052286;2.1038398692810456;0
FFF;2014B;587248;M;South West Region;HE Qualification;1;150;N;85.0;True;False;False;0.0;0.0;0.0;0.0;0.0;0.0;1
BBB;2013B;108589;F;Ireland;A Level or Equivalent;0;60;N;75.0;True;False;False;0.0;1.0;0.0;0.0;80.64173726002994;1.9720642501130305;0
DDD;2014J;648321;F;East Midlands Region;A Level or Equivalent;0;90;N;25.0;True;False;False;0.0;1.0;1.0;87.0;146.41998077240004;1.3364847682344845;0
BBB;2014B;308345;F;Yorkshire Region;A Level or Equivalent;0;60;N;95.0;True;False;False;0.0;0.18181818181818182;0.0;0.0;32.16779556650246;2.3561097427476736;0
EEE;2013J;275162;M;South West Region;HE Qualification;0;55;N;35.0;False;True;False;0.0;0.5;0.0;0.0;19.93151280607937;3.302658584730941;0
BBB;2013B;329800;M;South Region;A Level or Equivalent;0;60;N;85.0;True;False;False;0.0;0.9090909090909091;0.0;0.0;115.19965650769058;1.4204338182274885;0
GGG;2014B;632989;F;London Region;Lower Than A Level;0;30;N;35.0;True;False;False;0.0;1.0;0.0;0.0;110.67613298917264;2.752916863366176;0
BBB;2013J;2544448;F;Wales;Lower Than A Level;0;60;N;5.0;True;False;False;0.0;0.45454545454545453;0.0;0.0;63.667675053704464;1.6412540278349101;0
FFF;2014J;643466;M;North Region;HE Qualification;0;60;N;47.115494568324756;True;False;False;0.0;1.0;0.0;0.0;91.19185326711249;2.7489463745673253;0
BBB;2013B;514951;F;West Midlands Region;A Level or Equivalent;0;120;N;15.0;False;True;False;0.0;0.0;0.0;0.0;0.0;0.0;1
GGG;2014B;506533;F;North Western Region;Lower Than A Level;1;60;Y;5.0;False;True;False;0.0;0.8888888888888888;0.0;0.0;118.68979634621144;1.8441191973644804;0
BBB;2013J;608578;F;South West Region;Lower Than A Level;0;60;N;55.0;True;False;False;0.0;1.0;0.0;0.0;116.648257634387;1.9725802971673618;0
DDD;2013B;483275;M;South East Region;A Level or Equivalent;0;90;N;85.0;True;False;False;0.0;0.6923076923076923;0.0;0.0;73.5460606060606;1.8290909090909089;0
GGG;2014B;633749;M;West Midlands Region;Lower Than A Level;0;30;N;5.0;True;False;False;0.0;0.7735849056603774;0.0;0.0;0.5833333333333334;3.3611111111111107;0
DDD;2014J;633574;F;Scotland;A Level or Equivalent;0;120;Y;15.0;True;False;False;0.0;1.0;1.0;87.0;90.8039256629248;1.807764655186096;0
FFF;2013J;1859407;M;South West Region;Lower Than A Level;0;120;Y;75.0;False;True;False;0.0;0.0;0.0;0.0;0.0;0.0;1
DDD;2014B;611879;M;East Anglian Region;A Level or Equivalent;0;60;N;45.0;True;False;False;0.0;0.8333333333333334;1.0;89.0;97.74288359788359;1.945978835978836;0
CCC;2014B;472087;M;East Midlands Region;HE Qualification;0;60;N;35.0;True;False;False;0.0;1.0;1.0;40.0;94.45882139970111;2.3250759521946582;0
BBB;2013B;545392;F;Yorkshire Region;A Level or Equivalent;0;60;N;15.0;True;False;False;0.0;1.0;0.0;0.0;67.96733095379734;1.9061612985467835;0
BBB;2013B;483243;F;North Western Region;Lower Than A Level;0;135;Y;25.0;False;True;False;0.0;0.9090909090909091;0.0;0.0;68.95014357382179;1.5902134205580158;0
FFF;2014B;611542;M;North Region;A Level or Equivalent;0;60;Y;47.115494568324756;True;False;False;0.0;1.0;0.0;0.0;88.95708216866372;3.6359086278202972;0
BBB;2013J;582636;F;North Region;A Level or Equivalent;0;60;N;5.0;True;False;False;0.0;0.8181818181818182;0.0;0.0;95.76184210526316;2.013157894736842;0
BBB;2013J;499373;F;South West Region;Lower Than A Level;0;120;N;45.0;True;False;False;0.0;0.0;0.0;0.0;0.0;0.0;1
DDD;2014J;631486;M;West Midlands Region;Lower Than A Level;0;120;N;5.0;True;False;False;0.0;0.0;0.0;0.0;0.0;0.0;1
FFF;2014J;684040;M;North Region;A Level or Equivalent;0;120;N;95.0;True;False;False;0.0;0.0;0.0;0.0;0.0;0.0;1
FFF;2013B;266858;M;West Midlands Region;A Level or Equivalent;1;60;N;75.0;True;False;False;0.0;0.7267809384877219;0.0;0.0;6.828030303030303;2.130165289256198;0
AAA;2014J;1511033;M;Wales;A Level or Equivalent;0;60;N;55.0;False;True;False;0.0;1.0;0.0;0.0;118.09052111410602;2.557602575621443;0
EEE;2014J;650471;M;East Midlands Region;A Level or Equivalent;0;60;N;15.0;True;False;False;0.0;1.0;0.0;0.0;104.76798992017139;4.108606907127875;0
BBB;2014J;2159336;F;South West Region;A Level or Equivalent;1;60;N;55.0;False;True;False;0.0;0.0;0.0;0.0;0.0;0.0;1
FFF;2014J;692968;M;East Anglian Region;A Level or Equivalent;0;60;N;95.0;True;False;False;0.0;1.0;0.0;0.0;135.11639132888286;2.7550265531620575;0
BBB;2014B;588459;F;Wales;Lower Than A Level;1;120;N;45.0;True;False;False;0.0;0.45454545454545453;0.0;0.0;63.11781464722641;1.7918971007206301;0
DDD;2013J;517093;M;Scotland;A Level or Equivalent;0;75;N;75.0;True;False;False;0.0;1.0;1.0;80.0;108.18887107557256;1.4733651594677657;0
GGG;2014J;644743;F;Scotland;Lower Than A Level;0;30;N;65.0;True;False;False;0.0;0.7777777777777778;0.0;0.0;108.75547713156409;2.728307923960098;0
DDD;2014J;384295;F;South West Region;Lower Than A Level;1;90;N;55.0;True;False;False;0.0;1.0;1.0;47.0;117.99279001223447;1.9352213324435548;0
BBB;2013J;404269;F;South West Region;A Level or Equivalent;1;60;N;45.0;True;False;False;0.0;1.0;0.0;0.0;118.29960736340229;2.2734126204815523;0
DDD;2014J;687411;F;Scotland;A Level or Equivalent;0;120;Y;95.0;True;False;False;0.0;1.0;1.0;91.0;115.43140439351738;1.269717171234199;0
FFF;2014J;681652;M;East Midlands Region;A Level or Equivalent;0;90;N;15.0;True;False;False;0.0;1.0;0.0;0.0;87.24872626190917;4.019126136171393;0
CCC;2014B;533004;M;West Midlands Region;HE Qualification;0;60;N;25.0;True;False;False;0.0;0.0;0.0;0.0;29.595238095238095;1.3849206349206349;0
BBB;2013B;540607;F;East Anglian Region;Lower Than A Level;0;60;N;85.0;False;True;False;0.0;0.9090909090909091;0.0;0.0;111.62016151489836;2.4443574213311057;0
FFF;2014J;687511;M;London Region;Lower Than A Level;0;120;N;5.0;False;True;False;0.0;0.0;0.0;0.0;0.0;0.0;1
DDD;2013B;487267;F;Scotland;Lower Than A Level;0;60;Y;5.0;False;True;False;0.0;0.0;0.0;0.0;0.0;0.0;1
DDD;2014J;625013;M;West Midlands Region;Lower Than A Level;0;60;N;75.0;False;True;False;0.0;0.0;0.0;0.0;0.0;0.0;1
FFF;2013J;432336;M;North Western Region;Lower Than A Level;0;120;N;5.0;True;False;False;0.0;0.9166666666666666;0.0;0.0;50.18324642378117;3.530944557729121;0
FFF;2014B;615426;M;East Midlands Region;Lower Than A Level;0;60;N;65.0;True;False;False;0.0;0.0;0.0;0.0;0.0;0.0;1
CCC;2014B;625953;M;London Region;HE Qualification;0;90;N;15.0;False;True;False;0.0;0.0;0.0;0.0;0.0;0.0;1
BBB;2014B;619288;F;South West Region;Lower Than A Level;0;60;N;25.0;False;True;False;0.0;1.0;0.0;0.0;40.302890452368636;5.131770538127275;0
FFF;2013B;243600;M;London Region;Lower Than A Level;0;60;N;35.0;True;False;False;0.0;0.3333333333333333;0.0;0.0;16.24684523809524;2.5279315476190476;0
BBB;2013B;548900;F;East Anglian Region;Lower Than A Level;0;60;N;35.0;True;False;False;0.0;0.0;0.0;0.0;0.0;0.0;1
CCC;2014J;579362;F;North Region;Lower Than A Level;0;60;N;55.0;True;False;False;0.0;0.0;0.0;0.0;0.0;0.0;1
FFF;2014B;622918;M;South East Region;Lower Than A Level;0;60;Y;55.0;True;False;False;0.0;0.0;0.0;0.0;0.0;0.0;1
DDD;2013B;336696;F;West Midlands Region;A Level or Equivalent;0;60;N;5.0;True;False;False;0.0;0.9230769230769231;1.0;42.0;89.71703507679534;1.8724868548498685;0
BBB;2013J;600966;F;South West Region;A Level or Equivalent;0;60;N;65.0;True;False;False;0.0;1.0;0.0;0.0;113.87732169790992;2.0313294548588665;0
DDD;2014B;1031884;M;East Midlands Region;A Level or Equivalent;0;60;N;85.0;False;True;False;0.0;1.0;1.0;93.0;73.98676325911094;1.5152204024577973;0
EEE;2013J;529503;M;Scotland;Lower Than A Level;0;60;N;55.0;False;True;False;0.0;0.0;0.0;0.0;0.0;0.0;1
FFF;2014J;632773;M;West Midlands Region;HE Qualification;1;60;N;55.0;True;False;False;0.0;0.0;0.0;0.0;0.0;0.0;1
GGG;2014J;693053;F;London Region;A Level or Equivalent;0;30;N;65.0;True;False;False;0.0;1.0;0.0;0.0;91.20447673300934;1.8675272073289975;0
CCC;2014J;370839;F;North Western Region;Lower Than A Level;0;120;Y;5.0;True;False;False;0.0;0.0;0.0;0.0;0.0;0.0;1
CCC;2014B;632312;M;Ireland;A Level or Equivalent;0;60;N;25.0;True;False;False;0.0;0.25;0.0;0.0;18.518740031897927;1.4718234981392877;0
BBB;2013J;2082318;F;South East Region;A Level or Equivalent;1;120;N;25.0;True;False;False;0.0;0.0;0.0;0.0;0.0;0.0;1
EEE;2013J;435277;M;London Region;A Level or Equivalent;0;90;N;85.0;True;False;False;0.0;1.0;0.0;0.0;77.10787193717903;3.400178705497243;0
FFF;2013J;602569;F;Scotland;A Level or Equivalent;0;60;N;55.0;True;False;False;0.0;0.7045980078263963;0.0;0.0;5.911674347158218;2.3237327188940093;0
DDD;2014J;696937;M;South West Region;Lower Than A Level;0;60;N;25.0;True;False;False;0.0;0.3333333333333333;0.0;0.0;11.971164021164022;1.6298941798941797;0
BBB;2013J;565582;F;Wales;Lower Than A Level;0;60;N;15.0;True;False;False;0.0;1.0;0.0;0.0;66.33965538847119;2.2410150375939852;0
FFF;2014B;611185;M;North Region;Lower Than A Level;0;120;N;47.115494568324756;True;False;False;0.0;0.8333333333333334;0.0;0.0;159.8409034637188;2.9000218669620423;0
BBB;2013J;598503;F;Scotland;Lower Than A Level;0;60;N;45.0;False;True;False;0.0;0.0;0.0;0.0;0.0;0.0;1
BBB;2014J;264281;M;North Western Region;A Level or Equivalent;0;180;N;25.0;False;False;True;0.0;0.0;0.0;0.0;0.0;0.0;1
CCC;2014B;108834;M;West Midlands Region;A Level or Equivalent;0;90;N;15.0;True;False;False;0.0;0.0;0.0;0.0;0.0;0.0;1
GGG;2013J;600273;F;South West Region;Lower Than A Level;0;30;N;95.0;False;True;False;0.0;0.0;0.0;0.0;0.0;0.0;1
BBB;2014J;541995;F;Yorkshire Region;Lower Than A Level;0;60;Y;5.0;True;False;False;0.0;0.0;0.0;0.0;0.0;0.0;1
CCC;2014J;247304;F;East Anglian Region;HE Qualification;0;60;N;65.0;True;False;False;0.0;0.25;0.0;0.0;23.31111111111111;1.828125;0
DDD;2014J;587446;F;South Region;A Level or Equivalent;1;90;N;85.0;True;False;False;0.0;1.0;1.0;64.0;116.93684059402261;1.8901260404367128;0
DDD;2014J;592661;M;Scotland;A Level or Equivalent;0;60;N;45.0;True;False;False;0.0;1.0;1.0;40.0;122.47480710914715;1.53669577162385;0
DDD;2013B;439542;F;Scotland;A Level or Equivalent;0;120;N;55.0;True;False;False;0.0;0.6923076923076923;0.0;0.0;93.7642441856125;2.1603562866035353;0
FFF;2014B;634200;M;Scotland;HE Qualification;0;60;N;65.0;True;False;False;0.0;0.8333333333333334;0.0;0.0;76.18569218376854;4.495185322262413;0
BBB;2013J;2518589;M;London Region;Lower Than A Level;0;120;N;45.0;True;False;False;0.0;0.0;0.0;0.0;0.0;0.0;1
FFF;2014J;630905;M;Wales;HE Qualification;0;120;N;55.0;True;False;False;0.0;1.0;0.0;0.0;115.81953570471596;3.202320903686458;0
FFF;2013J;599464;M;London Region;Lower Than A Level;0;120;N;25.0;True;False;False;0.0;0.0;0.0;0.0;0.0;0.0;1
FFF;2014B;628117;M;London Region;A Level or Equivalent;0;60;N;25.0;True;False;False;0.0;1.0;0.0;0.0;118.66877110610692;3.4585812039981083;0
DDD;2014J;234552;F;North Western Region;Lower Than A Level;0;120;N;25.0;True;False;False;0.0;1.0;1.0;76.0;84.95888767604094;1.8145346389689478;0
BBB;2014J;551922;F;London Region;Lower Than A Level;0;60;N;45.0;True;False;False;0.0;0.8;0.0;0.0;92.50159893869571;2.6468789275240887;0
CCC;2014J;610881;M;South West Region;A Level or Equivalent;0;60;N;55.0;False;True;False;0.0;1.0;1.0;94.0;130.62246386891542;2.4326828420678237;0
GGG;2014J;642590;F;London Region;Lower Than A Level;0;30;N;5.0;True;False;False;0.0;0.7862398822663723;0.0;0.0;30.0;1.6666666666666667;0
FFF;2013B;420096;M;East Anglian Region;Lower Than A Level;0;60;N;95.0;True;False;False;0.0;0.0;0.0;0.0;0.0;0.0;1
GGG;2013J;604534;F;North Western Region;Lower Than A Level;0;30;N;5.0;False;True;False;0.0;0.2222222222222222;0.0;0.0;69.52304421768707;1.690391156462585;0
CCC;2014B;502868;M;Yorkshire Region;A Level or Equivalent;0;60;N;75.0;False;True;False;0.0;1.0;1.0;56.0;111.88203387681234;2.839282904156322;0
DDD;2014B;590504;M;East Anglian Region;A Level or Equivalent;0;60;N;85.0;True;False;False;0.0;0.6337579617834395;0.554140127388535;38.28768577494692;-15.357142857142858;2.0714285714285716;0
DDD;2013J;2430070;M;Yorkshire Region;A Level or Equivalent;0;60;N;35.0;False;True;False;0.0;1.0;1.0;84.0;98.65366329167357;1.6489363986937495;0
GGG;2014B;625446;F;South Region;No Formal quals;0;30;N;95.0;True;False;False;0.0;1.0;0.0;0.0;110.36462075168232;2.0132835677090335;0
BBB;2013B;82535;F;Wales;Lower Than A Level;0;180;N;25.0;True;False;False;0.0;1.0;0.0;0.0;80.72263077200577;1.6775045093795093;0
BBB;2013J;2349825;F;East Anglian Region;A Level or Equivalent;0;220;N;45.0;True;False;False;0.0;0.0;0.0;0.0;0.0;0.0;1
CCC;2014J;643514;M;East Midlands Region;A Level or Equivalent;0;90;N;75.0;False;True;False;0.0;0.0;0.0;0.0;0.0;0.0;1
FFF;2013J;568381;M;North Western Region;A Level or Equivalent;0;60;Y;35.0;True;False;False;0.0;0.08333333333333333;0.0;0.0;7.469319727891157;2.709387755102041;0
FFF;2014J;657184;M;East Anglian Region;Lower Than A Level;0;120;N;55.0;True;False;False;0.0;0.0;0.0;0.0;0.0;0.0;1
FFF;2013B;68208;M;Scotland;HE Qualification;2;270;N;75.0;False;True;False;0.0;1.0;0.0;0.0;97.67912039194788;2.4142523819433857;0
CCC;2014J;638018;M;South Region;A Level or Equivalent;0;60;N;35.0;True;False;False;0.0;1.0;1.0;70.0;115.52653276016913;2.2371726253544435;0
CCC;2014J;628480;M;West Midlands Region;Lower Than A Level;0;90;N;75.0;True;False;False;0.0;0.0;0.0;0.0;0.0;0.0;1
DDD;2013J;2421961;M;Yorkshire Region;A Level or Equivalent;0;90;N;35.0;True;False;False;0.0;0.6666666666666666;1.0;49.0;85.04668622277318;2.00338372294894;0
FFF;2014B;618662;F;South East Region;Lower Than A Level;0;60;N;5.0;True;False;False;0.0;0.0;0.0;0.0;0.0;0.0;1
EEE;2014J;652233;M;London Region;HE Qualification;0;30;N;15.0;True;False;False;0.0;0.0;0.0;0.0;0.0;0.0;1
DDD;2013J;568045;M;East Anglian Region;Lower Than A Level;0;120;N;25.0;False;True;False;0.0;0.0;0.0;0.0;0.0;0.0;1
BBB;2014B;492895;F;North Western Region;A Level or Equivalent;0;60;N;65.0;False;True;False;0.0;0.0;0.0;0.0;0.0;0.0;1
DDD;2014B;628642;M;North Western Region;Lower Than A Level;0;60;N;25.0;False;True;False;0.0;1.0;1.0;42.0;63.4485119471035;1.6725184439973173;0
BBB;2014B;608164;M;South West Region;HE Qualification;0;180;N;75.0;False;True;False;0.0;1.0;0.0;0.0;124.33496820722299;1.7899510480856287;0
DDD;2013J;551126;M;Yorkshire Region;Lower Than A Level;0;60;N;75.0;False;True;False;0.0;1.0;1.0;60.0;117.50260807775845;1.9076234990610603;0
BBB;2014J;414663;F;North Western Region;Lower Than A Level;0;120;N;85.0;True;False;False;0.0;0.0;0.0;0.0;0.0;0.0;1
DDD;2014J;574347;F;Wales;A Level or Equivalent;0;60;N;25.0;True;False;False;0.0;0.6666666666666666;1.0;53.0;91.45682453613487;1.3453853540060436;0
EEE;2013J;596432;F;South East Region;Lower Than A Level;0;60;N;45.0;True;False;False;0.0;0.0;0.0;0.0;0.0;0.0;1
DDD;2013J;594578;M;East Anglian Region;A Level or Equivalent;0;60;N;95.0;True;False;False;0.0;0.6982071713147411;0.6420982735723771;41.732403718459494;-10.528491704374057;1.4609351432880846;0
DDD;2013J;547378;M;Wales;A Level or Equivalent;1;120;N;5.0;True;False;False;0.0;0.0;0.0;0.0;0.0;0.0;1
BBB;2013J;611023;F;Wales;Lower Than A Level;0;60;N;65.0;True;False;False;0.0;1.0;0.0;0.0;167.0436174469788;1.603174603174603;0
GGG;2013J;579015;F;North Western Region;A Level or Equivalent;0;30;Y;95.0;True;False;False;0.0;1.0;0.0;0.0;175.0529761904762;4.785064935064935;0
DDD;2013B;498527;M;Scotland;HE Qualification;0;60;N;65.0;True;False;False;0.0;1.0;1.0;42.0;79.59197006864831;1.510785539119145;0
FFF;2014J;197536;F;Yorkshire Region;A Level or Equivalent;0;90;N;85.0;True;False;False;0.0;1.0;0.0;0.0;95.89888605677459;4.8795045278677;0
DDD;2013J;601263;M;East Anglian Region;Lower Than A Level;0;60;N;45.0;True;False;False;0.0;1.0;1.0;87.0;104.1288787203865;1.6338975777187779;0
FFF;2014B;618942;M;North Region;Lower Than A Level;0;90;N;15.0;True;False;False;0.0;0.0;0.0;0.0;0.0;0.0;1
FFF;2013B;1442706;F;South East Region;HE Qualification;0;90;Y;25.0;False;True;False;0.0;0.16666666666666666;0.0;0.0;32.18179827748579;3.4083877814394983;0
BBB;2014B;627027;F;West Midlands Region;Lower Than A Level;0;60;N;55.0;True;False;False;0.0;0.6363636363636364;0.0;0.0;77.00084613727148;1.967730685603989;0
BBB;2013J;131051;F;Scotland;Lower Than A Level;3;60;N;65.0;True;False;False;0.0;0.9090909090909091;0.0;0.0;127.68452195404747;1.4696724074143301;0
EEE;2014B;628300;M;East Anglian Region;A Level or Equivalent;0;30;N;45.0;True;False;False;0.0;1.0;0.0;0.0;106.76774194870785;4.100334646414192;0
DDD;2014J;445351;F;South West Region;Lower Than A Level;0;60;N;65.0;True;False;False;0.0;0.7706143424433542;0.665031534688157;42.11072179397337;3.875;янв.25;0
DDD;2014J;676596;M;Wales;Lower Than A Level;0;150;N;25.0;True;False;False;0.0;1.0;1.0;60.0;85.93929352793094;1.2388175912312647;0
CCC;2014B;2617635;M;West Midlands Region;A Level or Equivalent;0;60;N;5.0;True;False;False;0.0;0.125;0.0;0.0;0.55;1.7833333333333332;0
DDD;2013B;558308;M;North Western Region;Lower Than A Level;0;60;N;75.0;False;True;False;0.0;0.0;0.0;0.0;0.0;0.0;1
BBB;2014J;539635;F;South East Region;HE Qualification;0;120;N;85.0;False;True;False;0.0;1.0;0.0;0.0;105.37411421714003;2.6072416207181703;0
BBB;2013B;226374;M;Wales;A Level or Equivalent;0;60;N;75.0;False;True;False;0.0;0.9090909090909091;0.0;0.0;91.49753403440124;1.7699745477930853;0
FFF;2013B;553813;M;West Midlands Region;Lower Than A Level;0;60;N;45.0;True;False;False;0.0;0.4166666666666667;0.0;0.0;67.80835029029829;4.282816933161927;0
EEE;2013J;603503;M;Yorkshire Region;A Level or Equivalent;0;30;N;45.0;True;False;False;0.0;1.0;0.0;0.0;87.67429965130796;4.0221054197162225;0
BBB;2014J;652584;F;South West Region;A Level or Equivalent;0;120;N;5.0;True;False;False;0.0;0.0;0.0;0.0;0.0;0.0;1
BBB;2013J;608264;F;South West Region;A Level or Equivalent;0;120;N;55.0;True;False;False;0.0;1.0;0.0;0.0;108.01853625432508;2.614283802641892;0
GGG;2013J;593431;F;North Western Region;Lower Than A Level;0;30;N;15.0;True;False;False;0.0;0.3333333333333333;0.0;0.0;101.79012345679013;1.9567901234567902;0
CCC;2014B;342957;M;Scotland;Lower Than A Level;0;60;N;85.0;True;False;False;0.0;0.5;1.0;38.0;90.29524028361345;1.8442372782446312;0
DDD;2014J;644881;M;South West Region;A Level or Equivalent;0;120;N;15.0;True;False;False;0.0;0.0;0.0;0.0;0.0;0.0;1
DDD;2013B;466990;F;Wales;Lower Than A Level;0;60;N;95.0;True;False;False;0.0;1.0;1.0;33.0;72.17010094850949;1.44923125564589;0
CCC;2014J;522525;M;East Midlands Region;Lower Than A Level;0;90;N;5.0;True;False;False;0.0;0.875;1.0;56.0;125.07042721422856;2.5152887496784206;0
CCC;2014J;647888;M;South East Region;A Level or Equivalent;0;60;N;85.0;True;False;False;0.0;0.875;1.0;52.0;95.62165178571429;2.419469246031746;0
EEE;2013J;365762;M;Scotland;Lower Than A Level;0;30;N;75.0;False;True;False;0.0;0.0;0.0;0.0;0.0;0.0;1
CCC;2014B;1841267;F;Scotland;A Level or Equivalent;0;60;N;65.0;False;True;False;0.0;0.0;0.0;0.0;0.0;0.0;1
FFF;2014B;437529;M;South Region;A Level or Equivalent;0;60;N;85.0;False;True;False;0.0;0.0;0.0;0.0;0.0;0.0;1
BBB;2014B;613559;F;London Region;HE Qualification;0;60;N;25.0;True;False;False;0.0;0.0;0.0;0.0;0.0;0.0;1
GGG;2014B;398029;F;Yorkshire Region;Lower Than A Level;0;30;N;65.0;True;False;False;0.0;0.7735849056603774;0.0;0.0;9.0;1.0;0
BBB;2014J;599232;F;South West Region;A Level or Equivalent;0;60;N;55.0;False;True;False;0.0;0.0;0.0;0.0;0.0;0.0;1
FFF;2013J;586891;M;East Anglian Region;Lower Than A Level;0;120;N;45.0;False;True;False;0.0;0.75;0.0;0.0;102.49684262092795;2.4773019900060875;0
BBB;2014J;655314;M;London Region;A Level or Equivalent;0;120;N;95.0;True;False;False;0.0;1.0;0.0;0.0;109.60625734789274;3.4241750765748393;0
BBB;2013J;585644;M;East Anglian Region;Lower Than A Level;0;120;N;25.0;False;True;False;0.0;0.8181818181818182;0.0;0.0;122.56666666666668;3.9333333333333336;0
EEE;2014J;443701;F;South West Region;A Level or Equivalent;0;60;N;95.0;False;True;False;0.0;0.0;0.0;0.0;0.0;0.0;1
FFF;2014B;626349;M;Scotland;A Level or Equivalent;0;90;N;35.0;True;False;False;0.0;0.0;0.0;0.0;0.0;0.0;1
BBB;2013B;475078;F;Ireland;Lower Than A Level;1;120;N;65.0;False;True;False;0.0;0.0;0.0;0.0;0.0;0.0;1
FFF;2014B;625977;M;East Midlands Region;A Level or Equivalent;0;60;N;75.0;True;False;False;0.0;1.0;0.0;0.0;113.21046460357248;6.008212562108111;0
FFF;2013J;533975;M;South West Region;A Level or Equivalent;0;60;N;75.0;True;False;False;0.0;1.0;0.0;0.0;98.65765165801177;3.210870750010794;0
GGG;2013J;589147;M;South East Region;A Level or Equivalent;0;30;N;65.0;False;True;False;0.0;1.0;0.0;0.0;146.22987032124965;2.4910109048040083;0
EEE;2013J;579011;M;North Western Region;A Level or Equivalent;0;60;N;15.0;False;True;False;0.0;1.0;0.0;0.0;85.98420658825279;4.4899796159201255;0
FFF;2013J;574207;M;London Region;Lower Than A Level;0;120;N;5.0;True;False;False;0.0;1.0;0.0;0.0;91.02144675071834;3.840546904770935;0
DDD;2014B;625568;M;South Region;A Level or Equivalent;0;90;N;25.0;True;False;False;0.0;0.0;0.0;0.0;0.0;0.0;1
FFF;2014J;375527;M;South Region;A Level or Equivalent;0;120;N;35.0;True;False;False;0.0;0.9166666666666666;0.0;0.0;114.44395344914825;4.903195685987894;0
BBB;2013B;496220;F;South East Region;Lower Than A Level;0;60;Y;35.0;False;True;False;0.0;0.8181818181818182;0.0;0.0;130.40518506948274;1.7021358333231245;0
DDD;2013B;537926;M;North Western Region;A Level or Equivalent;0;60;N;25.0;True;False;False;0.0;0.5384615384615384;0.0;0.0;78.5012322597786;1.4993431102273242;0
EEE;2014J;2501127;M;South West Region;Lower Than A Level;0;30;N;65.0;True;False;False;0.0;0.0;0.0;0.0;0.0;0.0;1
DDD;2014B;2550946;F;South West Region;Lower Than A Level;0;60;N;15.0;False;True;False;0.0;1.0;1.0;87.0;134.12102370994623;1.5223292110095985;0
BBB;2014B;610494;F;Wales;Lower Than A Level;0;60;N;15.0;True;False;False;0.0;0.0;0.0;0.0;0.0;0.0;1
DDD;2014J;1601739;M;Scotland;HE Qualification;1;60;N;65.0;False;True;False;0.0;0.0;0.0;0.0;0.0;0.0;1
EEE;2013J;583855;M;West Midlands Region;A Level or Equivalent;0;30;N;5.0;True;False;False;0.0;1.0;0.0;0.0;97.48969855036032;3.60218008945031;0
DDD;2014B;352679;F;South Region;Lower Than A Level;1;120;N;85.0;True;False;False;0.0;0.0;0.0;0.0;0.0;0.0;1
GGG;2014J;646367;F;South Region;Lower Than A Level;0;30;N;95.0;True;False;False;0.0;1.0;0.0;0.0;122.70491718426501;2.731832298136646;0
DDD;2014J;605070;M;North Region;A Level or Equivalent;1;120;N;47.115494568324756;True;False;False;0.0;0.8333333333333334;0.0;0.0;50.201635435825395;1.572014237551547;0
BBB;2014J;1547646;F;Yorkshire Region;A Level or Equivalent;0;60;N;85.0;False;True;False;0.0;1.0;0.0;0.0;96.77286888846295;2.9245758263084998;0
CCC;2014B;399863;M;West Midlands Region;A Level or Equivalent;0;270;N;35.0;True;False;False;0.0;0.0;0.0;0.0;0.0;0.0;1
FFF;2013J;353066;M;East Midlands Region;A Level or Equivalent;0;90;N;35.0;True;False;False;0.0;0.0;0.0;0.0;0.0;0.0;1
FFF;2013J;595246;M;North Western Region;Lower Than A Level;0;120;N;25.0;True;False;False;0.0;0.0;0.0;0.0;0.0;0.0;1
EEE;2014J;598573;F;Scotland;A Level or Equivalent;2;60;N;15.0;True;False;False;0.0;0.0;0.0;0.0;0.0;0.0;1
DDD;2013J;508785;F;South Region;A Level or Equivalent;0;60;N;95.0;True;False;False;0.0;0.3333333333333333;0.0;0.0;27.034865777853582;1.2422934788788447;0
BBB;2014J;314801;F;North Western Region;Lower Than A Level;1;60;N;5.0;True;False;False;0.0;1.0;0.0;0.0;82.32553578262534;2.5144948335246844;0
CCC;2014J;592259;M;Yorkshire Region;A Level or Equivalent;1;90;N;85.0;True;False;False;0.0;0.0;0.0;0.0;0.0;0.0;1
DDD;2014J;145578;F;Scotland;HE Qualification;0;120;N;85.0;True;False;False;0.0;0.0;0.0;0.0;0.0;0.0;1
EEE;2014J;646071;M;Scotland;Post Graduate Qualification;0;60;N;85.0;True;False;False;0.0;0.75;0.0;0.0;101.92221164800112;2.8393136395767975;0
FFF;2014J;677400;F;Wales;HE Qualification;0;60;N;75.0;False;True;False;0.0;1.0;0.0;0.0;96.54359642335258;3.4835612774643834;0
BBB;2014B;444858;F;London Region;A Level or Equivalent;1;120;N;5.0;False;True;False;0.0;0.8181818181818182;0.0;0.0;63.290796857463526;2.046382074715408;0
BBB;2014J;269510;F;East Midlands Region;A Level or Equivalent;0;60;Y;45.0;True;False;False;0.0;0.8;0.0;0.0;60.80982905982906;2.623076923076923;0
DDD;2013J;578026;M;London Region;Lower Than A Level;0;60;N;85.0;True;False;False;0.0;1.0;1.0;42.0;102.50951467510082;2.20299036537692;0
DDD;2013J;439713;F;East Midlands Region;A Level or Equivalent;0;90;N;95.0;True;False;False;0.0;0.8333333333333334;1.0;36.0;52.57761532074951;1.5078808436253288;0
CCC;2014B;573697;F;South Region;HE Qualification;0;180;N;75.0;True;False;False;0.0;0.0;0.0;0.0;0.0;0.0;1
DDD;2013J;561823;M;South East Region;A Level or Equivalent;0;120;N;15.0;True;False;False;0.0;0.0;0.0;0.0;0.0;0.0;1
BBB;2013J;598623;F;South East Region;Lower Than A Level;0;60;N;75.0;True;False;False;0.0;1.0;0.0;0.0;120.23194954523768;1.9668085186617008;0
GGG;2013J;603740;F;North Western Region;Lower Than A Level;0;30;N;25.0;True;False;False;0.0;0.7777777777777778;0.0;0.0;113.00609161793372;4.831221572449643;0
FFF;2013J;599315;M;South Region;HE Qualification;0;120;N;75.0;False;True;False;0.0;1.0;0.0;0.0;102.87563244932853;3.535663471403346;0
GGG;2014J;517263;M;South Region;A Level or Equivalent;0;30;N;65.0;True;False;False;0.0;1.0;0.0;0.0;143.71247305066476;1.9236435501257636;0
AAA;2014J;537081;F;Scotland;HE Qualification;0;120;N;15.0;True;False;False;0.0;0.8;0.0;0.0;124.17159590730334;1.5276924189642294;0
BBB;2013B;405995;F;South East Region;A Level or Equivalent;2;120;N;35.0;True;False;False;0.0;1.0;0.0;0.0;85.4366865422873;1.750190122474026;0
DDD;2014J;648597;F;Scotland;A Level or Equivalent;0;60;Y;15.0;True;False;False;0.0;0.16666666666666666;0.0;0.0;12.766414141414142;1.6843434343434345;0
FFF;2013B;432222;M;South East Region;A Level or Equivalent;1;60;N;75.0;False;True;False;0.0;1.0;0.0;0.0;77.84422226009141;3.121947952600276;0
DDD;2013B;518451;M;East Anglian Region;A Level or Equivalent;0;60;N;35.0;True;False;False;0.0;0.0;0.0;0.0;0.0;0.0;1
CCC;2014J;552666;M;South Region;A Level or Equivalent;0;90;N;55.0;True;False;False;0.0;0.0;0.0;0.0;0.0;0.0;1
FFF;2014B;633881;M;East Anglian Region;A Level or Equivalent;0;60;Y;15.0;True;False;False;0.0;0.0;0.0;0.0;0.0;0.0;1
BBB;2014B;605597;F;Scotland;HE Qualification;1;120;N;45.0;True;False;False;0.0;0.7272727272727273;0.0;0.0;58.53076923076923;1.8705128205128205;0
DDD;2013B;381646;M;North Western Region;Lower Than A Level;2;120;N;25.0;False;True;False;0.0;0.8461538461538461;1.0;38.0;109.06128743374663;1.4560709788622328;0
DDD;2013J;591071;F;South Region;A Level or Equivalent;0;60;N;95.0;True;False;False;0.0;1.0;1.0;80.0;83.84313435236056;1.5844719325194707;0
DDD;2013J;394951;F;South Region;Lower Than A Level;1;60;N;55.0;True;False;False;0.0;0.0;0.0;0.0;0.0;0.0;1
DDD;2014J;526912;F;London Region;HE Qualification;0;60;N;35.0;True;False;False;0.0;0.0;0.0;0.0;0.0;0.0;1
FFF;2014J;836614;M;South Region;HE Qualification;0;60;N;95.0;False;False;True;0.0;0.25;0.0;0.0;26.880157652804712;3.9303412818118697;0
DDD;2013B;430055;F;London Region;A Level or Equivalent;0;120;Y;15.0;True;False;False;0.0;0.0;0.0;0.0;0.0;0.0;1
DDD;2013J;515247;F;East Anglian Region;A Level or Equivalent;0;150;N;65.0;True;False;False;0.0;0.0;0.0;0.0;0.0;0.0;1
GGG;2014J;651628;F;South Region;Lower Than A Level;0;30;Y;45.0;True;False;False;0.0;0.7777777777777778;0.0;0.0;97.04282186948853;2.643553791887125;0
BBB;2013J;607286;F;West Midlands Region;A Level or Equivalent;0;180;N;5.0;True;False;False;0.0;0.0;0.0;0.0;0.0;0.0;1
CCC;2014B;381240;M;East Anglian Region;A Level or Equivalent;0;30;N;45.0;True;False;False;0.0;0.25;0.0;0.0;60.42831039467069;2.161300171778113;0
CCC;2014J;379185;F;East Anglian Region;Lower Than A Level;0;60;N;65.0;False;True;False;0.0;0.5;0.0;0.0;40.67602880658436;3.033641975308642;0
DDD;2014J;2648271;M;Scotland;A Level or Equivalent;2;60;N;85.0;True;False;False;0.0;0.0;0.0;0.0;0.0;0.0;1
BBB;2013J;272617;F;East Midlands Region;Lower Than A Level;2;60;Y;25.0;True;False;False;0.0;0.0;0.0;0.0;0.0;0.0;1
BBB;2013B;171377;F;West Midlands Region;Lower Than A Level;2;120;N;65.0;True;False;False;0.0;0.0;0.0;0.0;0.0;0.0;0
CCC;2014J;651495;M;North Region;HE Qualification;0;120;N;47.115494568324756;False;True;False;0.0;1.0;1.0;100.0;98.95808864849643;2.032402525959649;0
GGG;2014J;573320;F;South East Region;Lower Than A Level;0;30;N;85.0;False;True;False;0.0;0.5555555555555556;0.0;0.0;166.47727272727272;3.9545454545454546;0
CCC;2014B;541003;M;South Region;A Level or Equivalent;0;60;N;95.0;True;False;False;0.0;0.375;0.0;0.0;108.1232291959846;1.5525596209775776;0
DDD;2013J;57227;F;North Western Region;Lower Than A Level;1;160;N;65.0;True;False;False;0.0;0.8333333333333334;1.0;67.0;130.25224224795892;1.6100272246348752;0
BBB;2013B;323914;F;West Midlands Region;A Level or Equivalent;0;60;N;15.0;True;False;False;0.0;0.0;0.0;0.0;0.0;0.0;0
BBB;2013J;588685;F;Scotland;HE Qualification;0;120;Y;55.0;False;True;False;0.0;0.0;0.0;0.0;0.0;0.0;1
EEE;2013J;1993955;M;Ireland;HE Qualification;0;60;N;47.115494568324756;False;True;False;0.0;1.0;0.0;0.0;76.59065322249589;2.9551523817418213;0
FFF;2013B;1558539;F;Scotland;Lower Than A Level;0;60;Y;65.0;False;True;False;0.0;0.0;0.0;0.0;0.0;0.0;1
BBB;2013J;590372;F;North Region;HE Qualification;0;120;N;45.0;False;True;False;0.0;1.0;0.0;0.0;118.08783461576772;2.2549462658214336;0
EEE;2013J;231673;M;North Western Region;HE Qualification;0;60;N;75.0;True;False;False;0.0;0.0;0.0;0.0;0.0;0.0;1
DDD;2014B;559872;M;East Midlands Region;A Level or Equivalent;1;180;N;55.0;True;False;False;0.0;0.6666666666666666;1.0;80.0;137.16339869281046;2.1538789428815006;0
FFF;2014B;541478;M;London Region;Lower Than A Level;0;60;N;35.0;True;False;False;0.0;0.0;0.0;0.0;0.0;0.0;1
BBB;2013J;588504;F;North Western Region;Lower Than A Level;0;120;Y;5.0;True;False;False;0.0;0.0;0.0;0.0;0.0;0.0;1
DDD;2013B;345313;M;South Region;A Level or Equivalent;0;90;N;85.0;True;False;False;0.0;0.6153846153846154;1.0;18.0;87.80445376679117;1.5876672078633056;0
FFF;2013B;2012900;M;West Midlands Region;Lower Than A Level;0;80;N;55.0;True;False;False;0.0;0.0;0.0;0.0;0.0;0.0;1
EEE;2014J;293321;M;West Midlands Region;A Level or Equivalent;0;120;N;25.0;True;False;False;0.0;0.0;0.0;0.0;0.0;0.0;1
DDD;2013B;557911;M;North Region;A Level or Equivalent;0;60;N;47.115494568324756;False;True;False;0.0;0.9230769230769231;1.0;69.0;66.73693443396202;1.5448639203642909;0
CCC;2014B;599547;M;East Midlands Region;A Level or Equivalent;0;120;Y;75.0;True;False;False;0.0;0.0;0.0;0.0;0.0;0.0;1
GGG;2014J;651740;F;East Anglian Region;A Level or Equivalent;0;30;Y;75.0;True;False;False;0.0;1.0;0.0;0.0;95.27351850410497;2.595213695170887;0
BBB;2014B;435282;F;South West Region;A Level or Equivalent;2;60;Y;75.0;False;True;False;0.0;0.36363636363636365;0.0;0.0;29.199954621145753;1.7585379327761599;0
DDD;2014J;574866;M;North Region;Lower Than A Level;1;60;N;35.0;True;False;False;0.0;0.0;0.0;0.0;0.0;0.0;1
BBB;2014J;688263;F;East Anglian Region;Lower Than A Level;0;60;N;35.0;False;True;False;0.0;0.2;0.0;0.0;15.84375;1.7708333333333333;0
CCC;2014J;312061;M;West Midlands Region;A Level or Equivalent;0;60;N;35.0;True;False;False;0.0;0.0;0.0;0.0;119.0605455170161;2.575780899573469;0
FFF;2013B;1833107;F;Ireland;Lower Than A Level;0;90;N;35.0;True;False;False;0.0;0.08333333333333333;0.0;0.0;15.114197530864196;2.287551440329218;0
FFF;2013J;333710;M;Ireland;A Level or Equivalent;1;90;N;55.0;True;False;False;0.0;0.3333333333333333;0.0;0.0;50.95605014952841;1.8569801012192317;0
GGG;2013J;601529;M;South Region;Lower Than A Level;0;30;N;25.0;False;True;False;0.0;0.7931081264414598;0.0;0.0;7.805555555555556;3.3333333333333335;0
CCC;2014B;2134304;M;Scotland;Lower Than A Level;0;60;N;75.0;False;True;False;0.0;0.5308303886925795;0.5279151943462898;36.93851590106007;1.7765151515151518;1.952861952861953;0
FFF;2013J;597098;M;Wales;Lower Than A Level;0;120;N;45.0;True;False;False;0.0;0.7045980078263963;0.0;0.0;6.717532467532467;2.4301948051948052;0
BBB;2014B;383241;F;Scotland;HE Qualification;0;75;N;65.0;True;False;False;0.0;1.0;0.0;0.0;115.73305276262732;1.6264870643334157;0
CCC;2014J;656539;F;North Region;A Level or Equivalent;0;90;N;47.115494568324756;True;False;False;0.0;0.0;0.0;0.0;0.0;0.0;1
FFF;2013B;536038;M;West Midlands Region;A Level or Equivalent;0;120;N;5.0;True;False;False;0.0;0.0;0.0;0.0;0.0;0.0;1
FFF;2014J;653372;M;North Western Region;A Level or Equivalent;0;60;N;15.0;True;False;False;0.0;0.0;0.0;0.0;0.0;0.0;1
CCC;2014J;357820;M;North Region;A Level or Equivalent;0;120;N;15.0;True;False;False;0.0;0.0;0.0;0.0;0.0;0.0;1
FFF;2014J;620349;M;South East Region;A Level or Equivalent;0;60;N;55.0;True;False;False;0.0;0.0;0.0;0.0;0.0;0.0;1
EEE;2014J;629014;F;South East Region;Lower Than A Level;0;90;N;35.0;False;True;False;0.0;1.0;0.0;0.0;95.77390602256972;3.1681409785965933;0
BBB;2013J;388432;F;Wales;Lower Than A Level;1;70;N;35.0;True;False;False;0.0;0.9090909090909091;0.0;0.0;58.502485569985566;1.9618551587301587;0
FFF;2013J;133019;M;Wales;Lower Than A Level;0;60;N;35.0;True;False;False;0.0;1.0;0.0;0.0;103.42612878563261;2.8722413243900444;0
FFF;2014J;101217;M;London Region;A Level or Equivalent;2;60;Y;45.0;False;True;False;0.0;0.08333333333333333;0.0;0.0;49.73017033664317;1.3068994650388839;0
CCC;2014B;598074;M;Scotland;A Level or Equivalent;0;90;N;35.0;True;False;False;0.0;0.0;0.0;0.0;0.0;0.0;1
EEE;2014J;76579;F;Yorkshire Region;HE Qualification;1;120;N;15.0;True;False;False;0.0;0.75;0.0;0.0;113.11399775076497;4.243914287823255;0
FFF;2013B;319563;F;South East Region;A Level or Equivalent;0;60;N;55.0;False;True;False;0.0;0.4166666666666667;0.0;0.0;71.87866608309723;3.0702687418229946;0
FFF;2013J;594933;M;North Western Region;Lower Than A Level;0;120;N;15.0;True;False;False;0.0;0.0;0.0;0.0;0.0;0.0;1
DDD;2013B;260491;F;East Anglian Region;A Level or Equivalent;0;60;N;45.0;True;False;False;0.0;1.0;1.0;71.0;62.811856287440214;1.528955910456353;0
BBB;2013J;205788;F;East Anglian Region;Lower Than A Level;0;120;Y;45.0;False;True;False;0.0;1.0;0.0;0.0;113.49187071455044;1.429593318767501;0
CCC;2014B;50263;M;West Midlands Region;HE Qualification;0;60;N;85.0;False;True;False;0.0;0.0;0.0;0.0;0.0;0.0;1
CCC;2014J;364103;M;Scotland;A Level or Equivalent;0;90;N;55.0;True;False;False;0.0;0.875;1.0;68.0;115.38081081074766;4.504735058779766;0
BBB;2013J;495625;M;East Anglian Region;A Level or Equivalent;0;120;Y;65.0;True;False;False;0.0;0.9090909090909091;0.0;0.0;150.66836117162916;1.5657831033648026;0
CCC;2014J;100788;M;Scotland;HE Qualification;1;60;N;85.0;True;False;False;0.0;0.5;1.0;96.0;95.36507520167831;2.0977434124088936;0
BBB;2014J;626075;M;Scotland;Lower Than A Level;1;120;N;5.0;True;False;False;0.0;0.8;0.0;0.0;148.90885416666666;2.0052083333333335;0
DDD;2013J;591852;F;Scotland;A Level or Equivalent;0;120;Y;5.0;True;False;False;0.0;0.0;0.0;0.0;0.0;0.0;1
CCC;2014B;585397;M;East Anglian Region;A Level or Equivalent;0;60;N;95.0;True;False;False;0.0;1.0;1.0;78.0;105.36746205257535;2.611854848325314;0
FFF;2014B;631247;M;South Region;A Level or Equivalent;0;60;N;95.0;True;False;False;0.0;1.0;0.0;0.0;99.52902762261489;2.933122584761929;0
BBB;2014J;649654;F;South East Region;Lower Than A Level;0;60;N;65.0;False;True;False;0.0;1.0;0.0;0.0;95.21923546388253;3.352184470758;0
CCC;2014J;653115;F;Yorkshire Region;HE Qualification;0;120;N;5.0;False;True;False;0.0;0.625;1.0;52.0;100.33648917748918;2.1987777777777775;0
CCC;2014J;512257;M;London Region;HE Qualification;0;30;N;55.0;False;True;False;0.0;0.0;1.0;26.0;98.93066472416473;2.7046059218559217;0
DDD;2013J;601204;M;North Region;A Level or Equivalent;0;60;N;47.115494568324756;True;False;False;0.0;0.0;0.0;0.0;0.0;0.0;1
BBB;2014B;375717;F;South East Region;A Level or Equivalent;0;120;N;95.0;True;False;False;0.0;0.6363636363636364;0.0;0.0;44.19929495455811;1.6523781043517887;0
GGG;2013J;592361;F;North Region;A Level or Equivalent;0;30;N;15.0;True;False;False;0.0;1.0;0.0;0.0;118.89903458542648;2.0527284700108686;0
CCC;2014J;642291;F;Wales;Lower Than A Level;0;30;N;15.0;True;False;False;0.0;1.0;1.0;86.0;104.50817188898725;3.382229816966659;0
GGG;2014J;683256;F;East Anglian Region;No Formal quals;0;30;N;35.0;True;False;False;0.0;0.7777777777777778;0.0;0.0;136.0284090909091;1.9068181818181817;0
FFF;2013J;593585;F;North Western Region;A Level or Equivalent;0;90;N;5.0;True;False;False;0.0;1.0;0.0;0.0;92.22927641910526;4.500216365260211;0
FFF;2014J;258978;F;South Region;A Level or Equivalent;1;60;N;25.0;True;False;False;0.0;1.0;0.0;0.0;71.6087353896862;3.6550925046416847;0
CCC;2014J;572816;M;East Midlands Region;Lower Than A Level;0;90;N;35.0;True;False;False;0.0;0.0;0.0;0.0;0.0;0.0;1
CCC;2014B;620485;F;Scotland;HE Qualification;0;60;N;45.0;True;False;False;0.0;0.0;0.0;0.0;0.0;0.0;1
CCC;2014J;641684;M;London Region;Lower Than A Level;0;120;N;35.0;True;False;False;0.0;0.0;0.0;0.0;0.0;0.0;1
BBB;2014J;2115250;F;North Western Region;Lower Than A Level;0;60;N;85.0;False;True;False;0.0;0.8;0.0;0.0;85.85648550724638;5.790540027605245;0
CCC;2014J;685619;M;Scotland;HE Qualification;0;105;Y;5.0;True;False;False;0.0;0.0;0.0;0.0;0.0;0.0;1
BBB;2014B;582496;F;West Midlands Region;Lower Than A Level;0;120;N;5.0;True;False;False;0.0;0.0;0.0;0.0;0.0;0.0;1
CCC;2014B;261265;M;East Anglian Region;Lower Than A Level;0;120;N;75.0;True;False;False;0.0;0.625;1.0;38.0;115.91764752705154;3.299803274914097;0
CCC;2014J;470617;M;South West Region;Lower Than A Level;0;120;N;65.0;True;False;False;0.0;0.0;0.0;0.0;0.0;0.0;1
CCC;2014B;145282;M;Yorkshire Region;Lower Than A Level;0;60;N;65.0;True;False;False;0.0;1.0;1.0;90.0;101.99136639174853;2.4646008142348355;0
BBB;2013J;430392;F;South East Region;Lower Than A Level;1;60;N;25.0;False;True;False;0.0;0.9090909090909091;0.0;0.0;132.30561978671736;2.272468588322247;0
CCC;2014J;686515;F;West Midlands Region;HE Qualification;0;120;N;65.0;True;False;False;0.0;0.625;1.0;98.0;89.60350900888528;2.0707937381457215;0
EEE;2013J;587382;M;North Region;A Level or Equivalent;0;60;N;35.0;True;False;False;0.0;0.5;0.0;0.0;41.07442528735632;2.8917469025227645;0
DDD;2014B;631355;M;South East Region;HE Qualification;0;60;N;15.0;False;True;False;0.0;0.3333333333333333;0.0;0.0;17.909343434343434;1.1981481481481482;0
CCC;2014B;593305;M;Wales;A Level or Equivalent;0;60;N;15.0;True;False;False;0.0;0.5;1.0;66.0;107.47708905677655;3.304706284634169;0
FFF;2013J;578497;M;South Region;A Level or Equivalent;0;60;N;95.0;True;False;False;0.0;1.0;0.0;0.0;87.37280500883918;2.7832288600069166;0
FFF;2014B;618848;M;South West Region;Lower Than A Level;0;60;N;75.0;True;False;False;0.0;0.0;0.0;0.0;0.0;0.0;1
CCC;2014J;469887;M;South East Region;A Level or Equivalent;0;60;N;65.0;True;False;False;0.0;0.125;0.0;0.0;39.89749589490969;2.6927887246852764;0
EEE;2013J;569560;M;West Midlands Region;A Level or Equivalent;0;90;N;45.0;True;False;False;0.0;1.0;0.0;0.0;99.41353681257449;3.7576764038948913;0
EEE;2014J;195897;M;South East Region;Lower Than A Level;0;60;N;65.0;True;False;False;0.0;0.75;0.0;0.0;120.04456208474065;4.1395000336964625;0
CCC;2014J;2410609;F;London Region;A Level or Equivalent;0;60;N;65.0;True;False;False;0.0;1.0;1.0;52.0;145.4172755349226;2.245365092423916;0
BBB;2013J;582394;F;Wales;A Level or Equivalent;0;75;N;55.0;False;True;False;0.0;1.0;0.0;0.0;140.32502995794803;2.2578504106883286;0
CCC;2014J;682041;M;South West Region;Lower Than A Level;0;120;N;45.0;True;False;False;0.0;0.0;0.0;0.0;0.0;0.0;1
CCC;2014B;592051;M;Scotland;HE Qualification;0;120;Y;55.0;False;True;False;0.0;0.0;0.0;0.0;0.0;0.0;1
DDD;2014J;585626;F;South East Region;A Level or Equivalent;0;60;N;55.0;False;True;False;0.0;1.0;1.0;58.0;107.40170161634605;1.9645744888113903;0
DDD;2014J;445429;M;London Region;Lower Than A Level;0;60;N;75.0;False;True;False;0.0;1.0;1.0;53.0;120.30464969306345;1.4772126502851803;0
BBB;2013J;364185;F;West Midlands Region;HE Qualification;0;120;N;15.0;False;True;False;0.0;0.0;0.0;0.0;0.0;0.0;1
DDD;2013J;588824;F;Scotland;HE Qualification;0;60;Y;25.0;True;False;False;0.0;0.8333333333333334;1.0;64.0;87.12064971279263;1.43280895979997;0
BBB;2013B;561713;M;Wales;Lower Than A Level;0;60;N;95.0;True;False;False;0.0;1.0;0.0;0.0;114.22276668270172;2.1151945751466954;0
DDD;2014J;537577;M;Yorkshire Region;Lower Than A Level;0;60;Y;25.0;True;False;False;0.0;1.0;1.0;62.0;131.05202337781049;1.5338060022186708;0
FFF;2013J;494143;M;South West Region;Lower Than A Level;1;60;Y;45.0;False;True;False;0.0;0.08333333333333333;0.0;0.0;15.866438964143047;1.7922489511775224;0
BBB;2013J;614556;F;Yorkshire Region;A Level or Equivalent;0;120;N;95.0;True;False;False;0.0;1.0;0.0;0.0;104.67719443135759;2.244745184973303;0
DDD;2013J;130671;F;West Midlands Region;Lower Than A Level;0;60;N;75.0;True;False;False;0.0;0.6666666666666666;1.0;62.0;93.37973766945869;1.7179088318020916;0
DDD;2014J;680612;M;South West Region;A Level or Equivalent;0;60;N;15.0;True;False;False;0.0;0.0;0.0;0.0;0.0;0.0;1
DDD;2014J;640836;F;South Region;Lower Than A Level;0;120;N;95.0;True;False;False;0.0;1.0;1.0;80.0;98.23152033796633;1.2292568059118583;0
CCC;2014B;95906;F;East Midlands Region;A Level or Equivalent;0;120;N;55.0;True;False;False;0.0;1.0;1.0;82.0;111.47561913780665;2.4813613816738815;0
GGG;2014B;31107;M;South West Region;Lower Than A Level;0;30;N;45.0;False;True;False;0.0;1.0;0.0;0.0;118.22717689246412;3.1488432977604295;0
BBB;2013J;467721;F;South Region;Lower Than A Level;0;120;N;25.0;False;True;False;0.0;0.0;0.0;0.0;0.0;0.0;1
CCC;2014J;2650741;M;South Region;Lower Than A Level;0;30;N;75.0;True;False;False;0.0;0.75;0.0;0.0;64.49471129169024;1.6516589243055857;0
CCC;2014J;1906003;F;West Midlands Region;A Level or Equivalent;0;150;N;55.0;False;True;False;0.0;0.625;1.0;68.0;152.89682723409453;1.9904956132052218;0
FFF;2014J;683820;M;Scotland;Lower Than A Level;0;90;N;35.0;True;False;False;0.0;1.0;0.0;0.0;87.6744184509595;2.3370324501116047;0
DDD;2014B;31269;F;East Midlands Region;A Level or Equivalent;1;120;N;35.0;False;True;False;0.0;0.0;0.0;0.0;0.0;0.0;1
BBB;2013B;2518653;F;Wales;A Level or Equivalent;0;120;N;45.0;True;False;False;0.0;1.0;0.0;0.0;98.17654883817805;1.4760774930437852;0
CCC;2014J;293321;M;West Midlands Region;A Level or Equivalent;0;120;N;25.0;True;False;False;0.0;0.0;0.0;0.0;0.0;0.0;1
DDD;2013J;574098;F;West Midlands Region;Lower Than A Level;0;120;N;55.0;True;False;False;0.0;1.0;1.0;44.0;86.33193636446828;1.683089679874863;0
EEE;2014J;687310;M;South Region;HE Qualification;0;60;N;95.0;False;True;False;0.0;0.5;0.0;0.0;40.86743884422456;3.5471019721019723;0
EEE;2014B;619887;M;East Midlands Region;Lower Than A Level;0;180;N;55.0;True;False;False;0.0;0.0;0.0;0.0;0.0;0.0;1
FFF;2014J;546547;F;Scotland;Lower Than A Level;1;60;N;25.0;True;False;False;0.0;1.0;0.0;0.0;117.82430771164007;4.212420190333014;0
DDD;2014J;595883;F;South Region;A Level or Equivalent;0;60;N;95.0;True;False;False;0.0;0.5;0.0;0.0;45.38982926065163;1.892888993316625;0
FFF;2014J;262332;M;East Midlands Region;Lower Than A Level;0;60;N;45.0;True;False;False;0.0;0.0;0.0;0.0;0.0;0.0;1
GGG;2014B;366771;M;North Western Region;A Level or Equivalent;0;30;N;95.0;True;False;False;0.0;0.8888888888888888;0.0;0.0;156.40707070707072;2.053318903318903;0
DDD;2014J;655322;F;North Region;Post Graduate Qualification;0;90;N;47.115494568324756;False;True;False;0.0;0.0;0.0;0.0;0.0;0.0;1
FFF;2013B;465719;M;Scotland;Lower Than A Level;0;75;N;5.0;True;False;False;0.0;0.7267809384877219;0.0;0.0;44.85;янв.95;0
EEE;2014J;587621;F;London Region;Lower Than A Level;1;60;N;75.0;False;True;False;0.0;1.0;0.0;0.0;103.44769742818524;3.4249859457176535;0
EEE;2014J;602150;M;London Region;A Level or Equivalent;2;30;N;25.0;True;False;False;0.0;0.0;0.0;0.0;0.0;0.0;1
BBB;2014J;677203;M;West Midlands Region;A Level or Equivalent;0;120;N;95.0;False;True;False;0.0;1.0;0.0;0.0;91.05793743078627;3.0133720930232557;0
AAA;2014J;1398979;F;South Region;A Level or Equivalent;0;60;N;95.0;False;False;True;0.0;0.0;0.0;0.0;0.0;0.0;1
GGG;2013J;546457;F;Yorkshire Region;A Level or Equivalent;0;30;N;85.0;True;False;False;0.0;1.0;0.0;0.0;143.2348484848485;4.60916305916306;0
GGG;2014J;690029;F;North Western Region;A Level or Equivalent;0;30;Y;45.0;True;False;False;0.0;0.8888888888888888;0.0;0.0;114.22337121212121;3.805326479076479;0
BBB;2014J;683301;F;North Western Region;Lower Than A Level;0;60;N;15.0;True;False;False;0.0;0.0;0.0;0.0;0.0;0.0;1
FFF;2014B;633219;M;South West Region;Lower Than A Level;0;60;N;85.0;True;False;False;0.0;1.0;0.0;0.0;106.16663367774433;3.271259501379488;0
FFF;2013J;598353;M;West Midlands Region;HE Qualification;0;150;N;45.0;False;True;False;0.0;0.0;0.0;0.0;0.0;0.0;1
BBB;2013B;433939;F;Yorkshire Region;Lower Than A Level;0;60;N;55.0;False;True;False;0.0;0.5454545454545454;0.0;0.0;111.5092090339824;1.6982085953933255;0
DDD;2014B;626049;M;North Western Region;HE Qualification;0;60;N;5.0;True;False;False;0.0;0.0;0.0;0.0;0.0;0.0;1
DDD;2013B;532745;F;West Midlands Region;A Level or Equivalent;0;60;N;25.0;True;False;False;0.0;1.0;1.0;42.0;68.95787596597691;1.5516395267411394;0
DDD;2013B;515046;M;South West Region;Lower Than A Level;0;60;Y;35.0;True;False;False;0.0;1.0;1.0;82.0;94.95489388316939;1.4396315121408843;0
CCC;2014B;617781;M;North Region;HE Qualification;0;90;N;35.0;False;True;False;0.0;0.75;1.0;56.0;95.83000888000888;3.346031949080729;0
EEE;2013J;286527;F;North Western Region;A Level or Equivalent;0;120;N;75.0;True;False;False;0.0;0.0;0.0;0.0;0.0;0.0;1
BBB;2014B;367535;F;South West Region;Lower Than A Level;0;60;N;45.0;True;False;False;0.0;1.0;0.0;0.0;114.75044712738932;1.7008344482178999;0
FFF;2014B;124018;M;South East Region;A Level or Equivalent;0;120;N;95.0;False;True;False;0.0;0.0;0.0;0.0;0.0;0.0;1
EEE;2013J;607442;M;North Region;Lower Than A Level;0;60;N;15.0;True;False;False;0.0;0.0;0.0;0.0;0.0;0.0;1
DDD;2014B;556374;M;Wales;Lower Than A Level;0;60;N;85.0;False;True;False;0.0;0.0;0.0;0.0;0.0;0.0;1
BBB;2014J;2614271;F;West Midlands Region;A Level or Equivalent;1;120;N;5.0;False;True;False;0.0;0.0;0.0;0.0;0.0;0.0;1
CCC;2014B;574221;M;London Region;HE Qualification;0;30;N;65.0;True;False;False;0.0;1.0;1.0;96.0;49.126859707271585;2.0006539003425976;0
EEE;2013J;288282;M;East Midlands Region;Lower Than A Level;0;30;N;25.0;True;False;False;0.0;1.0;0.0;0.0;93.16008234454469;4.961177915669977;0
FFF;2014B;634796;M;North Western Region;Lower Than A Level;0;60;N;95.0;True;False;False;0.0;0.0;0.0;0.0;0.0;0.0;1
CCC;2014J;413087;M;Wales;HE Qualification;0;90;N;5.0;True;False;False;0.0;0.5;0.0;0.0;84.13564370412196;3.369356368269412;0
BBB;2013B;531000;F;London Region;Lower Than A Level;0;60;N;5.0;False;True;False;0.0;0.0;0.0;0.0;0.0;0.0;1
EEE;2013J;551182;M;West Midlands Region;Lower Than A Level;0;60;N;35.0;True;False;False;0.0;0.0;0.0;0.0;0.0;0.0;1
EEE;2014B;601054;M;London Region;A Level or Equivalent;1;120;N;15.0;True;False;False;0.0;1.0;0.0;0.0;87.44392091776062;3.0879560219188296;0
DDD;2013B;426137;M;South West Region;A Level or Equivalent;1;60;N;45.0;True;False;False;0.0;0.0;0.0;0.0;0.0;0.0;1
GGG;2014B;625540;M;North Region;Lower Than A Level;0;30;N;65.0;True;False;False;0.0;0.1111111111111111;0.0;0.0;67.45;1.4833333333333334;0
FFF;2014J;676128;M;London Region;A Level or Equivalent;0;60;N;35.0;True;False;False;0.0;0.0;0.0;0.0;0.0;0.0;1
EEE;2014J;302363;M;Yorkshire Region;A Level or Equivalent;0;30;N;35.0;True;False;False;0.0;0.0;0.0;0.0;0.0;0.0;1
CCC;2014B;493822;F;North Western Region;HE Qualification;0;30;N;25.0;True;False;False;0.0;0.0;0.0;0.0;0.0;0.0;1
BBB;2013B;547903;F;South East Region;Lower Than A Level;0;60;N;85.0;False;True;False;0.0;0.9090909090909091;0.0;0.0;67.9766226867502;1.8046375876722527;0
FFF;2014B;630748;M;South Region;A Level or Equivalent;0;60;N;45.0;True;False;False;0.0;0.0;0.0;0.0;0.0;0.0;1
EEE;2014J;684511;M;West Midlands Region;Lower Than A Level;0;90;N;5.0;True;False;False;0.0;1.0;0.0;0.0;104.07299649057961;3.984781018924241;0
BBB;2013B;532140;F;West Midlands Region;A Level or Equivalent;1;270;N;35.0;False;True;False;0.0;1.0;0.0;0.0;80.64342522974103;1.9591478696741853;0
CCC;2014B;634744;M;Scotland;HE Qualification;0;60;N;47.115494568324756;True;False;False;0.0;0.375;0.0;0.0;51.535005317263376;3.033671078025917;0
CCC;2014J;2376717;M;South West Region;HE Qualification;0;210;N;75.0;True;False;False;0.0;0.0;0.0;0.0;0.0;0.0;1
FFF;2013B;1919940;M;South West Region;A Level or Equivalent;1;120;N;75.0;False;True;False;0.0;1.0;0.0;0.0;90.26397200187911;3.0623500791492093;0
EEE;2013J;572186;M;West Midlands Region;A Level or Equivalent;0;60;Y;5.0;True;False;False;0.0;0.0;0.0;0.0;0.0;0.0;1
BBB;2013J;580497;F;North Western Region;A Level or Equivalent;0;60;N;15.0;True;False;False;0.0;0.0;0.0;0.0;0.0;0.0;1
FFF;2013J;606911;M;South West Region;Lower Than A Level;0;150;N;45.0;False;True;False;0.0;0.0;0.0;0.0;0.0;0.0;1
GGG;2013J;574642;F;West Midlands Region;A Level or Equivalent;0;30;N;5.0;False;True;False;0.0;0.0;0.0;0.0;0.0;0.0;1
EEE;2013J;330354;F;West Midlands Region;Lower Than A Level;0;60;N;35.0;True;False;False;0.0;0.0;0.0;0.0;0.0;0.0;1
BBB;2014B;618673;F;North Western Region;Lower Than A Level;0;120;Y;5.0;True;False;False;0.0;0.5454545454545454;0.0;0.0;17.44591346153846;1.7041266025641026;0
DDD;2013J;366987;M;Yorkshire Region;A Level or Equivalent;0;60;N;25.0;True;False;False;0.0;0.8333333333333334;1.0;80.0;135.54581936060808;1.3683825173261792;0
DDD;2013B;559903;M;Yorkshire Region;Lower Than A Level;0;60;N;75.0;True;False;False;0.0;1.0;1.0;56.0;86.2048734949138;1.5182263844277395;0
DDD;2013J;2474436;F;North Western Region;A Level or Equivalent;0;120;N;25.0;True;False;False;0.0;0.16666666666666666;0.0;0.0;0.23165374677002573;1.6928940568475455;0
BBB;2014B;2523350;F;West Midlands Region;HE Qualification;0;60;N;95.0;False;True;False;0.0;0.9090909090909091;0.0;0.0;58.05677860076837;1.6765096618357487;0
BBB;2013J;513076;F;North Western Region;Lower Than A Level;0;120;Y;5.0;True;False;False;0.0;0.36363636363636365;0.0;0.0;58.51450250060498;2.074158734640101;0
DDD;2014J;518244;M;West Midlands Region;HE Qualification;0;60;N;45.0;True;False;False;0.0;1.0;1.0;47.0;146.28501298374343;2.654619312002003;0
DDD;2014J;635986;F;London Region;HE Qualification;0;120;N;15.0;False;True;False;0.0;0.0;0.0;0.0;0.0;0.0;1
BBB;2014J;686837;F;North Western Region;HE Qualification;0;120;N;5.0;True;False;False;0.0;1.0;0.0;0.0;63.89863941135493;2.9822513932427723;0
CCC;2014B;338731;M;Yorkshire Region;Lower Than A Level;0;30;N;15.0;False;True;False;0.0;0.0;0.0;0.0;0.0;0.0;1
FFF;2013B;558280;M;East Midlands Region;A Level or Equivalent;0;90;N;65.0;True;False;False;0.0;0.8333333333333334;0.0;0.0;79.31448559943458;4.905174927113703;0
EEE;2014B;550197;M;North Western Region;Lower Than A Level;1;120;N;45.0;True;False;False;0.0;0.808768656716418;0.0;0.0;100.24966666666667;2.191;0
DDD;2014J;638358;M;South East Region;Lower Than A Level;0;90;N;95.0;True;False;False;0.0;0.0;0.0;0.0;0.0;0.0;1
DDD;2014J;483343;F;South West Region;Lower Than A Level;0;240;N;35.0;True;False;False;0.0;0.0;0.0;0.0;0.0;0.0;1
BBB;2014J;118213;F;London Region;HE Qualification;0;60;N;25.0;False;True;False;0.0;0.4;0.0;0.0;72.39285714285714;1.2857142857142858;0
DDD;2013J;607196;M;East Anglian Region;A Level or Equivalent;0;60;N;75.0;True;False;False;0.0;0.5;1.0;82.0;110.54467663484057;1.6078859664925238;0
CCC;2014B;564841;F;South Region;HE Qualification;0;60;N;95.0;False;True;False;0.0;0.0;0.0;0.0;0.0;0.0;1
FFF;2014J;648605;M;East Midlands Region;A Level or Equivalent;0;120;N;75.0;True;False;False;0.0;0.0;0.0;0.0;0.0;0.0;1
FFF;2014J;623955;M;South Region;A Level or Equivalent;0;120;N;75.0;True;False;False;0.0;0.08333333333333333;0.0;0.0;9.639393939393939;2.2111111111111112;0
EEE;2013J;490768;M;Yorkshire Region;Lower Than A Level;0;60;N;55.0;True;False;False;0.0;1.0;0.0;0.0;98.17531988526467;4.061961284795215;0
CCC;2014J;575162;M;Scotland;HE Qualification;0;60;N;35.0;True;False;False;0.0;0.0;0.0;0.0;24.685185185185183;1.509259259259259;0
FFF;2013J;473491;M;North Region;Lower Than A Level;1;60;N;47.115494568324756;True;False;False;0.0;0.5833333333333334;0.0;0.0;123.07154370678106;2.837276254759392;0
BBB;2013J;368077;F;Wales;Lower Than A Level;1;60;N;25.0;True;False;False;0.0;1.0;0.0;0.0;76.85151975906061;1.9927018735241386;0
GGG;2014J;636464;F;North Western Region;A Level or Equivalent;0;30;N;25.0;True;False;False;0.0;1.0;0.0;0.0;128.01660142326807;2.976154339487673;0
CCC;2014B;602107;M;London Region;HE Qualification;0;60;N;85.0;True;False;False;0.0;0.375;0.0;0.0;9.028921568627451;1.962279209204343;0
BBB;2013J;515646;F;East Anglian Region;Lower Than A Level;0;60;N;65.0;True;False;False;0.0;0.9090909090909091;0.0;0.0;124.71811895597062;2.4799174610555683;0
DDD;2014B;632898;M;East Anglian Region;Lower Than A Level;0;60;N;55.0;True;False;False;0.0;0.5;0.0;0.0;21.89887768697929;1.6942162585879164;0
CCC;2014J;687190;F;East Anglian Region;A Level or Equivalent;0;60;N;55.0;True;False;False;0.0;1.0;1.0;96.0;115.8829751236812;2.429908127958052;0
AAA;2014J;2010232;F;Scotland;A Level or Equivalent;0;60;N;85.0;True;False;False;0.0;1.0;0.0;0.0;112.49748806160005;4.090166019138693;0
BBB;2014B;429777;F;South West Region;Lower Than A Level;0;120;Y;55.0;True;False;False;0.0;0.0;0.0;0.0;0.0;0.0;1
BBB;2014J;674576;F;North Western Region;A Level or Equivalent;0;60;N;65.0;False;True;False;0.0;1.0;0.0;0.0;91.4094360410831;4.39523716153128;0
CCC;2014B;558471;M;South Region;A Level or Equivalent;0;60;N;25.0;True;False;False;0.0;0.0;0.0;0.0;0.0;0.0;1
FFF;2014B;620081;M;East Midlands Region;A Level or Equivalent;0;60;N;95.0;True;False;False;0.0;1.0;0.0;0.0;107.64069860184827;2.9481303247057187;0
BBB;2014J;679989;M;Yorkshire Region;Lower Than A Level;0;60;N;15.0;False;True;False;0.0;0.0;0.0;0.0;0.0;0.0;1
FFF;2013J;609777;F;London Region;Lower Than A Level;0;60;N;25.0;True;False;False;0.0;0.5;0.0;0.0;45.11417599310901;3.7476643664353944;0
CCC;2014B;627907;M;South Region;Lower Than A Level;0;60;N;15.0;True;False;False;0.0;0.0;0.0;0.0;0.0;0.0;1
DDD;2013B;507730;M;London Region;Lower Than A Level;0;60;N;25.0;True;False;False;0.0;0.0;0.0;0.0;32.044117647058826;1.9264705882352942;0
DDD;2013J;485519;F;North Western Region;A Level or Equivalent;1;60;N;25.0;True;False;False;0.0;1.0;1.0;69.0;125.92280500742719;1.8298248877874583;0
EEE;2014J;682758;F;Scotland;A Level or Equivalent;0;120;N;75.0;True;False;False;0.0;0.5;0.0;0.0;40.21807359307359;5.140800865800866;0
CCC;2014J;379255;M;East Midlands Region;A Level or Equivalent;0;30;N;5.0;True;False;False;0.0;0.375;0.0;0.0;37.319607843137256;2.2145299145299147;0
EEE;2014J;483131;M;Wales;A Level or Equivalent;0;60;N;25.0;True;False;False;0.0;1.0;0.0;0.0;102.38627538130719;2.3174435793184847;0
BBB;2013B;553502;F;West Midlands Region;Lower Than A Level;0;60;N;15.0;False;True;False;0.0;1.0;0.0;0.0;97.415223995599;2.2112677884400584;0
BBB;2013J;568474;F;South Region;A Level or Equivalent;0;120;N;65.0;False;True;False;0.0;0.9090909090909091;0.0;0.0;107.86182311840207;1.5489414824941141;0
EEE;2013J;589211;M;Scotland;A Level or Equivalent;0;120;N;75.0;False;True;False;0.0;1.0;0.0;0.0;97.59272200749876;4.817784944928815;0
DDD;2013J;495115;F;East Midlands Region;Lower Than A Level;1;60;Y;25.0;True;False;False;0.0;0.0;0.0;0.0;0.0;0.0;1
BBB;2013J;610744;F;Wales;Lower Than A Level;0;60;N;85.0;True;False;False;0.0;0.0;0.0;0.0;0.0;0.0;0
CCC;2014J;690733;M;South West Region;HE Qualification;0;120;N;75.0;False;False;True;0.0;1.0;1.0;94.0;95.78793290043687;3.8223712859875327;0
CCC;2014J;656347;M;North Region;No Formal quals;0;60;N;47.115494568324756;True;False;False;0.0;0.875;1.0;90.0;77.9484965000493;2.3990318446219066;0
DDD;2013B;437281;M;South Region;A Level or Equivalent;0;80;N;75.0;True;False;False;0.0;1.0;1.0;64.0;78.61864679693737;1.6023663555725456;0
FFF;2013J;599783;M;Ireland;A Level or Equivalent;0;90;N;55.0;True;False;False;0.0;0.8333333333333334;0.0;0.0;100.71701340382701;2.753172952450822;0
CCC;2014B;526235;M;Yorkshire Region;HE Qualification;0;90;N;45.0;True;False;False;0.0;0.0;0.0;0.0;0.0;0.0;1
DDD;2014J;364307;F;London Region;A Level or Equivalent;1;150;N;35.0;True;False;False;0.0;0.0;0.0;0.0;0.0;0.0;1
EEE;2014B;612397;M;South East Region;Lower Than A Level;0;60;N;55.0;False;True;False;0.0;0.5;0.0;0.0;27.418309365531588;3.531045086600642;0
DDD;2013J;2570253;M;South East Region;Lower Than A Level;0;120;N;75.0;False;True;False;0.0;0.8333333333333334;1.0;73.0;88.13434733019719;1.7432964273776395;0
FFF;2013B;559449;M;North Region;Post Graduate Qualification;0;60;N;47.115494568324756;True;False;False;0.0;0.0;0.0;0.0;0.0;0.0;1
DDD;2014B;537756;F;Yorkshire Region;A Level or Equivalent;0;270;N;5.0;True;False;False;0.0;0.8333333333333334;1.0;62.0;92.40472137132954;1.6943395525851666;0
FFF;2014J;647398;M;South Region;A Level or Equivalent;0;90;N;75.0;True;False;False;0.0;1.0;0.0;0.0;79.99728198969619;5.352587956672624;0
BBB;2014J;604990;F;East Anglian Region;Lower Than A Level;0;120;N;35.0;False;True;False;0.0;0.8;0.0;0.0;94.20878955042956;2.751814969099755;0
FFF;2013J;594376;M;Scotland;HE Qualification;0;90;N;5.0;True;False;False;0.0;0.0;0.0;0.0;0.0;0.0;1
GGG;2014J;584099;F;East Midlands Region;Lower Than A Level;0;30;N;85.0;True;False;False;0.0;1.0;0.0;0.0;158.14946185810848;5.757421692760039;0
EEE;2014B;231019;M;South West Region;Lower Than A Level;0;30;N;55.0;True;False;False;0.0;0.5;0.0;0.0;38.58588775209465;4.1766190195500545;0
DDD;2014J;600554;M;East Anglian Region;A Level or Equivalent;0;60;Y;35.0;True;False;False;0.0;0.0;0.0;0.0;0.0;0.0;1
BBB;2014B;590408;F;London Region;Lower Than A Level;0;60;Y;5.0;True;False;False;0.0;0.8181818181818182;0.0;0.0;108.32546554783337;1.5977799727744377;0
EEE;2013J;333976;M;West Midlands Region;A Level or Equivalent;0;30;N;5.0;True;False;False;0.0;0.25;0.0;0.0;20.73437673437673;2.6695631528964863;0
FFF;2014B;348378;M;Ireland;A Level or Equivalent;0;60;N;15.0;False;True;False;0.0;0.6897457158651188;0.0;0.0;2.775100310394428;2.337482019834961;0
DDD;2014B;610170;M;South Region;Lower Than A Level;1;120;N;45.0;True;False;False;0.0;0.0;0.0;0.0;0.0;0.0;1
GGG;2013J;586287;M;East Midlands Region;A Level or Equivalent;0;30;N;45.0;True;False;False;0.0;1.0;0.0;0.0;168.8597854526426;2.88114861329147;0
DDD;2013J;582026;F;South East Region;Lower Than A Level;0;120;N;45.0;True;False;False;0.0;0.16666666666666666;0.0;0.0;13.636848484848484;2.048848484848485;0
DDD;2014B;584089;M;Yorkshire Region;HE Qualification;0;120;N;85.0;True;False;False;0.0;0.0;0.0;0.0;0.0;0.0;1
DDD;2013B;2692101;M;Wales;Lower Than A Level;0;90;N;45.0;True;False;False;0.0;0.0;0.0;0.0;0.0;0.0;1
EEE;2014B;594131;M;East Midlands Region;Lower Than A Level;1;60;Y;25.0;True;False;False;0.0;1.0;0.0;0.0;114.82880035090079;3.9118266560483543;0
BBB;2013J;2363875;F;Scotland;HE Qualification;0;60;N;55.0;False;True;False;0.0;0.6363636363636364;0.0;0.0;144.13957167778733;1.5332687566320429;0
DDD;2013B;438662;M;Ireland;Lower Than A Level;1;60;N;35.0;True;False;False;0.0;0.8461538461538461;1.0;38.0;61.55371832497884;1.54884720014166;0
FFF;2013J;491756;M;West Midlands Region;Lower Than A Level;1;90;Y;65.0;True;False;False;0.0;0.0;0.0;0.0;0.0;0.0;1
CCC;2014J;1942870;F;Scotland;Lower Than A Level;0;90;N;85.0;True;False;False;0.0;1.0;1.0;80.0;88.71299199724506;2.8610456301848672;0
BBB;2014J;226839;F;South Region;A Level or Equivalent;0;60;N;95.0;True;False;False;0.0;1.0;0.0;0.0;101.91659821102593;3.012428121577218;0
CCC;2014J;29639;M;North Region;Lower Than A Level;0;30;N;47.115494568324756;True;False;False;0.0;1.0;1.0;74.0;127.17589609862209;3.0375266373153185;0
FFF;2013B;558244;M;Wales;HE Qualification;0;60;N;45.0;True;False;False;0.0;0.0;0.0;0.0;0.0;0.0;1
BBB;2013B;272580;F;South West Region;Lower Than A Level;0;120;N;35.0;False;True;False;0.0;1.0;0.0;0.0;117.56897917465874;1.7042032326010088;0
BBB;2013B;525520;F;North Region;Lower Than A Level;0;60;N;75.0;False;True;False;0.0;0.9090909090909091;0.0;0.0;82.68173381885802;1.8321837652412498;0
CCC;2014B;628293;M;West Midlands Region;HE Qualification;0;30;N;25.0;True;False;False;0.0;1.0;1.0;48.0;108.49466107168351;2.2301772360762495;0
DDD;2013B;2633235;F;North Region;A Level or Equivalent;0;60;N;47.115494568324756;True;False;False;0.0;1.0;1.0;71.0;82.78290592171876;1.4359681276155143;0
BBB;2014J;229326;F;West Midlands Region;Lower Than A Level;0;60;N;35.0;False;True;False;0.0;0.0;0.0;0.0;0.0;0.0;1
BBB;2013J;582806;F;London Region;HE Qualification;0;60;Y;25.0;True;False;False;0.0;0.0;0.0;0.0;0.0;0.0;1
BBB;2014B;607973;F;North Region;HE Qualification;0;120;N;35.0;True;False;False;0.0;0.0;0.0;0.0;0.0;0.0;1
BBB;2014B;627380;F;East Anglian Region;A Level or Equivalent;0;60;N;95.0;True;False;False;0.0;1.0;0.0;0.0;80.17541274917889;2.2130644609776873;0
DDD;2014J;684305;F;South West Region;A Level or Equivalent;0;90;N;15.0;True;False;False;0.0;0.5;0.0;0.0;68.7705389848247;2.581937903366475;0
DDD;2014J;1812797;F;East Anglian Region;HE Qualification;0;90;N;85.0;False;True;False;0.0;0.0;0.0;0.0;0.0;0.0;1
BBB;2014B;372997;F;Wales;HE Qualification;0;120;N;85.0;False;True;False;0.0;0.8181818181818182;0.0;0.0;67.5597354034854;2.12662407037407;0
GGG;2014J;656506;M;South Region;Lower Than A Level;0;30;N;25.0;True;False;False;0.0;1.0;0.0;0.0;135.0845156438458;4.197592492568569;0
CCC;2014J;585154;M;London Region;A Level or Equivalent;0;60;N;35.0;False;True;False;0.0;1.0;1.0;72.0;126.14960502460502;3.4651284929062705;0
DDD;2013B;371044;F;Yorkshire Region;HE Qualification;0;60;N;15.0;True;False;False;0.0;1.0;1.0;60.0;89.98107971406392;1.425483150656626;0
BBB;2013B;561166;F;South East Region;A Level or Equivalent;0;120;N;35.0;False;True;False;0.0;1.0;0.0;0.0;78.46007876591851;1.587302648595474;0
DDD;2014J;410767;F;East Midlands Region;A Level or Equivalent;1;90;Y;65.0;True;False;False;0.0;1.0;1.0;93.0;118.15856409262864;1.8753723935422761;0
DDD;2014B;402314;F;North Region;HE Qualification;1;150;N;47.115494568324756;True;False;False;0.0;1.0;1.0;89.0;110.07043178559888;1.5134476198120157;0
BBB;2013B;315186;F;South West Region;A Level or Equivalent;1;60;N;45.0;False;True;False;0.0;0.9090909090909091;0.0;0.0;100.26952795496166;1.8717403518194489;0
FFF;2014J;647045;F;Wales;Lower Than A Level;0;90;N;5.0;False;True;False;0.0;0.08333333333333333;0.0;0.0;14.55414119572576;3.247841201248426;0
GGG;2013J;610347;M;South Region;HE Qualification;0;30;N;85.0;False;True;False;0.0;1.0;0.0;0.0;127.25063191974655;4.104139542300146;0
CCC;2014J;685514;M;East Anglian Region;HE Qualification;0;30;N;65.0;True;False;False;0.0;1.0;1.0;50.0;147.43434375380636;4.236553817125758;0
DDD;2014B;629702;M;Wales;A Level or Equivalent;0;60;N;85.0;False;True;False;0.0;0.0;0.0;0.0;0.0;0.0;1
FFF;2013B;530296;M;South Region;A Level or Equivalent;1;120;N;45.0;True;False;False;0.0;1.0;0.0;0.0;93.04583150246847;3.23754393984165;0
BBB;2014J;132924;F;South West Region;Lower Than A Level;0;60;N;15.0;False;True;False;0.0;0.6;0.0;0.0;34.03333333333333;1.6333333333333335;0
FFF;2013J;602516;F;East Anglian Region;A Level or Equivalent;0;60;N;55.0;True;False;False;0.0;1.0;0.0;0.0;87.91887772449341;3.516975415364545;0
BBB;2014B;625027;F;London Region;Lower Than A Level;0;60;N;55.0;True;False;False;0.0;0.7404752923425123;0.0;0.0;2.0;1.6666666666666667;0
EEE;2013J;577235;M;North Western Region;Lower Than A Level;0;90;N;25.0;False;True;False;0.0;1.0;0.0;0.0;104.70774741221574;4.145141004671547;0
FFF;2014J;690631;M;Scotland;A Level or Equivalent;0;240;N;45.0;False;True;False;0.0;0.0;0.0;0.0;0.0;0.0;1
FFF;2014J;629594;M;East Midlands Region;Lower Than A Level;0;60;N;25.0;True;False;False;0.0;0.08333333333333333;0.0;0.0;12.893452380952382;1.7692028985507249;0
FFF;2014J;598308;M;Ireland;Post Graduate Qualification;1;90;N;47.115494568324756;True;False;False;0.0;0.8333333333333334;0.0;0.0;113.78629679155917;4.0743668631216625;0
BBB;2014J;2511519;F;Ireland;A Level or Equivalent;0;60;N;35.0;False;True;False;0.0;1.0;0.0;0.0;74.25362673163599;2.708508706656855;0
FFF;2013J;571828;M;South West Region;Lower Than A Level;0;60;N;95.0;True;False;False;0.0;1.0;0.0;0.0;91.07463823769514;2.528648031516524;0
CCC;2014J;2689013;M;Scotland;Post Graduate Qualification;0;30;N;85.0;False;True;False;0.0;0.0;0.0;0.0;0.0;0.0;1
BBB;2013B;92993;F;East Anglian Region;Lower Than A Level;3;135;N;15.0;True;False;False;0.0;0.9090909090909091;0.0;0.0;49.48130110831612;1.94261482452375;0
BBB;2013J;585915;F;South West Region;A Level or Equivalent;0;60;Y;15.0;True;False;False;0.0;0.7538543328017012;0.0;0.0;30.0;1.0;0
FFF;2013J;988019;F;London Region;A Level or Equivalent;1;60;Y;25.0;False;True;False;0.0;0.6666666666666666;0.0;0.0;99.59094099576649;2.583664109505121;0
CCC;2014J;648354;F;North Western Region;A Level or Equivalent;0;120;N;25.0;False;True;False;0.0;0.0;0.0;0.0;0.0;0.0;1
FFF;2013B;532715;F;Scotland;Lower Than A Level;0;120;N;95.0;True;False;False;0.0;1.0;0.0;0.0;93.89464024687263;3.475271945085251;0
GGG;2014J;657327;M;Ireland;Lower Than A Level;0;30;N;55.0;False;True;False;0.0;0.0;0.0;0.0;0.0;0.0;1
DDD;2013J;553353;M;East Anglian Region;Lower Than A Level;0;60;N;45.0;True;False;False;0.0;0.6982071713147411;0.6420982735723771;41.732403718459494;14.авг;1.6666666666666667;0
FFF;2014B;613106;M;North Region;A Level or Equivalent;0;60;N;5.0;True;False;False;0.0;0.0;0.0;0.0;0.0;0.0;1
GGG;2013J;519185;M;South Region;Lower Than A Level;0;30;N;65.0;True;False;False;0.0;0.7931081264414598;0.0;0.0;23.0;1.0;0
GGG;2013J;588528;F;South West Region;Lower Than A Level;0;30;N;35.0;False;True;False;0.0;0.0;0.0;0.0;0.0;0.0;1
CCC;2014J;635711;M;East Midlands Region;HE Qualification;0;60;N;95.0;False;True;False;0.0;0.5;1.0;82.0;121.39940482569793;3.7864545000715473;0
GGG;2014B;579692;M;South West Region;Lower Than A Level;1;120;N;35.0;True;False;False;0.0;1.0;0.0;0.0;127.16954246015484;2.2619242140389906;0
BBB;2013B;551576;F;East Anglian Region;Lower Than A Level;0;60;N;85.0;False;True;False;0.0;1.0;0.0;0.0;97.35752181300651;1.5004056395561434;0
FFF;2013B;559991;M;East Anglian Region;Lower Than A Level;0;60;Y;75.0;True;False;False;0.0;0.08333333333333333;0.0;0.0;27.263203955135772;2.2313375639512003;0
FFF;2014J;681073;M;Yorkshire Region;Lower Than A Level;0;90;N;45.0;True;False;False;0.0;0.0;0.0;0.0;0.0;0.0;1
FFF;2014B;619204;F;South Region;Lower Than A Level;0;90;N;65.0;True;False;False;0.0;0.0;0.0;0.0;0.0;0.0;1
CCC;2014J;576439;M;East Anglian Region;Lower Than A Level;0;60;N;95.0;True;False;False;0.0;1.0;1.0;80.0;118.52119309409446;2.2319211459411514;0
DDD;2013J;318574;M;North Western Region;A Level or Equivalent;0;90;N;45.0;True;False;False;0.0;0.0;0.0;0.0;0.0;0.0;1
FFF;2014J;1816458;M;East Anglian Region;A Level or Equivalent;0;90;N;45.0;False;True;False;0.0;1.0;0.0;0.0;84.69533700521316;4.144564307044139;0
FFF;2013J;482554;M;Scotland;Lower Than A Level;0;60;N;65.0;True;False;False;0.0;0.0;0.0;0.0;0.0;0.0;1
FFF;2013J;579064;M;West Midlands Region;Lower Than A Level;0;60;N;15.0;True;False;False;0.0;0.0;0.0;0.0;0.0;0.0;1
EEE;2014J;580689;M;Scotland;HE Qualification;1;60;Y;25.0;False;True;False;0.0;0.5;0.0;0.0;25.267094017094017;4.220940170940171;0
DDD;2014J;571292;F;Wales;Lower Than A Level;1;60;N;65.0;False;True;False;0.0;0.6666666666666666;0.0;0.0;164.0;01.июнь;0
EEE;2014B;622425;M;North Western Region;A Level or Equivalent;0;30;N;45.0;True;False;False;0.0;1.0;0.0;0.0;110.74434618939219;5.122282522846904;0
BBB;2013B;485630;F;East Anglian Region;A Level or Equivalent;1;120;N;35.0;True;False;False;0.0;1.0;0.0;0.0;88.89790887942353;1.6658173320569851;0
FFF;2013J;560496;F;South East Region;A Level or Equivalent;1;120;N;65.0;True;False;False;0.0;0.0;0.0;0.0;0.0;0.0;1
EEE;2013J;594452;M;Scotland;HE Qualification;0;60;N;95.0;True;False;False;0.0;0.25;0.0;0.0;31.170075757575756;3.401515151515152;0
EEE;2013J;607609;M;London Region;Lower Than A Level;0;90;N;15.0;True;False;False;0.0;0.0;0.0;0.0;0.0;0.0;1
BBB;2013B;2622465;M;London Region;Lower Than A Level;0;60;N;25.0;False;True;False;0.0;1.0;0.0;0.0;111.89612407972155;1.5534658801988828;0
BBB;2014J;418206;M;North Western Region;A Level or Equivalent;0;120;Y;35.0;True;False;False;0.0;0.0;0.0;0.0;0.0;0.0;1
CCC;2014J;606064;F;Scotland;HE Qualification;0;90;N;85.0;True;False;False;0.0;1.0;1.0;56.0;112.11392717781266;2.356132956318028;0
CCC;2014B;574523;M;South East Region;A Level or Equivalent;0;90;N;55.0;True;False;False;0.0;0.0;0.0;0.0;0.0;0.0;1
FFF;2013J;573674;M;Ireland;A Level or Equivalent;0;60;N;15.0;True;False;False;0.0;0.16666666666666666;0.0;0.0;10.645098039215686;1.84400871459695;0
FFF;2014J;640913;M;West Midlands Region;Lower Than A Level;0;90;N;85.0;True;False;False;0.0;1.0;0.0;0.0;160.5335403726708;7.875815217391305;0
GGG;2014B;617114;F;Yorkshire Region;A Level or Equivalent;0;30;Y;25.0;True;False;False;0.0;0.1111111111111111;0.0;0.0;52.80342592592593;3.296851851851852;0
EEE;2014J;674888;M;London Region;A Level or Equivalent;0;60;N;15.0;True;False;False;0.0;0.0;0.0;0.0;0.0;0.0;1
BBB;2013B;549203;F;London Region;Lower Than A Level;0;60;N;25.0;True;False;False;0.0;0.0;0.0;0.0;0.0;0.0;0
CCC;2014B;590072;M;Scotland;A Level or Equivalent;0;90;N;75.0;True;False;False;0.0;0.5308303886925795;0.5279151943462898;36.93851590106007;-11.0;1.0;0
BBB;2014B;624514;F;South West Region;A Level or Equivalent;0;60;N;45.0;False;True;False;0.0;0.0;0.0;0.0;0.0;0.0;1
FFF;2013B;371169;M;East Anglian Region;Lower Than A Level;0;60;N;5.0;True;False;False;0.0;0.0;0.0;0.0;0.0;0.0;1
FFF;2014B;627417;F;Ireland;Post Graduate Qualification;0;60;N;47.115494568324756;True;False;False;0.0;1.0;0.0;0.0;105.42587273510429;2.758909896334819;0
AAA;2014J;2576122;M;North Western Region;A Level or Equivalent;1;60;N;75.0;False;True;False;0.0;0.2;0.0;0.0;12.888888888888888;1.8888888888888886;0
FFF;2013J;579506;M;North Region;A Level or Equivalent;0;60;N;55.0;True;False;False;0.0;1.0;0.0;0.0;124.58685022706761;4.4186766936766935;0
GGG;2014B;204738;M;North Western Region;HE Qualification;0;90;N;5.0;False;True;False;0.0;1.0;0.0;0.0;133.28991533577798;3.129006265382363;0
FFF;2014J;684579;M;East Anglian Region;A Level or Equivalent;0;150;N;85.0;True;False;False;0.0;0.0;0.0;0.0;0.0;0.0;1
FFF;2013B;2510667;M;West Midlands Region;A Level or Equivalent;0;60;N;5.0;True;False;False;0.0;1.0;0.0;0.0;99.03013263992185;2.9388301027955044;0
FFF;2013J;591638;F;London Region;HE Qualification;0;120;N;55.0;True;False;False;0.0;0.0;0.0;0.0;0.0;0.0;1
GGG;2014J;643619;F;North Western Region;Lower Than A Level;0;30;Y;45.0;True;False;False;0.0;0.8888888888888888;0.0;0.0;125.88217338217339;3.329680341445047;0
BBB;2014B;2421428;F;East Midlands Region;Lower Than A Level;0;60;N;95.0;False;True;False;0.0;0.0;0.0;0.0;0.0;0.0;1
CCC;2014J;586047;M;West Midlands Region;A Level or Equivalent;0;30;N;85.0;True;False;False;0.0;1.0;1.0;30.0;56.26798978798979;2.088191449073802;0
DDD;2013J;508601;F;Scotland;HE Qualification;0;180;N;25.0;False;True;False;0.0;0.0;0.0;0.0;0.0;0.0;1
DDD;2013J;560948;F;East Anglian Region;A Level or Equivalent;0;60;N;45.0;True;False;False;0.0;1.0;1.0;47.0;120.9743409444198;1.4669012476496492;0
BBB;2014J;34662;F;South West Region;A Level or Equivalent;0;60;N;65.0;False;True;False;0.0;0.0;0.0;0.0;0.0;0.0;1
GGG;2014B;602045;F;West Midlands Region;A Level or Equivalent;0;30;N;5.0;True;False;False;0.0;1.0;0.0;0.0;129.16786576949622;2.470492221647113;0
BBB;2014B;590870;F;South East Region;A Level or Equivalent;0;60;N;35.0;True;False;False;0.0;0.2727272727272727;0.0;0.0;13.478571428571428;4.234523809523809;0
DDD;2014J;651728;M;Scotland;A Level or Equivalent;0;60;Y;55.0;True;False;False;0.0;0.0;0.0;0.0;0.0;0.0;1
DDD;2013J;477161;M;North Western Region;Lower Than A Level;1;70;N;25.0;True;False;False;0.0;0.8333333333333334;1.0;40.0;103.44207878866148;2.129277371020348;0
FFF;2013J;286442;M;Scotland;HE Qualification;0;60;Y;55.0;False;True;False;0.0;0.0;0.0;0.0;0.0;0.0;1
AAA;2013J;52130;F;East Anglian Region;A Level or Equivalent;0;90;N;75.0;True;False;False;14.апр;1.0;0.0;0.0;120.15541803900372;3.5148574929680128;0
DDD;2013B;431005;M;London Region;A Level or Equivalent;1;150;N;25.0;True;False;False;0.0;0.0;0.0;0.0;0.0;0.0;1
CCC;2014J;654295;F;Ireland;A Level or Equivalent;0;90;N;15.0;False;True;False;0.0;0.0;0.0;0.0;0.0;0.0;1
BBB;2014J;531753;M;Scotland;Lower Than A Level;1;60;N;55.0;False;True;False;0.0;1.0;0.0;0.0;110.91446442593171;2.655486475777289;0
BBB;2014J;507783;F;Wales;HE Qualification;0;60;N;45.0;True;False;False;0.0;1.0;0.0;0.0;121.40243658701888;3.3735495357444667;0
CCC;2014B;631473;M;London Region;Lower Than A Level;0;120;N;15.0;True;False;False;0.0;1.0;1.0;100.0;125.98623166706368;2.6184836793019897;0
BBB;2013J;516364;F;East Anglian Region;Lower Than A Level;0;60;N;75.0;False;True;False;0.0;0.0;0.0;0.0;0.0;0.0;1
EEE;2013J;283811;M;North Western Region;HE Qualification;0;60;N;45.0;False;True;False;0.0;0.0;0.0;0.0;0.0;0.0;1
BBB;2014J;689228;F;Ireland;Lower Than A Level;0;60;N;85.0;False;True;False;0.0;0.6;0.0;0.0;57.11635251322752;2.2262566137566138;0
BBB;2014J;510471;F;South Region;Lower Than A Level;0;60;N;95.0;False;True;False;0.0;1.0;0.0;0.0;83.95587761674717;8.617632850241545;0
BBB;2014J;676420;F;South West Region;Lower Than A Level;0;90;N;65.0;True;False;False;0.0;0.0;0.0;0.0;0.0;0.0;1
CCC;2014B;591958;M;South Region;Lower Than A Level;0;60;N;95.0;True;False;False;0.0;0.5;1.0;88.0;113.58202972201572;3.031584755114167;0
BBB;2013B;558373;M;East Midlands Region;A Level or Equivalent;0;60;N;45.0;True;False;False;0.0;1.0;0.0;0.0;121.96306300258244;1.5113482975207964;0
EEE;2014J;646040;M;South Region;A Level or Equivalent;0;90;N;55.0;True;False;False;0.0;1.0;0.0;0.0;102.3987301277312;2.758087589102627;0
CCC;2014J;620231;M;Scotland;HE Qualification;0;30;N;85.0;True;False;False;0.0;1.0;1.0;44.0;84.50695767817616;1.9404142465066834;0
GGG;2014J;2508153;F;East Midlands Region;Lower Than A Level;0;30;N;15.0;True;False;False;0.0;1.0;0.0;0.0;103.28144908312976;2.0912547636437195;0
BBB;2014B;623914;F;London Region;A Level or Equivalent;0;120;N;85.0;True;False;False;0.0;0.0;0.0;0.0;0.0;0.0;1
BBB;2014J;656181;F;Ireland;Lower Than A Level;0;60;N;45.0;False;True;False;0.0;0.4;0.0;0.0;45.361038961038965;2.17987012987013;0
FFF;2014B;618293;M;West Midlands Region;HE Qualification;0;60;N;35.0;True;False;False;0.0;0.9166666666666666;0.0;0.0;100.63318355923273;4.005695992670602;0
BBB;2013B;431071;F;Ireland;Lower Than A Level;1;120;N;15.0;True;False;False;0.0;0.0;0.0;0.0;0.0;0.0;1
DDD;2014B;509417;F;East Midlands Region;No Formal quals;1;60;N;25.0;True;False;False;0.0;0.0;0.0;0.0;0.0;0.0;1
CCC;2014B;537622;F;North Western Region;A Level or Equivalent;0;90;Y;5.0;True;False;False;0.0;0.0;0.0;0.0;0.0;0.0;1
DDD;2013J;491874;F;West Midlands Region;A Level or Equivalent;0;60;N;45.0;True;False;False;0.0;0.0;0.0;0.0;0.0;0.0;1
BBB;2013J;533414;F;East Anglian Region;Lower Than A Level;1;120;N;35.0;True;False;False;0.0;0.0;0.0;0.0;0.0;0.0;1
FFF;2014J;649084;M;South Region;Lower Than A Level;0;120;N;55.0;True;False;False;0.0;1.0;0.0;0.0;126.43289757168898;2.7519716235822558;0
BBB;2013B;554920;M;London Region;A Level or Equivalent;0;60;N;15.0;True;False;False;0.0;0.0;0.0;0.0;0.0;0.0;1
EEE;2013J;1930644;M;Scotland;Lower Than A Level;0;90;N;55.0;False;True;False;0.0;1.0;0.0;0.0;106.78383546078484;3.3132470129050158;0
FFF;2013B;1882255;M;Scotland;Lower Than A Level;0;60;N;95.0;False;True;False;0.0;1.0;0.0;0.0;78.96005054582945;2.9212536884044114;0
DDD;2014B;613617;F;Yorkshire Region;Lower Than A Level;0;120;N;95.0;True;False;False;0.0;0.0;0.0;0.0;0.0;0.0;1
CCC;2014J;518503;M;South East Region;Lower Than A Level;0;60;N;65.0;True;False;False;0.0;0.0;0.0;0.0;0.0;0.0;1
DDD;2013J;568196;F;West Midlands Region;Lower Than A Level;0;60;Y;45.0;False;True;False;0.0;1.0;1.0;71.0;93.679605006254;1.2606726070081904;0
BBB;2014J;642413;F;South West Region;Lower Than A Level;0;120;N;15.0;True;False;False;0.0;0.8;0.0;0.0;87.28026396028066;3.040412665317953;0
BBB;2014J;633902;F;Yorkshire Region;HE Qualification;0;60;N;5.0;True;False;False;0.0;1.0;0.0;0.0;96.0905010962127;4.800551213940727;0
BBB;2014J;499790;F;London Region;A Level or Equivalent;0;60;Y;25.0;False;True;False;0.0;1.0;0.0;0.0;84.59992134881247;2.1331056418380006;0
FFF;2014J;654619;M;London Region;Lower Than A Level;0;120;N;15.0;False;True;False;0.0;0.0;0.0;0.0;0.0;0.0;1
DDD;2013B;552635;F;West Midlands Region;Lower Than A Level;0;60;N;35.0;False;True;False;0.0;1.0;1.0;60.0;85.32101609806776;1.885229258699295;0
BBB;2013J;598253;F;Wales;A Level or Equivalent;0;60;N;35.0;True;False;False;0.0;0.8181818181818182;0.0;0.0;136.79340277777777;1.4895833333333333;0
DDD;2014J;689816;F;East Anglian Region;Lower Than A Level;0;120;N;55.0;True;False;False;0.0;0.0;0.0;0.0;0.0;0.0;1
EEE;2014B;551856;M;North Region;Lower Than A Level;0;60;N;15.0;True;False;False;0.0;0.808768656716418;0.0;0.0;131.11149425287357;1.8319376026272578;0
BBB;2013J;490500;F;South West Region;Lower Than A Level;0;120;N;5.0;True;False;False;0.0;0.09090909090909091;0.0;0.0;16.048076923076923;1.4923076923076921;0
FFF;2014J;649093;F;London Region;HE Qualification;0;60;N;25.0;True;False;False;0.0;1.0;0.0;0.0;115.85609439755467;3.8509930334463047;0
BBB;2013J;571693;F;Wales;Lower Than A Level;0;60;N;25.0;False;True;False;0.0;1.0;0.0;0.0;126.28407424228998;1.5662387008153138;0
DDD;2014B;145114;F;South West Region;A Level or Equivalent;0;60;N;45.0;True;False;False;0.0;0.5;1.0;51.0;36.15513048539959;1.9640624722620166;0
CCC;2014J;973526;M;South Region;HE Qualification;0;30;N;95.0;False;False;True;0.0;0.0;0.0;0.0;0.0;0.0;1
DDD;2014J;653768;M;East Midlands Region;Lower Than A Level;0;90;N;75.0;True;False;False;0.0;0.6666666666666666;1.0;60.0;72.29335789871504;2.356970427059713;0
DDD;2013B;530748;M;South Region;A Level or Equivalent;0;100;N;85.0;True;False;False;0.0;0.0;0.0;0.0;0.0;0.0;1
BBB;2014J;645047;F;London Region;A Level or Equivalent;0;60;N;35.0;True;False;False;0.0;1.0;0.0;0.0;122.97947552965552;4.006475920226467;0
DDD;2013J;485594;F;West Midlands Region;A Level or Equivalent;1;120;N;35.0;True;False;False;0.0;0.8333333333333334;1.0;49.0;145.84000269070506;2.0069291283294795;0
BBB;2014J;394314;F;Yorkshire Region;Lower Than A Level;0;60;N;5.0;True;False;False;0.0;0.0;0.0;0.0;0.0;0.0;1
DDD;2014J;688175;M;Yorkshire Region;A Level or Equivalent;0;60;N;85.0;True;False;False;0.0;1.0;1.0;73.0;112.8347829093983;1.6359126343741728;0
BBB;2014B;634833;F;South West Region;Lower Than A Level;0;60;N;35.0;False;True;False;0.0;1.0;0.0;0.0;114.03179128498746;2.42413685925072;0
EEE;2014J;675663;M;Scotland;A Level or Equivalent;0;30;N;55.0;True;False;False;0.0;1.0;0.0;0.0;94.27701712701712;4.845261148118291;0
FFF;2014J;638034;M;Scotland;A Level or Equivalent;0;120;N;75.0;True;False;False;0.0;1.0;0.0;0.0;102.09385671104758;2.53183456375334;0
GGG;2014B;502709;M;East Anglian Region;HE Qualification;0;30;N;35.0;False;True;False;0.0;1.0;0.0;0.0;142.5251013867085;2.1135694662480375;0
CCC;2014B;357176;M;South West Region;HE Qualification;0;90;N;55.0;False;True;False;0.0;0.375;1.0;84.0;95.97479862387907;2.149363897840684;0
EEE;2014J;651734;M;South East Region;Lower Than A Level;0;120;N;25.0;True;False;False;0.0;0.5;0.0;0.0;46.847011201359024;3.4404621020005637;0
BBB;2014J;638544;F;West Midlands Region;A Level or Equivalent;0;120;N;15.0;True;False;False;0.0;0.0;0.0;0.0;0.0;0.0;1
DDD;2013B;321744;M;South East Region;Lower Than A Level;0;60;N;95.0;True;False;False;0.0;0.23076923076923078;0.0;0.0;36.23687023681653;1.5300112526213494;0
FFF;2013J;594510;M;East Midlands Region;Lower Than A Level;0;60;N;75.0;True;False;False;0.0;0.0;0.0;0.0;0.0;0.0;1
CCC;2014J;600814;M;South West Region;Lower Than A Level;1;90;N;35.0;False;True;False;0.0;0.875;1.0;24.0;70.48066258020417;2.166902994136122;0
AAA;2013J;255548;M;Wales;Lower Than A Level;0;60;N;25.0;False;True;False;84.0;1.0;0.0;0.0;99.2207469562457;3.5006055227789483;0
FFF;2013B;536698;M;North Region;A Level or Equivalent;0;60;N;25.0;True;False;False;0.0;0.8333333333333334;0.0;0.0;113.50141157572256;3.0441409763261515;0
DDD;2013J;591163;M;Scotland;A Level or Equivalent;0;60;N;45.0;True;False;False;0.0;0.0;0.0;0.0;0.0;0.0;1
GGG;2014J;612429;F;East Midlands Region;Lower Than A Level;0;30;Y;65.0;False;True;False;0.0;1.0;0.0;0.0;175.43243243243242;2.3885135135135136;0
CCC;2014B;544594;M;London Region;A Level or Equivalent;0;90;N;95.0;True;False;False;0.0;1.0;1.0;96.0;133.36539408741993;2.3641848112530535;0
EEE;2014B;632977;M;South West Region;A Level or Equivalent;0;30;Y;65.0;True;False;False;0.0;1.0;0.0;0.0;99.80299396206672;3.8883371213229245;0
GGG;2014B;245802;F;South East Region;A Level or Equivalent;0;30;Y;15.0;False;True;False;0.0;1.0;0.0;0.0;124.49208195771662;2.341376912274745;0
CCC;2014J;649394;M;West Midlands Region;A Level or Equivalent;0;120;N;35.0;True;False;False;0.0;0.0;0.0;0.0;0.0;0.0;1
BBB;2014J;648693;F;Scotland;A Level or Equivalent;0;60;Y;5.0;True;False;False;0.0;1.0;0.0;0.0;88.37018789333916;2.3995081049402778;0
GGG;2014B;550662;F;North Western Region;Lower Than A Level;0;30;N;55.0;False;True;False;0.0;0.3333333333333333;0.0;0.0;92.80882352941177;2.2183600713012477;0
FFF;2014B;266536;M;South East Region;A Level or Equivalent;0;60;N;95.0;False;True;False;0.0;0.9166666666666666;0.0;0.0;99.40887838358567;4.115278744215082;0
EEE;2013J;571443;F;East Midlands Region;HE Qualification;0;60;N;75.0;True;False;False;0.0;1.0;0.0;0.0;120.90159724414787;4.293797122622737;0
BBB;2014J;692207;F;Ireland;Lower Than A Level;0;60;N;55.0;True;False;False;0.0;0.8;0.0;0.0;88.75595238095238;3.824404761904762;0
BBB;2014B;558702;F;South West Region;A Level or Equivalent;0;60;N;35.0;False;True;False;0.0;0.0;0.0;0.0;0.0;0.0;1
DDD;2014J;647605;M;South Region;A Level or Equivalent;0;60;N;95.0;True;False;False;0.0;1.0;1.0;87.0;112.84898831482302;1.7868069969150824;0
BBB;2014J;637063;F;South Region;A Level or Equivalent;0;60;N;85.0;True;False;False;0.0;0.8;0.0;0.0;96.04158558372845;3.6858064158064154;0
GGG;2014J;645876;M;East Anglian Region;Lower Than A Level;0;30;N;35.0;True;False;False;0.0;0.7777777777777778;0.0;0.0;116.86630347593582;2.94548800056153;0
BBB;2014B;569761;F;East Midlands Region;Lower Than A Level;0;60;N;5.0;True;False;False;0.0;1.0;0.0;0.0;78.97450697450698;1.7898790811717642;0
BBB;2013J;541842;F;South East Region;Lower Than A Level;0;60;N;5.0;True;False;False;0.0;0.0;0.0;0.0;0.0;0.0;1
FFF;2013B;1784775;F;North Region;HE Qualification;0;120;N;47.115494568324756;False;True;False;0.0;0.9166666666666666;0.0;0.0;119.69323865200572;2.8178195834236384;0
BBB;2014J;565599;F;London Region;HE Qualification;0;60;N;5.0;True;False;False;0.0;0.8;0.0;0.0;118.23923091724717;2.4102267006363953;0
BBB;2014J;609403;F;East Midlands Region;Lower Than A Level;0;60;N;85.0;False;True;False;0.0;1.0;0.0;0.0;109.71475718780175;2.7086058935301995;0
CCC;2014J;300611;M;North Western Region;HE Qualification;1;30;N;5.0;True;False;False;0.0;0.5;1.0;52.0;143.70809032312826;2.442114421526186;0
BBB;2013J;586975;F;East Anglian Region;A Level or Equivalent;0;120;Y;65.0;False;True;False;0.0;0.0;0.0;0.0;0.0;0.0;1
DDD;2014J;636364;M;West Midlands Region;Lower Than A Level;0;90;N;25.0;True;False;False;0.0;1.0;1.0;87.0;74.7559850313135;1.3066157966238274;0
BBB;2013J;597878;F;Scotland;A Level or Equivalent;0;60;N;95.0;True;False;False;0.0;1.0;0.0;0.0;105.98050883460428;1.972924815902715;0
FFF;2013J;607135;M;Yorkshire Region;Lower Than A Level;0;90;N;25.0;True;False;False;0.0;0.16666666666666666;0.0;0.0;22.157571857571856;4.214703989703989;0
BBB;2014J;692542;F;Wales;A Level or Equivalent;0;60;N;95.0;True;False;False;0.0;0.0;0.0;0.0;0.0;0.0;1
DDD;2013J;467776;M;East Midlands Region;A Level or Equivalent;0;60;N;95.0;True;False;False;0.0;0.0;0.0;0.0;0.0;0.0;1
FFF;2014B;631860;M;Wales;A Level or Equivalent;0;60;N;75.0;True;False;False;0.0;1.0;0.0;0.0;111.88885791299127;3.7924084883354268;0
BBB;2014B;561953;F;East Anglian Region;A Level or Equivalent;0;60;N;75.0;True;False;False;0.0;1.0;0.0;0.0;118.63404699165568;2.275175669740887;0
BBB;2013J;594456;F;North Western Region;Lower Than A Level;0;60;N;35.0;True;False;False;0.0;1.0;0.0;0.0;112.81903664704255;1.7075950336045618;0
DDD;2014B;99151;M;London Region;Lower Than A Level;0;120;N;45.0;True;False;False;0.0;0.16666666666666666;0.0;0.0;17.741283805799934;2.5168621700879767;0
DDD;2013B;557432;M;South West Region;Lower Than A Level;0;60;N;55.0;True;False;False;0.0;0.38461538461538464;0.0;0.0;31.197574562030294;1.6667442071550622;0
EEE;2014J;654397;M;South Region;A Level or Equivalent;0;60;N;95.0;True;False;False;0.0;1.0;0.0;0.0;101.70037468844288;3.651282303555031;0
CCC;2014B;347764;M;South East Region;Lower Than A Level;0;90;N;5.0;True;False;False;0.0;0.125;0.0;0.0;20.987830687830687;2.2714285714285714;0
BBB;2014B;603888;F;Ireland;Lower Than A Level;0;60;N;75.0;False;True;False;0.0;0.0;0.0;0.0;0.0;0.0;1
BBB;2014J;648751;M;Scotland;HE Qualification;0;60;N;55.0;False;True;False;0.0;1.0;0.0;0.0;127.97321384592485;3.003410194995873;0
DDD;2013B;509873;F;South West Region;A Level or Equivalent;1;180;N;25.0;True;False;False;0.0;0.07692307692307693;0.0;0.0;2.5502645502645502;1.2212301587301588;0
FFF;2014J;1837138;F;East Midlands Region;A Level or Equivalent;0;120;N;95.0;False;True;False;0.0;1.0;0.0;0.0;100.51436834661997;2.810985483768795;0
CCC;2014B;627168;M;East Anglian Region;Lower Than A Level;0;60;N;65.0;True;False;False;0.0;0.0;0.0;0.0;0.0;0.0;1
EEE;2014B;349069;M;South West Region;Lower Than A Level;0;60;N;5.0;True;False;False;0.0;0.808768656716418;0.0;0.0;10.326923076923077;март.75;0
BBB;2013J;520006;F;East Midlands Region;A Level or Equivalent;0;60;N;85.0;False;True;False;0.0;1.0;0.0;0.0;127.03611111111111;2.2398148148148147;0
FFF;2014B;625341;M;North Western Region;Lower Than A Level;0;120;N;5.0;False;True;False;0.0;0.0;0.0;0.0;0.0;0.0;1
BBB;2013J;586843;F;East Anglian Region;A Level or Equivalent;0;60;N;5.0;True;False;False;0.0;0.8181818181818182;0.0;0.0;90.68852615230166;1.7772276032480114;0
DDD;2014J;2556345;F;North Western Region;Lower Than A Level;2;60;N;5.0;False;True;False;0.0;0.0;0.0;0.0;0.0;0.0;1
DDD;2014B;630556;M;North Region;Lower Than A Level;0;60;N;15.0;True;False;False;0.0;0.0;0.0;0.0;0.0;0.0;1
BBB;2014J;2449399;F;East Midlands Region;HE Qualification;0;60;N;55.0;False;True;False;0.0;0.8;0.0;0.0;113.06572279931412;3.09634101151129;0
GGG;2014J;689485;F;South Region;Lower Than A Level;0;30;Y;95.0;False;True;False;0.0;0.7777777777777778;0.0;0.0;111.4087445887446;2.6061159211159213;0
CCC;2014J;553719;M;West Midlands Region;A Level or Equivalent;0;90;N;45.0;True;False;False;0.0;1.0;1.0;92.0;149.1354065054654;2.3782722487306174;0
DDD;2014B;400461;F;London Region;Lower Than A Level;0;60;N;25.0;True;False;False;0.0;0.0;0.0;0.0;0.0;0.0;1
FFF;2014J;694669;M;London Region;A Level or Equivalent;0;180;Y;25.0;True;False;False;0.0;0.0;0.0;0.0;0.0;0.0;1
BBB;2014J;627660;F;East Midlands Region;HE Qualification;0;60;N;15.0;True;False;False;0.0;0.8;0.0;0.0;93.10959931591684;5.390074839459594;0
CCC;2014J;2464386;F;East Midlands Region;A Level or Equivalent;0;60;Y;95.0;True;False;False;0.0;1.0;1.0;46.0;95.42591083553368;1.5874032873577848;0
CCC;2014J;645948;M;West Midlands Region;Lower Than A Level;0;90;N;25.0;True;False;False;0.0;0.0;0.0;0.0;0.0;0.0;1
CCC;2014B;298040;F;South Region;HE Qualification;0;30;N;85.0;False;True;False;0.0;1.0;1.0;84.0;98.02876436815204;2.247590624113549;0
CCC;2014B;394791;F;North Western Region;Lower Than A Level;0;90;Y;45.0;True;False;False;0.0;0.0;0.0;0.0;0.0;0.0;1
DDD;2013B;504819;F;East Anglian Region;Lower Than A Level;0;60;N;55.0;True;False;False;0.0;1.0;1.0;38.0;114.05528666077548;1.6073174328663145;0
DDD;2013B;316772;M;East Midlands Region;A Level or Equivalent;0;240;N;65.0;True;False;False;0.0;0.0;0.0;0.0;0.0;0.0;1
EEE;2013J;2451726;F;North Region;Lower Than A Level;0;60;N;25.0;True;False;False;0.0;1.0;0.0;0.0;84.23516159571668;3.1687004146213567;0
DDD;2013B;503170;M;South Region;A Level or Equivalent;0;120;N;75.0;True;False;False;0.0;0.6923076923076923;1.0;31.0;71.50534841975158;1.742381066510338;0
BBB;2013B;507303;F;South Region;Lower Than A Level;0;60;N;35.0;True;False;False;0.0;0.0;0.0;0.0;0.0;0.0;1
FFF;2014B;395814;M;North Western Region;A Level or Equivalent;1;120;N;45.0;True;False;False;0.0;0.08333333333333333;0.0;0.0;62.9;02.июль;0
AAA;2013J;187100;M;South East Region;A Level or Equivalent;0;60;N;55.0;False;True;False;февр.64;1.0;0.0;0.0;100.85499808784832;4.309890099499294;0
FFF;2013J;64388;M;East Midlands Region;Lower Than A Level;0;120;N;65.0;True;False;False;0.0;0.9166666666666666;0.0;0.0;89.79889649820916;3.2936074634848387;0
GGG;2014J;613728;F;West Midlands Region;A Level or Equivalent;0;30;N;75.0;False;True;False;0.0;0.7777777777777778;0.0;0.0;87.48558087992377;6.253099354532162;0
BBB;2013J;599739;F;Yorkshire Region;Lower Than A Level;0;60;N;35.0;False;True;False;0.0;1.0;0.0;0.0;130.34877338031987;1.459138655462185;0
FFF;2013B;536125;M;Ireland;A Level or Equivalent;0;90;N;65.0;True;False;False;0.0;1.0;0.0;0.0;87.66767149168693;3.024712151141468;0
GGG;2014J;688663;F;Wales;Lower Than A Level;0;30;N;15.0;True;False;False;0.0;0.0;0.0;0.0;0.0;0.0;1
CCC;2014B;2066504;M;London Region;HE Qualification;0;90;N;25.0;False;True;False;0.0;0.0;0.0;0.0;0.0;0.0;1
FFF;2014B;556492;M;South Region;A Level or Equivalent;2;240;N;95.0;True;False;False;0.0;1.0;0.0;0.0;153.7761778249583;7.026268939988452;0
BBB;2013J;2625315;F;Yorkshire Region;A Level or Equivalent;0;60;N;35.0;True;False;False;0.0;0.2727272727272727;0.0;0.0;12.68146402684187;3.5881829688689555;0
FFF;2014B;2306016;M;Wales;HE Qualification;0;90;N;25.0;True;False;False;0.0;1.0;0.0;0.0;90.48567622009816;4.400583552737703;0
DDD;2014J;647166;M;London Region;HE Qualification;0;60;N;85.0;False;False;True;0.0;1.0;1.0;78.0;81.991488447981;1.692241028559659;0
FFF;2013J;371869;M;Wales;HE Qualification;0;240;N;55.0;False;True;False;0.0;0.8333333333333334;0.0;0.0;72.7643584107621;4.883494212008207;0
FFF;2014J;649165;M;South Region;A Level or Equivalent;0;60;N;47.115494568324756;True;False;False;0.0;0.9166666666666666;0.0;0.0;112.7658360975737;5.057286926967778;0
EEE;2014J;423947;M;Scotland;A Level or Equivalent;1;60;N;45.0;True;False;False;0.0;1.0;0.0;0.0;103.12905375367181;3.862222107714439;0
CCC;2014B;611062;M;South West Region;A Level or Equivalent;0;60;N;25.0;True;False;False;0.0;0.0;0.0;0.0;22.849537037037038;1.9885311447811447;0
GGG;2014B;613235;M;North Western Region;A Level or Equivalent;0;30;Y;5.0;False;True;False;0.0;0.8888888888888888;0.0;0.0;140.0487480953261;2.62109071136309;0
CCC;2014B;1106724;F;East Midlands Region;Lower Than A Level;0;30;N;85.0;False;True;False;0.0;0.0;0.0;0.0;0.0;0.0;1
BBB;2014B;569864;F;London Region;Lower Than A Level;0;120;N;15.0;True;False;False;0.0;0.9090909090909091;0.0;0.0;120.19843287084667;1.8545784364749884;0
DDD;2013B;1446954;F;East Midlands Region;A Level or Equivalent;0;60;N;65.0;False;True;False;0.0;0.6153846153846154;0.0;0.0;57.48540355854309;1.9895152048640423;0
EEE;2014J;561413;F;Ireland;Lower Than A Level;0;60;N;5.0;True;False;False;0.0;1.0;0.0;0.0;106.97132892794242;3.6318851681242497;0
BBB;2013B;555414;F;North Western Region;Lower Than A Level;0;60;N;35.0;True;False;False;0.0;1.0;0.0;0.0;73.06437544059254;1.3266057687439268;0
DDD;2014J;690882;F;London Region;HE Qualification;0;60;N;35.0;True;False;False;0.0;1.0;1.0;73.0;132.02226125697487;1.6863748609491642;0
FFF;2013J;527565;M;Wales;Lower Than A Level;0;120;Y;25.0;True;False;False;0.0;0.0;0.0;0.0;0.0;0.0;1
BBB;2013J;373807;F;East Anglian Region;Lower Than A Level;1;60;N;25.0;True;False;False;0.0;0.36363636363636365;0.0;0.0;24.56881124271948;2.520056539074064;0
DDD;2014J;1684787;M;South West Region;HE Qualification;1;90;N;45.0;False;True;False;0.0;0.8333333333333334;1.0;53.0;219.77698543405066;1.8119034548382373;0
BBB;2014B;612841;F;Wales;A Level or Equivalent;0;60;N;95.0;True;False;False;0.0;1.0;0.0;0.0;113.241341991342;2.5616883116883113;0
DDD;2013J;575855;M;London Region;HE Qualification;0;180;N;85.0;True;False;False;0.0;0.0;0.0;0.0;0.0;0.0;1
DDD;2013B;157298;M;South East Region;Lower Than A Level;0;60;N;25.0;False;True;False;0.0;0.7692307692307693;1.0;53.0;89.62509434566547;1.77356549122965;0
GGG;2014J;623178;F;South East Region;A Level or Equivalent;0;30;N;75.0;True;False;False;0.0;0.7777777777777778;0.0;0.0;94.42323457792207;2.7131966991341994;0
BBB;2013B;548090;F;West Midlands Region;A Level or Equivalent;0;60;N;5.0;True;False;False;0.0;0.9090909090909091;0.0;0.0;101.70740835545608;1.6187636488921502;0
FFF;2013J;586620;M;South West Region;A Level or Equivalent;0;60;N;55.0;True;False;False;0.0;0.0;0.0;0.0;0.0;0.0;1
BBB;2014B;2681783;F;South East Region;Lower Than A Level;0;250;N;15.0;True;False;False;0.0;0.45454545454545453;0.0;0.0;116.48338912800892;1.6010242308305438;0
FFF;2013J;272623;M;Yorkshire Region;A Level or Equivalent;0;120;N;5.0;True;False;False;0.0;0.0;0.0;0.0;0.0;0.0;1
BBB;2013B;338861;F;South West Region;A Level or Equivalent;0;60;N;15.0;True;False;False;0.0;0.36363636363636365;0.0;0.0;28.441071428571426;1.6279761904761905;0
DDD;2013B;532067;F;North Western Region;A Level or Equivalent;0;120;N;5.0;True;False;False;0.0;0.0;0.0;0.0;0.0;0.0;1
DDD;2013J;584305;M;Scotland;A Level or Equivalent;0;150;N;45.0;True;False;False;0.0;0.0;0.0;0.0;0.0;0.0;1
BBB;2014B;578282;F;North Region;Lower Than A Level;0;120;N;35.0;True;False;False;0.0;0.45454545454545453;0.0;0.0;12.62699013949014;2.409077959077959;0
DDD;2013B;24213;F;East Anglian Region;A Level or Equivalent;0;90;N;45.0;True;False;False;0.0;0.0;0.0;0.0;0.0;0.0;1
FFF;2013J;599857;M;Scotland;Lower Than A Level;0;90;N;25.0;False;True;False;0.0;1.0;0.0;0.0;75.54183286367086;3.8249975123371254;0
DDD;2014J;650420;M;Scotland;Lower Than A Level;0;120;N;75.0;True;False;False;0.0;1.0;1.0;47.0;127.7077580539119;1.5220277229892614;0
DDD;2014J;630328;F;West Midlands Region;A Level or Equivalent;0;60;N;25.0;True;False;False;0.0;0.8333333333333334;1.0;56.0;99.71735178401845;3.2246235246235244;0
EEE;2014J;532579;M;North Western Region;A Level or Equivalent;0;30;N;25.0;True;False;False;0.0;1.0;0.0;0.0;108.59567266158405;3.5581775854576407;0
BBB;2014B;618362;F;South Region;A Level or Equivalent;0;60;N;15.0;True;False;False;0.0;0.0;0.0;0.0;0.0;0.0;1
BBB;2013J;516926;M;North Western Region;Lower Than A Level;0;60;Y;15.0;True;False;False;0.0;0.6363636363636364;0.0;0.0;44.347619047619055;1.7419701213818861;0
FFF;2013B;398118;F;South West Region;Lower Than A Level;0;60;N;35.0;True;False;False;0.0;0.8333333333333334;0.0;0.0;118.29300895947183;3.5328125288584906;0
FFF;2013J;394218;M;North Region;A Level or Equivalent;1;60;N;15.0;False;True;False;0.0;0.8333333333333334;0.0;0.0;96.74050817279176;3.5068778541742427;0
BBB;2014B;231959;F;North Region;Lower Than A Level;2;180;N;25.0;False;True;False;0.0;0.5454545454545454;0.0;0.0;135.57241379310344;1.8080049261083744;0
DDD;2014J;693058;M;Scotland;A Level or Equivalent;0;120;N;95.0;True;False;False;0.0;1.0;1.0;100.0;117.94679562097365;1.3028673673406947;0
CCC;2014B;537654;M;North Region;A Level or Equivalent;0;30;Y;45.0;True;False;False;0.0;0.0;0.0;0.0;0.0;0.0;1
CCC;2014B;84299;M;London Region;A Level or Equivalent;0;120;N;25.0;True;False;False;0.0;0.0;0.0;0.0;0.0;0.0;1
GGG;2014B;613720;F;London Region;Lower Than A Level;0;90;N;25.0;True;False;False;0.0;1.0;0.0;0.0;139.06588626792708;3.0047390817798982;0
CCC;2014B;484305;M;East Anglian Region;Lower Than A Level;0;150;N;15.0;True;False;False;0.0;0.0;0.0;0.0;0.0;0.0;1
EEE;2013J;605111;M;South East Region;Lower Than A Level;0;60;N;55.0;True;False;False;0.0;1.0;0.0;0.0;77.40157904627749;5.454176046864712;0
DDD;2014J;575272;F;North Western Region;A Level or Equivalent;0;70;Y;35.0;True;False;False;0.0;0.0;0.0;0.0;0.0;0.0;1
CCC;2014J;344740;M;London Region;Lower Than A Level;0;90;N;65.0;False;True;False;0.0;0.0;0.0;0.0;0.0;0.0;1
BBB;2014B;551953;F;South West Region;HE Qualification;0;60;N;65.0;False;True;False;0.0;0.5454545454545454;0.0;0.0;52.992261904761904;1.6366071428571427;0
BBB;2014J;119444;F;East Midlands Region;Lower Than A Level;0;120;N;25.0;True;False;False;0.0;0.0;0.0;0.0;0.0;0.0;1
BBB;2014B;551515;F;Scotland;Lower Than A Level;1;180;N;15.0;True;False;False;0.0;1.0;0.0;0.0;136.54693381487024;1.9454279941258121;0
EEE;2014J;695760;M;East Midlands Region;A Level or Equivalent;0;120;N;5.0;True;False;False;0.0;0.0;0.0;0.0;0.0;0.0;1
GGG;2013J;597597;M;South Region;A Level or Equivalent;0;30;N;95.0;True;False;False;0.0;1.0;0.0;0.0;140.57576219196864;3.984835322114634;0
EEE;2014J;682217;M;East Midlands Region;Lower Than A Level;0;60;N;55.0;True;False;False;0.0;0.0;0.0;0.0;0.0;0.0;1
CCC;2014J;574508;M;North Western Region;HE Qualification;0;60;N;75.0;False;True;False;0.0;0.0;0.0;0.0;0.0;0.0;1
CCC;2014J;421111;M;East Midlands Region;Lower Than A Level;0;30;N;45.0;True;False;False;0.0;0.5929054054054054;0.5845845845845846;39.888888888888886;43.02553910818713;2.7351973684210527;0
GGG;2014B;2689480;F;North Region;A Level or Equivalent;0;30;N;45.0;False;True;False;0.0;1.0;0.0;0.0;118.02751988100832;1.9590937745421835;0
FFF;2013B;534784;M;North Western Region;Lower Than A Level;0;60;N;35.0;True;False;False;0.0;1.0;0.0;0.0;93.78738132080163;4.052256752138156;0
BBB;2013J;593266;F;South Region;Lower Than A Level;0;60;N;95.0;True;False;False;0.0;0.0;0.0;0.0;0.0;0.0;1
FFF;2013B;553017;M;Yorkshire Region;Lower Than A Level;0;60;N;25.0;False;True;False;0.0;1.0;0.0;0.0;114.08326306586348;3.95956446034401;0
FFF;2013J;586957;M;Wales;A Level or Equivalent;0;120;Y;35.0;True;False;False;0.0;1.0;0.0;0.0;127.24864596721524;4.029040968503813;0
CCC;2014B;578541;F;East Midlands Region;A Level or Equivalent;0;60;N;75.0;True;False;False;0.0;0.0;0.0;0.0;0.0;0.0;1
AAA;2013J;298696;F;South East Region;HE Qualification;0;60;N;85.0;True;False;False;0.0;1.0;0.0;0.0;96.91926050699561;2.8342591838673346;0
GGG;2014J;684146;F;London Region;Lower Than A Level;0;30;N;15.0;True;False;False;0.0;1.0;0.0;0.0;128.75705479341713;2.1520912983355722;0
GGG;2013J;548388;F;West Midlands Region;A Level or Equivalent;0;30;N;85.0;True;False;False;0.0;1.0;0.0;0.0;92.86371252204584;1.6761463844797178;0
EEE;2013J;601175;M;South West Region;A Level or Equivalent;0;60;N;75.0;True;False;False;0.0;1.0;0.0;0.0;97.58135619046519;3.285852462087283;0
BBB;2013B;532742;F;North Western Region;Lower Than A Level;0;60;N;15.0;False;True;False;0.0;0.0;0.0;0.0;0.0;0.0;1
BBB;2014B;625173;F;London Region;Lower Than A Level;0;60;N;15.0;True;False;False;0.0;0.0;0.0;0.0;0.0;0.0;1
DDD;2014J;592899;M;South Region;Lower Than A Level;0;60;N;45.0;False;True;False;0.0;0.8333333333333334;1.0;56.0;111.96543880837359;1.7219202898550725;0
EEE;2014B;497580;M;East Anglian Region;A Level or Equivalent;0;30;N;65.0;True;False;False;0.0;1.0;0.0;0.0;95.08933272221962;4.316323163177417;0
GGG;2014B;615085;F;North Western Region;Lower Than A Level;0;30;N;95.0;True;False;False;0.0;0.1111111111111111;0.0;0.0;40.66813186813187;2.1307692307692307;0
EEE;2014J;689288;M;East Midlands Region;Lower Than A Level;0;60;N;15.0;True;False;False;0.0;1.0;0.0;0.0;98.88355093773367;3.9489267433939568;0
BBB;2013B;2366070;F;South East Region;HE Qualification;0;240;N;35.0;True;False;False;0.0;0.0;0.0;0.0;0.0;0.0;1
DDD;2014J;554746;M;South East Region;A Level or Equivalent;0;60;N;15.0;True;False;False;0.0;1.0;1.0;40.0;58.46052559912854;1.751589246809835;0
DDD;2014J;623641;F;London Region;A Level or Equivalent;0;60;N;5.0;False;True;False;0.0;0.8333333333333334;1.0;67.0;99.71632945757945;1.6550592925592926;0
BBB;2013J;535379;F;East Anglian Region;A Level or Equivalent;0;60;N;65.0;True;False;False;0.0;0.8181818181818182;0.0;0.0;80.7141615479738;2.241559351497091;0
BBB;2013J;528642;F;Wales;Lower Than A Level;0;390;N;45.0;True;False;False;0.0;0.0;0.0;0.0;0.0;0.0;1
EEE;2014B;625740;M;North Western Region;HE Qualification;0;60;N;35.0;True;False;False;0.0;0.75;0.0;0.0;104.1138300263064;2.8332692931936787;0
BBB;2014J;276925;F;Wales;A Level or Equivalent;1;60;N;75.0;False;True;False;0.0;0.8;0.0;0.0;116.92177100155158;5.2652152401760555;0
BBB;2013J;607892;F;North Region;A Level or Equivalent;0;60;N;47.115494568324756;False;True;False;0.0;1.0;0.0;0.0;95.95401480255262;1.6734457926504962;0
CCC;2014J;69494;F;Yorkshire Region;No Formal quals;1;150;N;25.0;True;False;False;0.0;0.0;0.0;0.0;0.0;0.0;1
DDD;2014J;689190;F;South East Region;A Level or Equivalent;0;90;N;15.0;True;False;False;0.0;1.0;1.0;69.0;128.67521801677412;1.6701465275394305;0
FFF;2013J;572588;M;South East Region;A Level or Equivalent;0;60;N;55.0;True;False;False;0.0;1.0;0.0;0.0;137.90811633344646;3.6776780359163315;0
DDD;2014B;632463;F;East Anglian Region;Lower Than A Level;0;60;N;75.0;True;False;False;0.0;0.3333333333333333;0.0;0.0;40.53512615258305;2.4489808323860047;0
EEE;2014J;355049;M;London Region;A Level or Equivalent;0;60;N;55.0;True;False;False;0.0;1.0;0.0;0.0;101.83600019216948;3.8873007052369073;0
CCC;2014B;2517778;F;North Western Region;Lower Than A Level;0;150;N;25.0;True;False;False;0.0;0.0;0.0;0.0;0.0;0.0;1
DDD;2013J;574330;F;Yorkshire Region;A Level or Equivalent;0;60;N;65.0;True;False;False;0.0;0.0;0.0;0.0;0.0;0.0;1
FFF;2014J;2459292;M;South West Region;Lower Than A Level;0;120;N;15.0;True;False;False;0.0;0.8333333333333334;0.0;0.0;103.63981218961014;4.448206470994195;0
FFF;2013J;598555;F;London Region;Lower Than A Level;0;120;N;15.0;True;False;False;0.0;1.0;0.0;0.0;108.12701968302343;2.936087094279413;0
BBB;2013B;1923618;F;South East Region;HE Qualification;0;60;N;55.0;False;True;False;0.0;1.0;0.0;0.0;102.17555812898128;1.641815551648215;0
DDD;2014J;492496;M;Yorkshire Region;Lower Than A Level;0;60;N;95.0;True;False;False;0.0;1.0;1.0;93.0;115.57159007076524;1.4246535679331889;0
GGG;2014B;631201;F;South Region;A Level or Equivalent;0;30;N;95.0;False;True;False;0.0;1.0;0.0;0.0;130.63546421987598;2.70294536618066;0
BBB;2014J;682627;F;Wales;HE Qualification;0;60;N;35.0;True;False;False;0.0;0.8;0.0;0.0;106.02581230661137;3.2902960803760637;0
BBB;2013B;2522093;F;Scotland;HE Qualification;0;120;N;75.0;True;False;False;0.0;0.8181818181818182;0.0;0.0;112.84082599565933;1.851064919146313;0
DDD;2013J;2382048;F;East Midlands Region;HE Qualification;0;90;N;65.0;False;True;False;0.0;0.8333333333333334;1.0;96.0;79.97081456336664;1.365556904147429;0
FFF;2014J;680810;F;North Western Region;A Level or Equivalent;0;120;N;25.0;True;False;False;0.0;1.0;0.0;0.0;133.63533356391113;4.838752112290357;0
CCC;2014B;1945240;M;East Midlands Region;Lower Than A Level;0;90;N;55.0;False;True;False;0.0;0.0;0.0;0.0;0.0;0.0;1
DDD;2014J;493207;F;West Midlands Region;Lower Than A Level;1;60;N;65.0;True;False;False;0.0;0.6666666666666666;1.0;40.0;106.19815048328581;1.5654326529042821;0
BBB;2014J;177554;F;South Region;A Level or Equivalent;0;60;N;45.0;True;False;False;0.0;0.6;0.0;0.0;6.7839358497253235;2.14164673046252;0
EEE;2013J;580970;M;West Midlands Region;A Level or Equivalent;0;60;N;25.0;True;False;False;0.0;1.0;0.0;0.0;94.16137362637363;3.401646927146927;0
DDD;2013B;414587;F;South West Region;HE Qualification;1;60;N;95.0;True;False;False;0.0;0.6923076923076923;1.0;82.0;130.02968256472784;1.407394477143646;0
BBB;2014J;2682693;M;North Region;Lower Than A Level;0;120;N;85.0;True;False;False;0.0;0.0;0.0;0.0;12.330645161290322;2.115591397849462;0
FFF;2013B;487636;M;North Western Region;A Level or Equivalent;0;90;N;25.0;True;False;False;0.0;1.0;0.0;0.0;82.55821341743872;4.210256112627346;0
FFF;2014J;695574;F;Yorkshire Region;Lower Than A Level;0;120;Y;5.0;True;False;False;0.0;0.0;0.0;0.0;0.0;0.0;1
DDD;2014J;689574;F;London Region;A Level or Equivalent;0;120;N;55.0;True;False;False;0.0;1.0;1.0;73.0;112.34284960931905;1.6310704786331747;0
BBB;2014B;586435;F;London Region;Lower Than A Level;0;120;N;5.0;True;False;False;0.0;0.0;0.0;0.0;0.0;0.0;1
FFF;2013B;549517;M;Wales;HE Qualification;0;60;N;65.0;True;False;False;0.0;1.0;0.0;0.0;93.44760544635994;3.851047213735428;0
DDD;2013B;489291;F;North Western Region;Lower Than A Level;1;120;N;55.0;False;True;False;0.0;0.3076923076923077;0.0;0.0;28.0688836731277;1.6110852016814028;0
CCC;2014B;634167;M;Wales;A Level or Equivalent;0;60;N;75.0;True;False;False;0.0;0.5;1.0;94.0;91.72243325748285;2.8103749921227945;0
CCC;2014B;602133;M;South West Region;A Level or Equivalent;0;60;N;65.0;True;False;False;0.0;0.625;1.0;86.0;109.62063995005562;2.7685821988993387;0
BBB;2014J;692827;F;South East Region;HE Qualification;0;60;N;85.0;False;True;False;0.0;0.8;0.0;0.0;88.78755304101838;3.186768273100602;0
BBB;2013J;585406;F;Scotland;Lower Than A Level;0;60;N;45.0;False;True;False;0.0;0.8181818181818182;0.0;0.0;116.37442396313364;2.7872503840245773;0
CCC;2014B;630005;M;Scotland;Lower Than A Level;0;60;N;45.0;False;True;False;0.0;0.0;0.0;0.0;0.0;0.0;1
CCC;2014B;609045;M;Wales;HE Qualification;0;60;N;15.0;True;False;False;0.0;0.75;1.0;72.0;113.60811939213866;1.5619222308283887;0
EEE;2014J;402295;M;East Midlands Region;Lower Than A Level;0;60;N;55.0;True;False;False;0.0;0.75;0.0;0.0;75.42523393237678;4.010272613844043;0
FFF;2014J;656988;M;Wales;Lower Than A Level;0;60;N;55.0;True;False;False;0.0;0.5;0.0;0.0;49.24143691563449;3.1649084397709197;0
DDD;2013J;597504;F;East Midlands Region;A Level or Equivalent;0;90;N;55.0;True;False;False;0.0;0.0;0.0;0.0;0.0;0.0;1
DDD;2014J;686854;M;North Region;A Level or Equivalent;0;60;N;55.0;True;False;False;0.0;1.0;1.0;69.0;58.768287810095956;1.4026775219686933;0
FFF;2014J;577950;M;South East Region;Lower Than A Level;0;90;N;15.0;True;False;False;0.0;0.0;0.0;0.0;0.0;0.0;1
CCC;2014J;599176;M;Wales;HE Qualification;0;60;N;95.0;True;False;False;0.0;1.0;1.0;88.0;116.17020642590205;2.5425123182639386;0
FFF;2013B;333832;M;North Western Region;Lower Than A Level;1;150;N;85.0;False;True;False;0.0;0.9166666666666666;0.0;0.0;53.93196341016197;4.432239007934567;0
CCC;2014J;607429;F;South East Region;A Level or Equivalent;0;30;Y;65.0;False;True;False;0.0;0.375;1.0;44.0;129.97996701015643;3.6776058269701237;0
GGG;2014B;620561;F;East Anglian Region;Lower Than A Level;0;30;N;35.0;True;False;False;0.0;0.8888888888888888;0.0;0.0;115.21333992094863;2.804703086768304;0
FFF;2014J;1449171;M;Scotland;HE Qualification;0;60;N;47.115494568324756;False;True;False;0.0;0.0;0.0;0.0;0.0;0.0;1
BBB;2014B;108799;F;Scotland;Post Graduate Qualification;0;75;N;95.0;False;True;False;0.0;1.0;0.0;0.0;84.10790655884996;1.894564240790656;0
GGG;2013J;552750;F;London Region;A Level or Equivalent;0;60;N;35.0;True;False;False;0.0;0.7777777777777778;0.0;0.0;92.89262588481338;4.0965351512226515;0
FFF;2013B;554940;M;North Western Region;A Level or Equivalent;0;60;N;35.0;True;False;False;0.0;1.0;0.0;0.0;76.37856425545105;3.702006457902684;0
BBB;2013J;581530;F;Scotland;A Level or Equivalent;0;60;N;25.0;True;False;False;0.0;0.7272727272727273;0.0;0.0;28.692592592592593;1.6222222222222222;0
CCC;2014B;575824;F;Wales;A Level or Equivalent;0;90;N;85.0;True;False;False;0.0;1.0;1.0;88.0;94.28245542059527;3.3480038891183934;0
GGG;2014B;631935;F;London Region;Lower Than A Level;0;30;N;35.0;True;False;False;0.0;1.0;0.0;0.0;124.94152808549093;2.432861943697857;0
CCC;2014B;2110039;M;London Region;Lower Than A Level;0;90;Y;35.0;False;True;False;0.0;0.0;0.0;0.0;0.0;0.0;1
BBB;2014B;331494;F;West Midlands Region;Lower Than A Level;1;120;N;35.0;True;False;False;0.0;0.0;0.0;0.0;0.0;0.0;1
FFF;2013J;566863;M;Ireland;A Level or Equivalent;0;120;N;95.0;True;False;False;0.0;0.9166666666666666;0.0;0.0;83.32035142530425;3.330109382232024;0
BBB;2013J;197412;F;North Western Region;A Level or Equivalent;0;60;N;15.0;True;False;False;0.0;0.8181818181818182;0.0;0.0;132.50135091312512;2.202062638675542;0
FFF;2014B;2583997;M;West Midlands Region;Lower Than A Level;0;90;N;25.0;True;False;False;0.0;0.08333333333333333;0.0;0.0;13.444444444444445;1.5833333333333333;0
EEE;2013J;576301;M;North Region;HE Qualification;0;60;N;15.0;True;False;False;0.0;0.0;0.0;0.0;0.0;0.0;1
FFF;2013J;1929219;M;South Region;HE Qualification;0;60;N;95.0;False;True;False;0.0;0.0;0.0;0.0;0.0;0.0;1
BBB;2013J;583179;F;London Region;Lower Than A Level;0;60;N;5.0;True;False;False;0.0;0.0;0.0;0.0;0.0;0.0;1
BBB;2013J;439182;F;East Anglian Region;A Level or Equivalent;0;60;N;55.0;True;False;False;0.0;1.0;0.0;0.0;137.04127896521234;1.566352967152814;0
FFF;2014B;589469;M;South Region;A Level or Equivalent;1;120;N;95.0;True;False;False;0.0;0.0;0.0;0.0;0.0;0.0;1
EEE;2013J;594864;M;Yorkshire Region;Lower Than A Level;0;30;N;75.0;True;False;False;0.0;0.75;0.0;0.0;63.23432461917204;4.422839012424679;0
DDD;2014J;648833;M;North Western Region;Lower Than A Level;0;210;N;45.0;True;False;False;0.0;0.0;0.0;0.0;0.0;0.0;1
FFF;2013J;610637;F;North Western Region;A Level or Equivalent;0;60;N;15.0;True;False;False;0.0;0.8333333333333334;0.0;0.0;124.6231493484007;3.2913451745903877;0
EEE;2014B;620977;M;South West Region;A Level or Equivalent;0;60;N;85.0;True;False;False;0.0;0.0;0.0;0.0;0.0;0.0;1
BBB;2013B;2483568;F;South East Region;A Level or Equivalent;0;120;N;55.0;False;True;False;0.0;0.9090909090909091;0.0;0.0;90.16237634450533;1.589480677404362;0
GGG;2013J;604930;M;East Anglian Region;A Level or Equivalent;0;30;N;45.0;True;False;False;0.0;1.0;0.0;0.0;128.20202675676813;2.473244810744811;0
BBB;2014J;601285;F;North Western Region;A Level or Equivalent;0;60;Y;5.0;True;False;False;0.0;0.0;0.0;0.0;0.0;0.0;1
BBB;2014J;692525;M;Wales;A Level or Equivalent;0;60;N;75.0;True;False;False;0.0;1.0;0.0;0.0;77.51926348564366;1.6743881104851783;0
BBB;2013J;613171;F;Scotland;Lower Than A Level;0;60;N;35.0;False;True;False;0.0;1.0;0.0;0.0;141.40713879805955;1.7796856057611217;0
BBB;2013J;555614;F;East Midlands Region;Lower Than A Level;1;60;N;95.0;False;True;False;0.0;1.0;0.0;0.0;87.83233360725733;1.672606887423821;0
EEE;2014J;578469;M;North Western Region;A Level or Equivalent;0;60;N;15.0;True;False;False;0.0;1.0;0.0;0.0;118.73309209507268;2.897435723250487;0
FFF;2013B;2496748;F;East Midlands Region;A Level or Equivalent;1;120;N;65.0;False;True;False;0.0;1.0;0.0;0.0;106.06544566432697;2.6822013751788805;0
BBB;2014B;631082;F;North Western Region;A Level or Equivalent;0;60;N;15.0;True;False;False;0.0;0.0;0.0;0.0;0.0;0.0;1
DDD;2014J;590753;M;North Western Region;A Level or Equivalent;0;60;N;15.0;True;False;False;0.0;0.16666666666666666;0.0;0.0;13.308333333333334;2.075;0
BBB;2013B;542172;F;London Region;A Level or Equivalent;0;60;N;5.0;True;False;False;0.0;0.0;0.0;0.0;0.0;0.0;1
CCC;2014B;563967;M;West Midlands Region;A Level or Equivalent;0;60;N;45.0;True;False;False;0.0;0.0;0.0;0.0;0.0;0.0;1
BBB;2014B;485262;F;North Region;Lower Than A Level;0;60;N;35.0;False;True;False;0.0;1.0;0.0;0.0;93.82644142451106;2.8342920757189396;0
BBB;2014J;675728;F;East Midlands Region;Lower Than A Level;0;60;N;45.0;True;False;False;0.0;0.8;0.0;0.0;51.161262626262626;1.2546969696969696;0
FFF;2014B;621690;M;South West Region;A Level or Equivalent;0;60;N;95.0;True;False;False;0.0;0.16666666666666666;0.0;0.0;27.939506172839508;2.928581871345029;0
CCC;2014J;551772;M;East Anglian Region;HE Qualification;0;30;N;95.0;True;False;False;0.0;0.75;1.0;30.0;83.92187723387724;2.515969696969697;0
DDD;2013J;141301;M;West Midlands Region;Lower Than A Level;2;150;N;15.0;True;False;False;0.0;0.0;0.0;0.0;0.0;0.0;1
BBB;2013B;422752;F;North Western Region;Lower Than A Level;0;60;Y;35.0;True;False;False;0.0;0.0;0.0;0.0;0.0;0.0;1
BBB;2014B;1730702;F;North Western Region;Lower Than A Level;2;120;N;75.0;False;True;False;0.0;0.36363636363636365;0.0;0.0;97.32142857142857;2.726190476190476;0
FFF;2013J;2290267;M;North Region;Lower Than A Level;1;120;N;45.0;True;False;False;0.0;1.0;0.0;0.0;97.13146875191678;3.3705643095902187;0
DDD;2014J;586444;F;Wales;A Level or Equivalent;0;60;N;35.0;True;False;False;0.0;0.0;0.0;0.0;0.0;0.0;1
BBB;2013J;597109;F;North Region;A Level or Equivalent;0;120;N;47.115494568324756;True;False;False;0.0;0.0;0.0;0.0;0.0;0.0;1
BBB;2013B;306984;M;North Region;Lower Than A Level;3;60;N;25.0;False;True;False;0.0;0.0;0.0;0.0;0.0;0.0;1
EEE;2014J;686476;F;London Region;Lower Than A Level;0;60;N;15.0;False;True;False;0.0;0.75;0.0;0.0;70.16525615040679;3.7665811352683667;0
CCC;2014J;686645;M;South East Region;A Level or Equivalent;0;120;N;15.0;True;False;False;0.0;0.5;1.0;92.0;106.76830049579183;3.630185784875627;0
CCC;2014J;577460;M;North Region;HE Qualification;0;60;N;55.0;True;False;False;0.0;0.0;0.0;0.0;0.0;0.0;1
BBB;2014B;628762;F;South Region;HE Qualification;0;60;N;75.0;False;True;False;0.0;0.0;0.0;0.0;0.0;0.0;1
BBB;2014J;574512;F;West Midlands Region;A Level or Equivalent;0;60;N;35.0;False;True;False;0.0;0.8;0.0;0.0;99.48733333333334;2.2986666666666666;0
CCC;2014B;629628;M;Yorkshire Region;Lower Than A Level;0;60;N;55.0;True;False;False;0.0;0.0;0.0;0.0;0.0;0.0;1
DDD;2013B;506056;M;North Western Region;Lower Than A Level;0;120;N;5.0;True;False;False;0.0;0.46153846153846156;0.0;0.0;50.705942924389525;1.4061415122094734;0
GGG;2014B;627827;F;London Region;Lower Than A Level;0;30;N;35.0;False;True;False;0.0;1.0;0.0;0.0;120.74848303870043;3.4462235228539573;0
DDD;2013B;434977;F;East Anglian Region;A Level or Equivalent;1;60;N;65.0;True;False;False;0.0;0.7692307692307693;1.0;64.0;69.65639304966506;1.5123642155770944;0
GGG;2014B;254417;M;London Region;Lower Than A Level;0;30;N;95.0;False;True;False;0.0;0.2222222222222222;0.0;0.0;30.594545454545454;2.7414285714285715;0
FFF;2013J;588128;M;East Anglian Region;A Level or Equivalent;0;120;N;15.0;True;False;False;0.0;0.16666666666666666;0.0;0.0;77.31767229683895;2.205298919187808;0
CCC;2014J;684669;M;North Region;HE Qualification;0;90;N;47.115494568324756;True;False;False;0.0;1.0;1.0;86.0;108.65046930307524;2.625083959096927;0
DDD;2013B;543202;F;Yorkshire Region;HE Qualification;0;60;N;5.0;False;True;False;0.0;1.0;1.0;71.0;90.46323897288836;1.6905146714543562;0
DDD;2014J;635255;M;East Midlands Region;A Level or Equivalent;0;60;Y;75.0;True;False;False;0.0;1.0;1.0;91.0;91.56026978525685;1.3263126359425894;0
DDD;2013B;489313;M;South West Region;HE Qualification;0;60;N;25.0;True;False;False;0.0;0.0;0.0;0.0;0.0;0.0;1
DDD;2014J;680973;M;East Midlands Region;A Level or Equivalent;0;60;N;75.0;True;False;False;0.0;0.8333333333333334;0.0;0.0;49.52552083333333;2.0911458333333335;0
BBB;2013B;555157;M;East Anglian Region;A Level or Equivalent;0;60;N;85.0;True;False;False;0.0;0.36363636363636365;0.0;0.0;18.584656084656086;1.8915343915343916;0
GGG;2014J;647761;F;South East Region;A Level or Equivalent;0;30;N;45.0;False;True;False;0.0;1.0;0.0;0.0;113.64650406178183;3.023146812035701;0
DDD;2013B;66579;M;South Region;Lower Than A Level;0;60;N;45.0;False;True;False;0.0;0.3076923076923077;0.0;0.0;48.12847961975713;1.6988514865144515;0
DDD;2014J;616862;F;North Western Region;A Level or Equivalent;1;60;Y;35.0;True;False;False;0.0;0.0;0.0;0.0;0.0;0.0;1
EEE;2014J;641629;M;South West Region;A Level or Equivalent;0;60;N;95.0;True;False;False;0.0;0.8505347593582888;0.0;0.0;4.283333333333333;4.166666666666667;0
BBB;2014B;2482994;F;South Region;Lower Than A Level;0;60;N;95.0;True;False;False;0.0;0.0;0.0;0.0;0.0;0.0;1
DDD;2013B;496564;F;South East Region;A Level or Equivalent;0;120;N;45.0;True;False;False;0.0;1.0;1.0;76.0;100.61258619845233;1.5488560747053253;0
DDD;2014B;609573;M;East Anglian Region;A Level or Equivalent;1;180;N;65.0;True;False;False;0.0;1.0;1.0;93.0;92.76568306986523;1.442366055818586;0
FFF;2013B;2590999;M;South Region;A Level or Equivalent;0;90;N;95.0;False;True;False;0.0;1.0;0.0;0.0;65.63238999619209;2.810254830046497;0
BBB;2013J;609850;F;Scotland;Lower Than A Level;0;60;N;25.0;False;True;False;0.0;0.09090909090909091;0.0;0.0;22.889204545454543;2.215909090909091;0
CCC;2014B;478977;F;North Western Region;HE Qualification;0;60;N;5.0;True;False;False;0.0;0.0;0.0;0.0;0.0;0.0;1
EEE;2014J;655680;M;Yorkshire Region;A Level or Equivalent;0;60;N;45.0;True;False;False;0.0;1.0;0.0;0.0;111.80244774178624;3.6118932242734747;0
EEE;2014J;642396;M;South West Region;A Level or Equivalent;0;60;N;85.0;True;False;False;0.0;0.0;0.0;0.0;0.0;0.0;1
FFF;2013J;192680;M;South West Region;Lower Than A Level;0;90;N;35.0;True;False;False;0.0;1.0;0.0;0.0;90.6992256460349;3.7991252569630833;0
GGG;2014J;646169;F;East Midlands Region;Lower Than A Level;0;30;N;85.0;False;True;False;0.0;1.0;0.0;0.0;113.75555555555555;3.328968253968254;0
CCC;2014B;633281;F;South East Region;HE Qualification;0;60;N;75.0;True;False;False;0.0;0.75;1.0;98.0;126.04049644209219;1.9384711033647204;0
DDD;2014B;2305237;M;Ireland;HE Qualification;2;150;N;85.0;True;False;False;0.0;0.0;0.0;0.0;0.0;0.0;1
EEE;2013J;591375;M;Scotland;A Level or Equivalent;0;60;N;85.0;False;True;False;0.0;1.0;0.0;0.0;101.50586685582141;2.9906408029472917;0
FFF;2013J;273442;M;North Region;A Level or Equivalent;0;60;N;47.115494568324756;True;False;False;0.0;1.0;0.0;0.0;100.78300444800969;2.853025012829281;0
FFF;2014J;2154361;M;Scotland;Lower Than A Level;0;60;N;75.0;True;False;False;0.0;1.0;0.0;0.0;130.3057087090294;4.589638147536629;0
FFF;2013B;181508;M;Ireland;HE Qualification;0;60;N;95.0;True;False;False;0.0;1.0;0.0;0.0;89.47043401330883;3.7376338012868073;0
BBB;2013J;586928;F;West Midlands Region;Lower Than A Level;0;120;N;85.0;True;False;False;0.0;0.6363636363636364;0.0;0.0;35.330309901738474;1.9097379692617789;0
EEE;2014J;635720;M;South West Region;A Level or Equivalent;0;30;N;55.0;True;False;False;0.0;1.0;0.0;0.0;101.54334798124451;3.2377672337620704;0
BBB;2013B;539265;F;East Anglian Region;Lower Than A Level;0;60;N;65.0;True;False;False;0.0;0.9090909090909091;0.0;0.0;83.57597634189995;2.0242492048809893;0
CCC;2014B;589894;M;Scotland;A Level or Equivalent;0;60;N;85.0;True;False;False;0.0;0.0;0.0;0.0;0.0;0.0;1
EEE;2014J;677776;F;East Midlands Region;A Level or Equivalent;0;60;N;65.0;True;False;False;0.0;0.0;0.0;0.0;0.0;0.0;1
BBB;2013J;358289;M;East Anglian Region;Lower Than A Level;0;180;Y;15.0;True;False;False;0.0;0.0;0.0;0.0;0.0;0.0;1
FFF;2014J;2482710;F;Wales;A Level or Equivalent;0;60;N;75.0;False;True;False;0.0;1.0;0.0;0.0;129.6432905628316;6.43768670783507;0
DDD;2014J;630775;M;East Anglian Region;Lower Than A Level;0;60;N;55.0;True;False;False;0.0;0.0;0.0;0.0;0.0;0.0;1
DDD;2014J;695956;F;Wales;HE Qualification;0;120;N;45.0;False;True;False;0.0;0.0;0.0;0.0;0.0;0.0;1
EEE;2014J;610287;M;East Anglian Region;HE Qualification;1;60;N;85.0;True;False;False;0.0;1.0;0.0;0.0;222.13095238095238;2.2654761904761904;0
DDD;2013B;325565;M;North Western Region;Lower Than A Level;2;120;N;5.0;True;False;False;0.0;0.0;0.0;0.0;23.833333333333336;2.2424242424242427;0
EEE;2014B;624384;M;Yorkshire Region;Lower Than A Level;0;30;N;55.0;True;False;False;0.0;0.0;0.0;0.0;0.0;0.0;1
FFF;2013B;379234;M;South Region;Lower Than A Level;0;60;N;75.0;True;False;False;0.0;0.16666666666666666;0.0;0.0;18.447849462365593;3.214362519201229;0
EEE;2014B;601211;M;North Region;A Level or Equivalent;0;30;N;65.0;True;False;False;0.0;1.0;0.0;0.0;100.90597057820477;5.817145335489718;0
DDD;2013J;381539;M;West Midlands Region;No Formal quals;1;120;N;5.0;True;False;False;0.0;0.0;0.0;0.0;0.0;0.0;1
FFF;2014B;634007;M;North Western Region;A Level or Equivalent;0;60;N;35.0;True;False;False;0.0;0.0;0.0;0.0;0.0;0.0;1
EEE;2014J;648090;F;South Region;A Level or Equivalent;0;60;N;25.0;True;False;False;0.0;1.0;0.0;0.0;102.40113757721709;5.597179008234635;0
DDD;2013J;502642;M;East Anglian Region;A Level or Equivalent;0;60;N;75.0;False;True;False;0.0;0.6982071713147411;0.6420982735723771;41.732403718459494;7.818181818181818;1.7651515151515154;0
DDD;2014J;471976;M;South Region;HE Qualification;0;60;N;95.0;True;False;False;0.0;0.16666666666666666;0.0;0.0;25.592570664629488;1.413980137509549;0
CCC;2014B;2187422;M;North Western Region;Lower Than A Level;0;60;N;95.0;True;False;False;0.0;1.0;1.0;84.0;126.93186158171828;2.993390199888185;0
FFF;2014J;630168;M;South East Region;A Level or Equivalent;1;60;Y;25.0;True;False;False;0.0;0.0;0.0;0.0;0.0;0.0;1
BBB;2014J;636807;F;Ireland;Lower Than A Level;0;60;N;15.0;True;False;False;0.0;0.0;0.0;0.0;0.0;0.0;1
CCC;2014J;582340;M;North Region;Lower Than A Level;0;60;N;15.0;True;False;False;0.0;0.0;0.0;0.0;0.0;0.0;1
DDD;2014J;654882;M;South Region;Lower Than A Level;0;70;N;45.0;True;False;False;0.0;0.0;0.0;0.0;0.0;0.0;1
BBB;2013J;613200;F;Ireland;Lower Than A Level;0;60;N;35.0;True;False;False;0.0;1.0;0.0;0.0;136.51931951811713;1.494875447323672;0
FFF;2014B;2585330;F;Scotland;HE Qualification;0;60;N;35.0;False;True;False;0.0;0.9166666666666666;0.0;0.0;100.9982283990179;4.510108918462141;0
DDD;2013J;535707;F;Ireland;A Level or Equivalent;1;90;N;15.0;True;False;False;0.0;0.0;0.0;0.0;0.0;0.0;1
EEE;2014J;325518;M;West Midlands Region;Lower Than A Level;0;60;N;25.0;True;False;False;0.0;0.0;0.0;0.0;0.0;0.0;1
BBB;2013J;609107;F;London Region;Lower Than A Level;0;120;N;45.0;False;True;False;0.0;0.0;0.0;0.0;0.0;0.0;1
CCC;2014J;584553;M;North Western Region;A Level or Equivalent;0;60;N;55.0;False;True;False;0.0;0.0;0.0;0.0;0.0;0.0;1
DDD;2013B;548996;M;East Midlands Region;HE Qualification;0;60;N;45.0;False;True;False;0.0;1.0;1.0;62.0;75.49803840702107;1.7651325093873382;0
BBB;2013J;536664;F;Ireland;Lower Than A Level;0;60;N;65.0;False;True;False;0.0;0.0;0.0;0.0;0.0;0.0;0
EEE;2014J;2204389;F;West Midlands Region;HE Qualification;0;30;N;95.0;False;True;False;0.0;1.0;0.0;0.0;119.3445774236114;3.8891780668201648;0
FFF;2014J;685212;M;West Midlands Region;HE Qualification;0;120;N;35.0;False;True;False;0.0;1.0;0.0;0.0;131.19044617389665;3.2262196976506727;0
DDD;2014J;649394;M;West Midlands Region;A Level or Equivalent;0;120;N;35.0;True;False;False;0.0;0.0;0.0;0.0;0.0;0.0;1
BBB;2013J;545521;M;South Region;Lower Than A Level;1;60;Y;35.0;False;True;False;0.0;0.0;0.0;0.0;0.0;0.0;1
FFF;2013J;580380;F;East Anglian Region;A Level or Equivalent;0;60;N;55.0;True;False;False;0.0;0.75;0.0;0.0;119.04116918024376;3.3105125284132324;0
GGG;2013J;166183;F;East Anglian Region;Lower Than A Level;0;30;Y;35.0;True;False;False;0.0;0.6666666666666666;0.0;0.0;137.40746753246754;2.625;0
GGG;2014B;616672;M;East Anglian Region;Lower Than A Level;0;90;N;85.0;False;False;True;0.0;1.0;0.0;0.0;96.69040168374339;1.9201269599818191;0
FFF;2014B;606407;M;Yorkshire Region;A Level or Equivalent;1;120;N;5.0;False;True;False;0.0;0.08333333333333333;0.0;0.0;65.23374548472587;2.056622716426638;0
BBB;2013J;599794;F;Scotland;A Level or Equivalent;0;60;N;55.0;False;True;False;0.0;1.0;0.0;0.0;124.79590280411954;1.9517452076147073;0
DDD;2013J;610606;M;South Region;HE Qualification;0;60;N;75.0;True;False;False;0.0;0.0;0.0;0.0;0.0;0.0;1
DDD;2013J;524575;F;Scotland;A Level or Equivalent;0;60;N;65.0;True;False;False;0.0;1.0;1.0;84.0;132.48221320231528;1.6782211104453946;0
FFF;2014J;696253;M;South West Region;Lower Than A Level;0;120;Y;55.0;True;False;False;0.0;0.0;0.0;0.0;0.0;0.0;1
GGG;2014B;612319;M;London Region;A Level or Equivalent;0;30;N;15.0;True;False;False;0.0;1.0;0.0;0.0;130.3488888888889;2.2933333333333334;0
BBB;2014B;531755;F;Scotland;HE Qualification;1;120;N;85.0;True;False;False;0.0;1.0;0.0;0.0;107.60455331705332;1.9221459096459097;0
DDD;2013B;2632491;M;Wales;A Level or Equivalent;0;60;N;55.0;True;False;False;0.0;0.23076923076923078;0.0;0.0;45.32542405183915;1.594530207737755;0
EEE;2013J;590017;M;East Anglian Region;HE Qualification;0;30;N;85.0;True;False;False;0.0;1.0;0.0;0.0;82.63378924996572;5.3798848210612915;0
BBB;2013B;470318;F;West Midlands Region;HE Qualification;0;120;N;45.0;True;False;False;0.0;1.0;0.0;0.0;119.99276577812947;1.610870363975036;0
FFF;2014J;54772;M;South Region;Lower Than A Level;0;60;N;95.0;True;False;False;0.0;0.0;0.0;0.0;0.0;0.0;1
DDD;2014J;1360878;M;North Region;HE Qualification;0;90;N;85.0;False;True;False;0.0;1.0;1.0;60.0;63.74445983379501;2.128450174018041;0
BBB;2014J;586180;F;North Western Region;A Level or Equivalent;0;60;N;35.0;True;False;False;0.0;0.8;0.0;0.0;115.92688172043012;4.423655913978495;0
EEE;2013J;608243;M;South Region;A Level or Equivalent;0;60;N;85.0;True;False;False;0.0;1.0;0.0;0.0;105.54908854166666;3.774372632575757;0
CCC;2014J;497955;F;Ireland;A Level or Equivalent;0;30;N;85.0;True;False;False;0.0;0.0;0.0;0.0;0.0;0.0;1
FFF;2014B;634480;F;South East Region;Lower Than A Level;0;60;N;85.0;False;True;False;0.0;0.0;0.0;0.0;0.0;0.0;1
BBB;2014B;1863244;F;North Western Region;A Level or Equivalent;0;120;Y;35.0;False;True;False;0.0;0.18181818181818182;0.0;0.0;30.25;1.4583333333333333;0
GGG;2013J;601360;F;North Western Region;A Level or Equivalent;0;30;N;55.0;False;True;False;0.0;1.0;0.0;0.0;131.8420217741285;1.9883949436007335;0
DDD;2013J;610393;M;North Region;A Level or Equivalent;0;90;N;47.115494568324756;True;False;False;0.0;0.6982071713147411;0.6420982735723771;41.732403718459494;0.79;янв.25;0
BBB;2014B;352953;F;Scotland;HE Qualification;2;120;N;55.0;True;False;False;0.0;0.0;0.0;0.0;0.0;0.0;1
BBB;2013B;545240;F;Scotland;A Level or Equivalent;0;60;N;25.0;True;False;False;0.0;0.0;0.0;0.0;0.0;0.0;0
DDD;2014J;545752;F;South East Region;A Level or Equivalent;0;60;N;25.0;True;False;False;0.0;1.0;1.0;27.0;102.27818590874146;1.612711979378646;0
DDD;2014J;654863;M;London Region;A Level or Equivalent;0;120;N;15.0;True;False;False;0.0;0.0;0.0;0.0;0.0;0.0;1
FFF;2013B;495776;M;South West Region;Lower Than A Level;1;180;N;15.0;True;False;False;0.0;0.0;0.0;0.0;0.0;0.0;0
FFF;2013J;580533;M;London Region;Lower Than A Level;0;120;Y;15.0;True;False;False;0.0;0.0;0.0;0.0;0.0;0.0;1
BBB;2013B;2474493;F;South East Region;A Level or Equivalent;0;120;N;55.0;True;False;False;0.0;0.7272727272727273;0.0;0.0;56.073028285931514;1.6482971031358127;0
FFF;2013J;605091;M;South East Region;No Formal quals;0;150;N;25.0;True;False;False;0.0;0.0;0.0;0.0;0.0;0.0;1
BBB;2013J;1411627;F;West Midlands Region;Lower Than A Level;1;180;Y;5.0;False;True;False;0.0;0.9090909090909091;0.0;0.0;90.70845130830904;2.344950830482898;0
BBB;2013B;535526;F;North Region;Lower Than A Level;0;120;N;5.0;True;False;False;0.0;0.0;0.0;0.0;0.0;0.0;1
BBB;2013B;2243551;F;East Anglian Region;Lower Than A Level;1;120;N;65.0;True;False;False;0.0;0.36363636363636365;0.0;0.0;118.0050505050505;2.2723063973063975;0
BBB;2014J;623376;F;South West Region;A Level or Equivalent;0;60;N;25.0;True;False;False;0.0;1.0;0.0;0.0;107.21831427722604;3.2537508700449878;0
FFF;2014B;2492787;M;North Western Region;Lower Than A Level;3;60;N;35.0;True;False;False;0.0;1.0;0.0;0.0;109.39150699406848;3.258571888597773;0
AAA;2014J;476603;M;Wales;A Level or Equivalent;0;120;N;5.0;True;False;False;0.0;1.0;0.0;0.0;104.68676757227564;2.6075707248898636;0
BBB;2013B;404022;F;South West Region;A Level or Equivalent;0;60;N;35.0;True;False;False;0.0;1.0;0.0;0.0;104.67268317095228;2.146962156768505;0
DDD;2014J;690600;M;Scotland;Lower Than A Level;0;120;N;45.0;True;False;False;0.0;0.0;0.0;0.0;0.0;0.0;1
CCC;2014J;502004;M;North Western Region;A Level or Equivalent;0;60;N;45.0;False;True;False;0.0;0.0;0.0;0.0;0.0;0.0;1
FFF;2013B;1813486;M;West Midlands Region;A Level or Equivalent;1;60;N;55.0;False;True;False;0.0;0.08333333333333333;0.0;0.0;9.789671280328934;3.2630549480672837;0
DDD;2013J;592093;M;West Midlands Region;Lower Than A Level;0;90;N;25.0;True;False;False;0.0;0.8333333333333334;1.0;78.0;81.33651623886188;1.3902155628115025;0
FFF;2014B;612549;M;South Region;A Level or Equivalent;0;120;N;75.0;True;False;False;0.0;1.0;0.0;0.0;95.39093718527525;3.6665101752243356;0
GGG;2014J;633561;F;Yorkshire Region;Lower Than A Level;1;30;N;75.0;True;False;False;0.0;1.0;0.0;0.0;156.8892113095238;2.0288318452380953;0
DDD;2013B;540686;M;North Western Region;Lower Than A Level;0;60;N;15.0;True;False;False;0.0;1.0;1.0;69.0;95.05998614244557;1.7547240433011981;0
EEE;2013J;577887;M;East Midlands Region;A Level or Equivalent;0;90;N;25.0;True;False;False;0.0;0.0;0.0;0.0;0.0;0.0;1
DDD;2014B;623932;M;Yorkshire Region;A Level or Equivalent;0;60;N;25.0;True;False;False;0.0;0.16666666666666666;0.0;0.0;-1.451231330397997;1.974894241560908;0
EEE;2014J;632626;M;South East Region;A Level or Equivalent;0;90;N;35.0;False;True;False;0.0;1.0;0.0;0.0;128.90312414555342;4.608653586834821;0
CCC;2014J;354688;F;London Region;Lower Than A Level;0;60;N;65.0;True;False;False;0.0;0.375;1.0;42.0;77.22431746031747;2.361333333333333;0
BBB;2013J;340661;M;North Western Region;A Level or Equivalent;0;120;Y;25.0;False;True;False;0.0;0.0;0.0;0.0;0.0;0.0;1
CCC;2014B;634671;M;London Region;HE Qualification;0;30;N;65.0;True;False;False;0.0;0.375;1.0;62.0;111.60272493207276;2.117501144756174;0
FFF;2014B;190418;M;East Anglian Region;A Level or Equivalent;0;120;N;45.0;True;False;False;0.0;1.0;0.0;0.0;98.41264426362478;4.514716615789416;0
CCC;2014B;2156058;M;East Anglian Region;HE Qualification;0;30;N;45.0;False;True;False;0.0;0.875;1.0;98.0;99.65829831932773;2.3283613445378153;0
DDD;2014B;2689501;F;East Midlands Region;Lower Than A Level;1;60;Y;65.0;True;False;False;0.0;0.0;0.0;0.0;0.0;0.0;1
GGG;2013J;607337;F;East Anglian Region;No Formal quals;0;30;N;45.0;True;False;False;0.0;0.3333333333333333;0.0;0.0;54.300961538461536;2.5571047008547008;0
GGG;2014J;652539;F;South Region;A Level or Equivalent;0;30;N;75.0;True;False;False;0.0;0.6666666666666666;0.0;0.0;135.4983368781756;2.366131986293277;0
EEE;2014J;646005;M;North Western Region;A Level or Equivalent;0;60;N;45.0;True;False;False;0.0;1.0;0.0;0.0;86.52718897147672;3.1107742732738397;0
CCC;2014B;281801;M;Wales;Post Graduate Qualification;0;30;N;85.0;False;True;False;0.0;1.0;1.0;96.0;141.8998948281244;3.2717914447366754;0
GGG;2013J;591464;F;North Region;Lower Than A Level;0;30;N;15.0;False;True;False;0.0;0.0;0.0;0.0;0.0;0.0;1
FFF;2014J;675474;M;Wales;Lower Than A Level;0;90;N;65.0;True;False;False;0.0;1.0;0.0;0.0;116.97423716623616;3.637217305612121;0
CCC;2014B;386671;M;North Western Region;Lower Than A Level;0;150;N;35.0;True;False;False;0.0;0.0;0.0;0.0;0.0;0.0;1
FFF;2013B;539886;M;North Western Region;Lower Than A Level;0;120;Y;25.0;True;False;False;0.0;0.25;0.0;0.0;12.765902313175042;2.496063862991763;0
BBB;2014B;506622;F;Yorkshire Region;A Level or Equivalent;0;120;N;35.0;True;False;False;0.0;1.0;0.0;0.0;107.27457092168635;2.2661734085144745;0
FFF;2014B;626419;M;East Midlands Region;A Level or Equivalent;0;60;N;85.0;True;False;False;0.0;1.0;0.0;0.0;105.2379497405086;2.741439283929263;0
DDD;2013B;522739;F;South West Region;Lower Than A Level;1;180;Y;45.0;False;True;False;0.0;0.0;0.0;0.0;0.0;0.0;1
FFF;2013B;542100;M;North Western Region;Lower Than A Level;0;60;N;25.0;True;False;False;0.0;1.0;0.0;0.0;114.25953672135694;3.9920343477668805;0
FFF;2013B;466599;M;South Region;A Level or Equivalent;0;120;N;55.0;True;False;False;0.0;0.7267809384877219;0.0;0.0;30.014005602240896;2.2443977591036415;0
DDD;2014B;501487;M;Ireland;A Level or Equivalent;0;60;N;45.0;True;False;False;0.0;1.0;1.0;91.0;85.05620427641705;1.8763566043885194;0
BBB;2013J;566339;F;East Midlands Region;A Level or Equivalent;0;60;Y;25.0;True;False;False;0.0;0.8181818181818182;0.0;0.0;94.49750566893424;1.6931972789115646;0
BBB;2014B;601238;F;East Midlands Region;Lower Than A Level;1;120;N;35.0;False;True;False;0.0;0.9090909090909091;0.0;0.0;119.94056329849013;1.7798586914440575;0
CCC;2014J;625928;F;North Region;Lower Than A Level;0;90;N;45.0;True;False;False;0.0;0.0;0.0;0.0;0.0;0.0;1
CCC;2014J;572431;M;South West Region;A Level or Equivalent;0;90;N;35.0;True;False;False;0.0;0.75;1.0;72.0;110.11406832298137;2.4487603752821143;0
FFF;2013J;2252765;F;Scotland;HE Qualification;0;60;N;95.0;False;True;False;0.0;1.0;0.0;0.0;102.57834305782183;2.642475609922536;0
DDD;2013J;575798;M;South West Region;A Level or Equivalent;0;90;N;45.0;True;False;False;0.0;0.8333333333333334;1.0;80.0;73.8187838611619;2.0615521410356417;0
CCC;2014J;687160;M;West Midlands Region;A Level or Equivalent;0;90;N;5.0;True;False;False;0.0;1.0;1.0;96.0;85.24203453298882;1.8228328653462669;0
CCC;2014J;499703;F;South West Region;A Level or Equivalent;0;120;N;55.0;True;False;False;0.0;1.0;1.0;94.0;99.69786871070946;2.9921884700579104;0
GGG;2014B;2011327;F;Yorkshire Region;A Level or Equivalent;0;30;N;85.0;False;True;False;0.0;0.0;0.0;0.0;0.0;0.0;1
DDD;2014J;684886;F;South East Region;Lower Than A Level;0;120;N;15.0;True;False;False;0.0;0.0;0.0;0.0;0.0;0.0;1
DDD;2013J;485506;F;West Midlands Region;A Level or Equivalent;0;120;N;15.0;True;False;False;0.0;0.6666666666666666;1.0;69.0;134.5488988239798;1.8373866925191213;0
DDD;2014B;1735651;M;West Midlands Region;Lower Than A Level;0;60;N;75.0;False;True;False;0.0;0.5;1.0;76.0;70.84372358900282;1.5192437737221247;0
BBB;2014B;635755;F;Wales;A Level or Equivalent;0;60;Y;5.0;True;False;False;0.0;1.0;0.0;0.0;115.02136582578282;1.8789315844145422;0
BBB;2013J;352688;F;South Region;A Level or Equivalent;0;210;N;75.0;True;False;False;0.0;0.9090909090909091;0.0;0.0;69.32302915406511;1.6996617965367966;0